2026-04-04 19:54:46 | INFO     | root | Logging initialized — level=INFO file=logs/woobot.log
2026-04-04 19:54:46 | INFO     | woobot.main | WooBot starting...
2026-04-04 19:54:46 | INFO     | woobot.main | Database ready.
2026-04-04 19:54:46 | INFO     | woobot.bale.client | BaleHttpClient session started.
2026-04-04 19:54:46 | INFO     | woobot.bale.api | BaleBot started.
2026-04-04 19:54:46 | INFO     | woobot.main | BaleBot session opened.
2026-04-04 19:54:46 | INFO     | woobot.main | Polling loop started.
2026-04-04 19:54:46 | ERROR    | woobot.main | Polling error: Expecting value: line 1 column 1 (char 0)
Traceback (most recent call last):
  File "/home/kiya/Woo_Bot/src/main.py", line 43, in polling_loop
    response = await bot.get_updates(offset=offset, timeout=POLL_TIMEOUT)
               ^^^^^^^^^^^^^^^^^^^^^^^^^^^^^^^^^^^^^^^^^^^^^^^^^^^^^^^^^^
  File "/home/kiya/Woo_Bot/src/bale/api.py", line 117, in get_updates
    return await self._client.get("getUpdates", params=params)
           ^^^^^^^^^^^^^^^^^^^^^^^^^^^^^^^^^^^^^^^^^^^^^^^^^^^
  File "/home/kiya/Woo_Bot/src/bale/client.py", line 164, in get
    data = await resp.json(content_type=None)
           ^^^^^^^^^^^^^^^^^^^^^^^^^^^^^^^^^^
  File "/home/kiya/Woo_Bot/venv/lib/python3.12/site-packages/aiohttp/client_reqrep.py", line 773, in json
    return loads(stripped.decode(encoding))
           ^^^^^^^^^^^^^^^^^^^^^^^^^^^^^^^^
  File "/usr/lib/python3.12/json/__init__.py", line 346, in loads
    return _default_decoder.decode(s)
           ^^^^^^^^^^^^^^^^^^^^^^^^^^
  File "/usr/lib/python3.12/json/decoder.py", line 337, in decode
    obj, end = self.raw_decode(s, idx=_w(s, 0).end())
               ^^^^^^^^^^^^^^^^^^^^^^^^^^^^^^^^^^^^^^
  File "/usr/lib/python3.12/json/decoder.py", line 355, in raw_decode
    raise JSONDecodeError("Expecting value", s, err.value) from None
json.decoder.JSONDecodeError: Expecting value: line 1 column 1 (char 0)
2026-04-04 19:54:49 | ERROR    | woobot.main | Polling error: Expecting value: line 1 column 1 (char 0)
Traceback (most recent call last):
  File "/home/kiya/Woo_Bot/src/main.py", line 43, in polling_loop
    response = await bot.get_updates(offset=offset, timeout=POLL_TIMEOUT)
               ^^^^^^^^^^^^^^^^^^^^^^^^^^^^^^^^^^^^^^^^^^^^^^^^^^^^^^^^^^
  File "/home/kiya/Woo_Bot/src/bale/api.py", line 117, in get_updates
    return await self._client.get("getUpdates", params=params)
           ^^^^^^^^^^^^^^^^^^^^^^^^^^^^^^^^^^^^^^^^^^^^^^^^^^^
  File "/home/kiya/Woo_Bot/src/bale/client.py", line 164, in get
    data = await resp.json(content_type=None)
           ^^^^^^^^^^^^^^^^^^^^^^^^^^^^^^^^^^
  File "/home/kiya/Woo_Bot/venv/lib/python3.12/site-packages/aiohttp/client_reqrep.py", line 773, in json
    return loads(stripped.decode(encoding))
           ^^^^^^^^^^^^^^^^^^^^^^^^^^^^^^^^
  File "/usr/lib/python3.12/json/__init__.py", line 346, in loads
    return _default_decoder.decode(s)
           ^^^^^^^^^^^^^^^^^^^^^^^^^^
  File "/usr/lib/python3.12/json/decoder.py", line 337, in decode
    obj, end = self.raw_decode(s, idx=_w(s, 0).end())
               ^^^^^^^^^^^^^^^^^^^^^^^^^^^^^^^^^^^^^^
  File "/usr/lib/python3.12/json/decoder.py", line 355, in raw_decode
    raise JSONDecodeError("Expecting value", s, err.value) from None
json.decoder.JSONDecodeError: Expecting value: line 1 column 1 (char 0)
2026-04-04 19:54:52 | ERROR    | woobot.main | Polling error: Expecting value: line 1 column 1 (char 0)
Traceback (most recent call last):
  File "/home/kiya/Woo_Bot/src/main.py", line 43, in polling_loop
    response = await bot.get_updates(offset=offset, timeout=POLL_TIMEOUT)
               ^^^^^^^^^^^^^^^^^^^^^^^^^^^^^^^^^^^^^^^^^^^^^^^^^^^^^^^^^^
  File "/home/kiya/Woo_Bot/src/bale/api.py", line 117, in get_updates
    return await self._client.get("getUpdates", params=params)
           ^^^^^^^^^^^^^^^^^^^^^^^^^^^^^^^^^^^^^^^^^^^^^^^^^^^
  File "/home/kiya/Woo_Bot/src/bale/client.py", line 164, in get
    data = await resp.json(content_type=None)
           ^^^^^^^^^^^^^^^^^^^^^^^^^^^^^^^^^^
  File "/home/kiya/Woo_Bot/venv/lib/python3.12/site-packages/aiohttp/client_reqrep.py", line 773, in json
    return loads(stripped.decode(encoding))
           ^^^^^^^^^^^^^^^^^^^^^^^^^^^^^^^^
  File "/usr/lib/python3.12/json/__init__.py", line 346, in loads
    return _default_decoder.decode(s)
           ^^^^^^^^^^^^^^^^^^^^^^^^^^
  File "/usr/lib/python3.12/json/decoder.py", line 337, in decode
    obj, end = self.raw_decode(s, idx=_w(s, 0).end())
               ^^^^^^^^^^^^^^^^^^^^^^^^^^^^^^^^^^^^^^
  File "/usr/lib/python3.12/json/decoder.py", line 355, in raw_decode
    raise JSONDecodeError("Expecting value", s, err.value) from None
json.decoder.JSONDecodeError: Expecting value: line 1 column 1 (char 0)
2026-04-04 19:54:55 | ERROR    | woobot.main | Polling error: Expecting value: line 1 column 1 (char 0)
Traceback (most recent call last):
  File "/home/kiya/Woo_Bot/src/main.py", line 43, in polling_loop
    response = await bot.get_updates(offset=offset, timeout=POLL_TIMEOUT)
               ^^^^^^^^^^^^^^^^^^^^^^^^^^^^^^^^^^^^^^^^^^^^^^^^^^^^^^^^^^
  File "/home/kiya/Woo_Bot/src/bale/api.py", line 117, in get_updates
    return await self._client.get("getUpdates", params=params)
           ^^^^^^^^^^^^^^^^^^^^^^^^^^^^^^^^^^^^^^^^^^^^^^^^^^^
  File "/home/kiya/Woo_Bot/src/bale/client.py", line 164, in get
    data = await resp.json(content_type=None)
           ^^^^^^^^^^^^^^^^^^^^^^^^^^^^^^^^^^
  File "/home/kiya/Woo_Bot/venv/lib/python3.12/site-packages/aiohttp/client_reqrep.py", line 773, in json
    return loads(stripped.decode(encoding))
           ^^^^^^^^^^^^^^^^^^^^^^^^^^^^^^^^
  File "/usr/lib/python3.12/json/__init__.py", line 346, in loads
    return _default_decoder.decode(s)
           ^^^^^^^^^^^^^^^^^^^^^^^^^^
  File "/usr/lib/python3.12/json/decoder.py", line 337, in decode
    obj, end = self.raw_decode(s, idx=_w(s, 0).end())
               ^^^^^^^^^^^^^^^^^^^^^^^^^^^^^^^^^^^^^^
  File "/usr/lib/python3.12/json/decoder.py", line 355, in raw_decode
    raise JSONDecodeError("Expecting value", s, err.value) from None
json.decoder.JSONDecodeError: Expecting value: line 1 column 1 (char 0)
2026-04-04 19:54:58 | ERROR    | woobot.main | Polling error: Expecting value: line 1 column 1 (char 0)
Traceback (most recent call last):
  File "/home/kiya/Woo_Bot/src/main.py", line 43, in polling_loop
    response = await bot.get_updates(offset=offset, timeout=POLL_TIMEOUT)
               ^^^^^^^^^^^^^^^^^^^^^^^^^^^^^^^^^^^^^^^^^^^^^^^^^^^^^^^^^^
  File "/home/kiya/Woo_Bot/src/bale/api.py", line 117, in get_updates
    return await self._client.get("getUpdates", params=params)
           ^^^^^^^^^^^^^^^^^^^^^^^^^^^^^^^^^^^^^^^^^^^^^^^^^^^
  File "/home/kiya/Woo_Bot/src/bale/client.py", line 164, in get
    data = await resp.json(content_type=None)
           ^^^^^^^^^^^^^^^^^^^^^^^^^^^^^^^^^^
  File "/home/kiya/Woo_Bot/venv/lib/python3.12/site-packages/aiohttp/client_reqrep.py", line 773, in json
    return loads(stripped.decode(encoding))
           ^^^^^^^^^^^^^^^^^^^^^^^^^^^^^^^^
  File "/usr/lib/python3.12/json/__init__.py", line 346, in loads
    return _default_decoder.decode(s)
           ^^^^^^^^^^^^^^^^^^^^^^^^^^
  File "/usr/lib/python3.12/json/decoder.py", line 337, in decode
    obj, end = self.raw_decode(s, idx=_w(s, 0).end())
               ^^^^^^^^^^^^^^^^^^^^^^^^^^^^^^^^^^^^^^
  File "/usr/lib/python3.12/json/decoder.py", line 355, in raw_decode
    raise JSONDecodeError("Expecting value", s, err.value) from None
json.decoder.JSONDecodeError: Expecting value: line 1 column 1 (char 0)
2026-04-04 19:55:01 | ERROR    | woobot.main | Polling error: Expecting value: line 1 column 1 (char 0)
Traceback (most recent call last):
  File "/home/kiya/Woo_Bot/src/main.py", line 43, in polling_loop
    response = await bot.get_updates(offset=offset, timeout=POLL_TIMEOUT)
               ^^^^^^^^^^^^^^^^^^^^^^^^^^^^^^^^^^^^^^^^^^^^^^^^^^^^^^^^^^
  File "/home/kiya/Woo_Bot/src/bale/api.py", line 117, in get_updates
    return await self._client.get("getUpdates", params=params)
           ^^^^^^^^^^^^^^^^^^^^^^^^^^^^^^^^^^^^^^^^^^^^^^^^^^^
  File "/home/kiya/Woo_Bot/src/bale/client.py", line 164, in get
    data = await resp.json(content_type=None)
           ^^^^^^^^^^^^^^^^^^^^^^^^^^^^^^^^^^
  File "/home/kiya/Woo_Bot/venv/lib/python3.12/site-packages/aiohttp/client_reqrep.py", line 773, in json
    return loads(stripped.decode(encoding))
           ^^^^^^^^^^^^^^^^^^^^^^^^^^^^^^^^
  File "/usr/lib/python3.12/json/__init__.py", line 346, in loads
    return _default_decoder.decode(s)
           ^^^^^^^^^^^^^^^^^^^^^^^^^^
  File "/usr/lib/python3.12/json/decoder.py", line 337, in decode
    obj, end = self.raw_decode(s, idx=_w(s, 0).end())
               ^^^^^^^^^^^^^^^^^^^^^^^^^^^^^^^^^^^^^^
  File "/usr/lib/python3.12/json/decoder.py", line 355, in raw_decode
    raise JSONDecodeError("Expecting value", s, err.value) from None
json.decoder.JSONDecodeError: Expecting value: line 1 column 1 (char 0)
2026-04-04 19:55:04 | INFO     | woobot.bale.client | BaleHttpClient session closed.
2026-04-04 19:55:04 | INFO     | woobot.bale.api | BaleBot stopped.
2026-04-04 19:55:04 | INFO     | woobot.main | WooBot stopped.
2026-04-04 20:01:34 | INFO     | root | Logging initialized — level=INFO file=logs/woobot.log
2026-04-04 20:01:34 | INFO     | woobot.main | WooBot starting...
2026-04-04 20:01:34 | INFO     | woobot.main | Database ready.
2026-04-04 20:01:34 | INFO     | woobot.bale.client | BaleHttpClient session started.
2026-04-04 20:01:34 | INFO     | woobot.bale.api | BaleBot started.
2026-04-04 20:01:34 | INFO     | woobot.main | BaleBot session opened.
2026-04-04 20:01:34 | INFO     | woobot.main | Polling loop started.
2026-04-04 20:01:34 | ERROR    | woobot.main | Polling error: Expecting value: line 1 column 1 (char 0)
Traceback (most recent call last):
  File "/home/kiya/Woo_Bot/src/main.py", line 43, in polling_loop
    response = await bot.get_updates(offset=offset, timeout=POLL_TIMEOUT)
               ^^^^^^^^^^^^^^^^^^^^^^^^^^^^^^^^^^^^^^^^^^^^^^^^^^^^^^^^^^
  File "/home/kiya/Woo_Bot/src/bale/api.py", line 117, in get_updates
    return await self._client.get("getUpdates", params=params)
           ^^^^^^^^^^^^^^^^^^^^^^^^^^^^^^^^^^^^^^^^^^^^^^^^^^^
  File "/home/kiya/Woo_Bot/src/bale/client.py", line 164, in get
    data = await resp.json(content_type=None)
           ^^^^^^^^^^^^^^^^^^^^^^^^^^^^^^^^^^
  File "/home/kiya/Woo_Bot/venv/lib/python3.12/site-packages/aiohttp/client_reqrep.py", line 773, in json
    return loads(stripped.decode(encoding))
           ^^^^^^^^^^^^^^^^^^^^^^^^^^^^^^^^
  File "/usr/lib/python3.12/json/__init__.py", line 346, in loads
    return _default_decoder.decode(s)
           ^^^^^^^^^^^^^^^^^^^^^^^^^^
  File "/usr/lib/python3.12/json/decoder.py", line 337, in decode
    obj, end = self.raw_decode(s, idx=_w(s, 0).end())
               ^^^^^^^^^^^^^^^^^^^^^^^^^^^^^^^^^^^^^^
  File "/usr/lib/python3.12/json/decoder.py", line 355, in raw_decode
    raise JSONDecodeError("Expecting value", s, err.value) from None
json.decoder.JSONDecodeError: Expecting value: line 1 column 1 (char 0)
2026-04-04 20:01:37 | ERROR    | woobot.main | Polling error: Expecting value: line 1 column 1 (char 0)
Traceback (most recent call last):
  File "/home/kiya/Woo_Bot/src/main.py", line 43, in polling_loop
    response = await bot.get_updates(offset=offset, timeout=POLL_TIMEOUT)
               ^^^^^^^^^^^^^^^^^^^^^^^^^^^^^^^^^^^^^^^^^^^^^^^^^^^^^^^^^^
  File "/home/kiya/Woo_Bot/src/bale/api.py", line 117, in get_updates
    return await self._client.get("getUpdates", params=params)
           ^^^^^^^^^^^^^^^^^^^^^^^^^^^^^^^^^^^^^^^^^^^^^^^^^^^
  File "/home/kiya/Woo_Bot/src/bale/client.py", line 164, in get
    data = await resp.json(content_type=None)
           ^^^^^^^^^^^^^^^^^^^^^^^^^^^^^^^^^^
  File "/home/kiya/Woo_Bot/venv/lib/python3.12/site-packages/aiohttp/client_reqrep.py", line 773, in json
    return loads(stripped.decode(encoding))
           ^^^^^^^^^^^^^^^^^^^^^^^^^^^^^^^^
  File "/usr/lib/python3.12/json/__init__.py", line 346, in loads
    return _default_decoder.decode(s)
           ^^^^^^^^^^^^^^^^^^^^^^^^^^
  File "/usr/lib/python3.12/json/decoder.py", line 337, in decode
    obj, end = self.raw_decode(s, idx=_w(s, 0).end())
               ^^^^^^^^^^^^^^^^^^^^^^^^^^^^^^^^^^^^^^
  File "/usr/lib/python3.12/json/decoder.py", line 355, in raw_decode
    raise JSONDecodeError("Expecting value", s, err.value) from None
json.decoder.JSONDecodeError: Expecting value: line 1 column 1 (char 0)
2026-04-04 20:01:40 | ERROR    | woobot.main | Polling error: Expecting value: line 1 column 1 (char 0)
Traceback (most recent call last):
  File "/home/kiya/Woo_Bot/src/main.py", line 43, in polling_loop
    response = await bot.get_updates(offset=offset, timeout=POLL_TIMEOUT)
               ^^^^^^^^^^^^^^^^^^^^^^^^^^^^^^^^^^^^^^^^^^^^^^^^^^^^^^^^^^
  File "/home/kiya/Woo_Bot/src/bale/api.py", line 117, in get_updates
    return await self._client.get("getUpdates", params=params)
           ^^^^^^^^^^^^^^^^^^^^^^^^^^^^^^^^^^^^^^^^^^^^^^^^^^^
  File "/home/kiya/Woo_Bot/src/bale/client.py", line 164, in get
    data = await resp.json(content_type=None)
           ^^^^^^^^^^^^^^^^^^^^^^^^^^^^^^^^^^
  File "/home/kiya/Woo_Bot/venv/lib/python3.12/site-packages/aiohttp/client_reqrep.py", line 773, in json
    return loads(stripped.decode(encoding))
           ^^^^^^^^^^^^^^^^^^^^^^^^^^^^^^^^
  File "/usr/lib/python3.12/json/__init__.py", line 346, in loads
    return _default_decoder.decode(s)
           ^^^^^^^^^^^^^^^^^^^^^^^^^^
  File "/usr/lib/python3.12/json/decoder.py", line 337, in decode
    obj, end = self.raw_decode(s, idx=_w(s, 0).end())
               ^^^^^^^^^^^^^^^^^^^^^^^^^^^^^^^^^^^^^^
  File "/usr/lib/python3.12/json/decoder.py", line 355, in raw_decode
    raise JSONDecodeError("Expecting value", s, err.value) from None
json.decoder.JSONDecodeError: Expecting value: line 1 column 1 (char 0)
2026-04-04 20:01:43 | INFO     | woobot.bale.client | BaleHttpClient session closed.
2026-04-04 20:01:43 | INFO     | woobot.bale.api | BaleBot stopped.
2026-04-04 20:01:43 | INFO     | woobot.main | WooBot stopped.
2026-04-04 20:08:33 | INFO     | root | Logging initialized — level=INFO file=logs/woobot.log
2026-04-04 20:08:33 | INFO     | woobot.main | WooBot starting...
2026-04-04 20:08:33 | INFO     | woobot.main | Database ready.
2026-04-04 20:08:33 | INFO     | woobot.bale.client | BaleHttpClient session started.
2026-04-04 20:08:33 | INFO     | woobot.bale.api | BaleBot started.
2026-04-04 20:08:33 | INFO     | woobot.main | BaleBot session opened.
2026-04-04 20:08:33 | INFO     | woobot.main | Polling loop started.
2026-04-04 20:08:35 | ERROR    | woobot.bale.client | Failed to parse JSON response: Extra data: line 1 column 5 (char 4)
2026-04-04 20:08:35 | ERROR    | woobot.bale.client | Raw response content: 404 page not found
2026-04-04 20:08:35 | ERROR    | woobot.main | Polling error: Extra data: line 1 column 5 (char 4)
Traceback (most recent call last):
  File "/home/kiya/Woo_Bot/src/main.py", line 43, in polling_loop
    response = await bot.get_updates(offset=offset, timeout=POLL_TIMEOUT)
               ^^^^^^^^^^^^^^^^^^^^^^^^^^^^^^^^^^^^^^^^^^^^^^^^^^^^^^^^^^
  File "/home/kiya/Woo_Bot/src/bale/api.py", line 117, in get_updates
    return await self._client.get("getUpdates", params=params)
           ^^^^^^^^^^^^^^^^^^^^^^^^^^^^^^^^^^^^^^^^^^^^^^^^^^^
  File "/home/kiya/Woo_Bot/src/bale/client.py", line 170, in get
    data = await resp.json(content_type=None)
           ^^^^^^^^^^^^^^^^^^^^^^^^^^^^^^^^^^
  File "/home/kiya/Woo_Bot/venv/lib/python3.12/site-packages/aiohttp/client_reqrep.py", line 773, in json
    return loads(stripped.decode(encoding))
           ^^^^^^^^^^^^^^^^^^^^^^^^^^^^^^^^
  File "/usr/lib/python3.12/json/__init__.py", line 346, in loads
    return _default_decoder.decode(s)
           ^^^^^^^^^^^^^^^^^^^^^^^^^^
  File "/usr/lib/python3.12/json/decoder.py", line 340, in decode
    raise JSONDecodeError("Extra data", s, end)
json.decoder.JSONDecodeError: Extra data: line 1 column 5 (char 4)
2026-04-04 20:08:38 | ERROR    | woobot.bale.client | Failed to parse JSON response: Extra data: line 1 column 5 (char 4)
2026-04-04 20:08:38 | ERROR    | woobot.bale.client | Raw response content: 404 page not found
2026-04-04 20:08:38 | ERROR    | woobot.main | Polling error: Extra data: line 1 column 5 (char 4)
Traceback (most recent call last):
  File "/home/kiya/Woo_Bot/src/main.py", line 43, in polling_loop
    response = await bot.get_updates(offset=offset, timeout=POLL_TIMEOUT)
               ^^^^^^^^^^^^^^^^^^^^^^^^^^^^^^^^^^^^^^^^^^^^^^^^^^^^^^^^^^
  File "/home/kiya/Woo_Bot/src/bale/api.py", line 117, in get_updates
    return await self._client.get("getUpdates", params=params)
           ^^^^^^^^^^^^^^^^^^^^^^^^^^^^^^^^^^^^^^^^^^^^^^^^^^^
  File "/home/kiya/Woo_Bot/src/bale/client.py", line 170, in get
    data = await resp.json(content_type=None)
           ^^^^^^^^^^^^^^^^^^^^^^^^^^^^^^^^^^
  File "/home/kiya/Woo_Bot/venv/lib/python3.12/site-packages/aiohttp/client_reqrep.py", line 773, in json
    return loads(stripped.decode(encoding))
           ^^^^^^^^^^^^^^^^^^^^^^^^^^^^^^^^
  File "/usr/lib/python3.12/json/__init__.py", line 346, in loads
    return _default_decoder.decode(s)
           ^^^^^^^^^^^^^^^^^^^^^^^^^^
  File "/usr/lib/python3.12/json/decoder.py", line 340, in decode
    raise JSONDecodeError("Extra data", s, end)
json.decoder.JSONDecodeError: Extra data: line 1 column 5 (char 4)
2026-04-04 20:08:39 | INFO     | woobot.bale.client | BaleHttpClient session closed.
2026-04-04 20:08:39 | INFO     | woobot.bale.api | BaleBot stopped.
2026-04-04 20:08:39 | INFO     | woobot.main | WooBot stopped.
2026-04-04 20:19:57 | INFO     | root | Logging initialized — level=INFO file=logs/woobot.log
2026-04-04 20:19:57 | INFO     | woobot.main | WooBot starting...
2026-04-04 20:19:57 | INFO     | woobot.main | Database ready.
2026-04-04 20:31:06 | INFO     | root | Logging initialized — level=INFO file=logs/woobot.log
2026-04-04 20:31:06 | INFO     | woobot.main | WooBot starting...
2026-04-04 20:31:06 | INFO     | woobot.main | Database ready.
2026-04-04 20:31:06 | INFO     | woobot.bale.client | BaleHttpClient session started.
2026-04-04 20:31:06 | INFO     | woobot.bale.api | BaleBot session opened (client started).
2026-04-04 20:31:06 | INFO     | woobot.main | BaleBot session opened.
2026-04-04 20:31:06 | INFO     | woobot.main | Polling loop started.
2026-04-04 20:31:06 | ERROR    | woobot.main | Polling error: Invalid variable type: value should be str, int or float, got None of type <class 'NoneType'>
Traceback (most recent call last):
  File "/home/kiya/Woo_Bot/src/main.py", line 44, in polling_loop
    response = await bot.get_updates(offset=offset, timeout=POLL_TIMEOUT)
               ^^^^^^^^^^^^^^^^^^^^^^^^^^^^^^^^^^^^^^^^^^^^^^^^^^^^^^^^^^
  File "/home/kiya/Woo_Bot/src/bale/api.py", line 63, in get_updates
    return await self.client.get_updates(offset=offset, timeout=timeout)
           ^^^^^^^^^^^^^^^^^^^^^^^^^^^^^^^^^^^^^^^^^^^^^^^^^^^^^^^^^^^^^
  File "/home/kiya/Woo_Bot/src/bale/client.py", line 207, in get_updates
    return await self.get("getUpdates", params={"offset": offset, "timeout": timeout})
           ^^^^^^^^^^^^^^^^^^^^^^^^^^^^^^^^^^^^^^^^^^^^^^^^^^^^^^^^^^^^^^^^^^^^^^^^^^^
  File "/home/kiya/Woo_Bot/src/bale/client.py", line 168, in get
    async with self._session.get(url, params=params) as resp:
  File "/home/kiya/Woo_Bot/venv/lib/python3.12/site-packages/aiohttp/client.py", line 1521, in __aenter__
    self._resp: _RetType = await self._coro
                           ^^^^^^^^^^^^^^^^
  File "/home/kiya/Woo_Bot/venv/lib/python3.12/site-packages/aiohttp/client.py", line 710, in _request
    req = self._request_class(
          ^^^^^^^^^^^^^^^^^^^^
  File "/home/kiya/Woo_Bot/venv/lib/python3.12/site-packages/aiohttp/client_reqrep.py", line 873, in __init__
    url = url.extend_query(params)
          ^^^^^^^^^^^^^^^^^^^^^^^^
  File "/home/kiya/Woo_Bot/venv/lib/python3.12/site-packages/yarl/_url.py", line 1225, in extend_query
    if not (new_query := get_str_query(*args, **kwargs)):
                         ^^^^^^^^^^^^^^^^^^^^^^^^^^^^^^
  File "/home/kiya/Woo_Bot/venv/lib/python3.12/site-packages/yarl/_query.py", line 102, in get_str_query
    return get_str_query_from_sequence_iterable(query.items())
           ^^^^^^^^^^^^^^^^^^^^^^^^^^^^^^^^^^^^^^^^^^^^^^^^^^^
  File "/home/kiya/Woo_Bot/venv/lib/python3.12/site-packages/yarl/_query.py", line 51, in get_str_query_from_sequence_iterable
    f"{quoter(k)}={quoter(v if type(v) is str else query_var(v))}"
                                                   ^^^^^^^^^^^^
  File "/home/kiya/Woo_Bot/venv/lib/python3.12/site-packages/yarl/_query.py", line 33, in query_var
    raise TypeError(
TypeError: Invalid variable type: value should be str, int or float, got None of type <class 'NoneType'>
2026-04-04 20:31:09 | ERROR    | woobot.main | Polling error: Invalid variable type: value should be str, int or float, got None of type <class 'NoneType'>
Traceback (most recent call last):
  File "/home/kiya/Woo_Bot/src/main.py", line 44, in polling_loop
    response = await bot.get_updates(offset=offset, timeout=POLL_TIMEOUT)
               ^^^^^^^^^^^^^^^^^^^^^^^^^^^^^^^^^^^^^^^^^^^^^^^^^^^^^^^^^^
  File "/home/kiya/Woo_Bot/src/bale/api.py", line 63, in get_updates
    return await self.client.get_updates(offset=offset, timeout=timeout)
           ^^^^^^^^^^^^^^^^^^^^^^^^^^^^^^^^^^^^^^^^^^^^^^^^^^^^^^^^^^^^^
  File "/home/kiya/Woo_Bot/src/bale/client.py", line 207, in get_updates
    return await self.get("getUpdates", params={"offset": offset, "timeout": timeout})
           ^^^^^^^^^^^^^^^^^^^^^^^^^^^^^^^^^^^^^^^^^^^^^^^^^^^^^^^^^^^^^^^^^^^^^^^^^^^
  File "/home/kiya/Woo_Bot/src/bale/client.py", line 168, in get
    async with self._session.get(url, params=params) as resp:
  File "/home/kiya/Woo_Bot/venv/lib/python3.12/site-packages/aiohttp/client.py", line 1521, in __aenter__
    self._resp: _RetType = await self._coro
                           ^^^^^^^^^^^^^^^^
  File "/home/kiya/Woo_Bot/venv/lib/python3.12/site-packages/aiohttp/client.py", line 710, in _request
    req = self._request_class(
          ^^^^^^^^^^^^^^^^^^^^
  File "/home/kiya/Woo_Bot/venv/lib/python3.12/site-packages/aiohttp/client_reqrep.py", line 873, in __init__
    url = url.extend_query(params)
          ^^^^^^^^^^^^^^^^^^^^^^^^
  File "/home/kiya/Woo_Bot/venv/lib/python3.12/site-packages/yarl/_url.py", line 1225, in extend_query
    if not (new_query := get_str_query(*args, **kwargs)):
                         ^^^^^^^^^^^^^^^^^^^^^^^^^^^^^^
  File "/home/kiya/Woo_Bot/venv/lib/python3.12/site-packages/yarl/_query.py", line 102, in get_str_query
    return get_str_query_from_sequence_iterable(query.items())
           ^^^^^^^^^^^^^^^^^^^^^^^^^^^^^^^^^^^^^^^^^^^^^^^^^^^
  File "/home/kiya/Woo_Bot/venv/lib/python3.12/site-packages/yarl/_query.py", line 51, in get_str_query_from_sequence_iterable
    f"{quoter(k)}={quoter(v if type(v) is str else query_var(v))}"
                                                   ^^^^^^^^^^^^
  File "/home/kiya/Woo_Bot/venv/lib/python3.12/site-packages/yarl/_query.py", line 33, in query_var
    raise TypeError(
TypeError: Invalid variable type: value should be str, int or float, got None of type <class 'NoneType'>
2026-04-04 20:31:10 | INFO     | woobot.bale.client | BaleHttpClient session closed.
2026-04-04 20:31:10 | INFO     | woobot.bale.api | BaleBot session closed (client stopped).
2026-04-04 20:31:10 | INFO     | woobot.main | WooBot stopped.
2026-04-04 20:32:10 | INFO     | root | Logging initialized — level=INFO file=logs/woobot.log
2026-04-04 20:32:10 | INFO     | woobot.main | WooBot starting...
2026-04-04 20:32:10 | INFO     | woobot.main | Database ready.
2026-04-04 20:32:10 | INFO     | woobot.bale.client | BaleHttpClient session started.
2026-04-04 20:32:10 | INFO     | woobot.bale.api | BaleBot session opened (client started).
2026-04-04 20:32:10 | INFO     | woobot.main | BaleBot session opened.
2026-04-04 20:32:10 | INFO     | woobot.main | Polling loop started.
2026-04-04 20:32:10 | INFO     | woobot.handlers.registration | Registration started for chat_id=921659350
2026-04-04 20:32:10 | INFO     | woobot.handlers.registration | Registration started for chat_id=921659350
2026-04-04 20:32:11 | INFO     | woobot.handlers.registration | Registration started for chat_id=921659350
2026-04-04 20:32:11 | INFO     | woobot.handlers.registration | Registration started for chat_id=921659350
2026-04-04 20:32:43 | INFO     | woobot.auth.user_manager | Sending OTP to phone=09128581871
2026-04-04 20:32:45 | INFO     | httpx | HTTP Request: POST https://rest.payamak-panel.com/api/SendSMS/SendSMS "HTTP/1.1 200 OK"
2026-04-04 20:37:22 | WARNING  | woobot.handlers.registration | OTP failed for chat_id=921659350 phone=09128581871
2026-04-04 20:37:32 | WARNING  | woobot.handlers.registration | OTP failed for chat_id=921659350 phone=09128581871
2026-04-04 20:43:47 | INFO     | woobot.main | Polling cancelled.
2026-04-04 20:43:47 | INFO     | woobot.bale.client | BaleHttpClient session closed.
2026-04-04 20:43:47 | INFO     | woobot.bale.api | BaleBot session closed (client stopped).
2026-04-04 20:43:47 | INFO     | woobot.main | WooBot stopped.
2026-04-04 21:12:23 | INFO     | root | Logging initialized — level=INFO file=logs/woobot.log
2026-04-04 21:12:23 | INFO     | woobot.main | WooBot starting...
2026-04-04 21:12:23 | INFO     | woobot.main | Database ready.
2026-04-04 21:12:23 | INFO     | woobot.bale.client | BaleHttpClient session started.
2026-04-04 21:12:23 | INFO     | woobot.bale.api | BaleBot session opened (client started).
2026-04-04 21:12:23 | INFO     | woobot.main | BaleBot session opened.
2026-04-04 21:12:23 | INFO     | woobot.main | Polling loop started.
2026-04-04 21:12:25 | INFO     | woobot.handlers.registration | Registration started for chat_id=921659350
2026-04-04 21:12:30 | INFO     | woobot.handlers.registration | Registration started for chat_id=921659350
2026-04-04 21:12:39 | INFO     | woobot.auth.user_manager | Sending OTP to phone=09128581871
2026-04-04 21:12:42 | INFO     | httpx | HTTP Request: POST https://rest.payamak-panel.com/api/SendSMS/SendSMS "HTTP/1.1 200 OK"
2026-04-04 21:22:20 | WARNING  | woobot.handlers.registration | OTP failed for chat_id=921659350 phone=09128581871
2026-04-04 21:22:27 | INFO     | woobot.handlers.registration | Registration started for chat_id=921659350
2026-04-04 21:26:53 | INFO     | woobot.main | Polling cancelled.
2026-04-04 21:26:53 | INFO     | woobot.bale.client | BaleHttpClient session closed.
2026-04-04 21:26:53 | INFO     | woobot.bale.api | BaleBot session closed (client stopped).
2026-04-04 21:26:53 | INFO     | woobot.main | WooBot stopped.
2026-04-04 21:26:55 | INFO     | root | Logging initialized — level=INFO file=logs/woobot.log
2026-04-04 21:26:55 | INFO     | woobot.main | WooBot starting...
2026-04-04 21:26:55 | INFO     | woobot.main | Database ready.
2026-04-04 21:26:55 | INFO     | woobot.bale.client | BaleHttpClient session started.
2026-04-04 21:26:55 | INFO     | woobot.bale.api | BaleBot session opened (client started).
2026-04-04 21:26:55 | INFO     | woobot.main | BaleBot session opened.
2026-04-04 21:26:55 | INFO     | woobot.main | Polling loop started.
2026-04-04 21:26:59 | INFO     | woobot.handlers.registration | Registration started for chat_id=921659350
2026-04-04 21:27:08 | INFO     | woobot.auth.user_manager | Sending OTP to phone=09128581871
2026-04-04 21:27:09 | ERROR    | woobot.auth.otp_service | SMS send failed for 09128581871: [Errno -5] No address associated with hostname
2026-04-04 21:27:09 | WARNING  | woobot.auth.user_manager | Failed to send OTP to phone=09128581871
2026-04-04 21:27:09 | ERROR    | woobot.handlers.registration | OTP send failed for chat_id=921659350 phone=09128581871
2026-04-04 21:27:25 | INFO     | woobot.auth.user_manager | Sending OTP to phone=09128581871
2026-04-04 21:27:25 | INFO     | httpx | HTTP Request: POST https://rest.payamak-panel.com/api/SendSMS/SendSMS "HTTP/1.1 200 OK"
2026-04-04 21:27:25 | INFO     | woobot.auth.otp_service | OTP sent to 09128581871 (code=794691) – success=True – 0.71 s
2026-04-04 21:29:05 | INFO     | woobot.auth.otp_service | OTP verified successfully for 09128581871
2026-04-04 21:30:01 | INFO     | woobot.auth.user_manager | Registered new user phone=09128581871 id=1
2026-04-04 21:30:01 | INFO     | woobot.handlers.registration | Registration complete chat_id=921659350 phone=09128581871
2026-04-04 21:59:26 | INFO     | woobot.main | Polling cancelled.
2026-04-04 21:59:26 | INFO     | woobot.bale.client | BaleHttpClient session closed.
2026-04-04 21:59:26 | INFO     | woobot.bale.api | BaleBot session closed (client stopped).
2026-04-04 21:59:26 | INFO     | woobot.main | WooBot stopped.
2026-04-04 22:01:57 | INFO     | root | Logging initialized — level=INFO file=logs/woobot.log
2026-04-04 22:01:57 | INFO     | woobot.main | WooBot starting...
2026-04-04 22:01:57 | INFO     | woobot.main | Database ready.
2026-04-04 22:01:57 | INFO     | woobot.bale.client | BaleHttpClient session started.
2026-04-04 22:01:57 | INFO     | woobot.bale.api | BaleBot session opened (client started).
2026-04-04 22:01:57 | INFO     | woobot.main | BaleBot session opened.
2026-04-04 22:01:57 | INFO     | woobot.main | Polling loop started.
2026-04-04 22:02:08 | ERROR    | woobot.main | Polling error: 'RegistrationHandler' object has no attribute '_get_session'
Traceback (most recent call last):
  File "/home/kiya/Woo_Bot/src/main.py", line 55, in polling_loop
    await router.route(update)
  File "/home/kiya/Woo_Bot/src/handlers/router.py", line 57, in route
    await self._handle_message(update)
  File "/home/kiya/Woo_Bot/src/handlers/router.py", line 85, in _handle_message
    reply = await self._reg_handler.handle(chat_id, text)
            ^^^^^^^^^^^^^^^^^^^^^^^^^^^^^^^^^^^^^^^^^^^^^
  File "/home/kiya/Woo_Bot/src/handlers/registration_handler.py", line 95, in handle
    session = self._get_session(chat_id)
              ^^^^^^^^^^^^^^^^^
AttributeError: 'RegistrationHandler' object has no attribute '_get_session'
2026-04-04 22:02:12 | ERROR    | woobot.main | Polling error: 'RegistrationHandler' object has no attribute '_get_session'
Traceback (most recent call last):
  File "/home/kiya/Woo_Bot/src/main.py", line 55, in polling_loop
    await router.route(update)
  File "/home/kiya/Woo_Bot/src/handlers/router.py", line 57, in route
    await self._handle_message(update)
  File "/home/kiya/Woo_Bot/src/handlers/router.py", line 85, in _handle_message
    reply = await self._reg_handler.handle(chat_id, text)
            ^^^^^^^^^^^^^^^^^^^^^^^^^^^^^^^^^^^^^^^^^^^^^
  File "/home/kiya/Woo_Bot/src/handlers/registration_handler.py", line 95, in handle
    session = self._get_session(chat_id)
              ^^^^^^^^^^^^^^^^^
AttributeError: 'RegistrationHandler' object has no attribute '_get_session'
2026-04-04 22:03:38 | INFO     | woobot.main | Polling cancelled.
2026-04-04 22:03:38 | INFO     | woobot.bale.client | BaleHttpClient session closed.
2026-04-04 22:03:38 | INFO     | woobot.bale.api | BaleBot session closed (client stopped).
2026-04-04 22:03:38 | INFO     | woobot.main | WooBot stopped.
2026-04-04 22:03:40 | INFO     | root | Logging initialized — level=INFO file=logs/woobot.log
2026-04-04 22:03:40 | INFO     | woobot.main | WooBot starting...
2026-04-04 22:03:40 | INFO     | woobot.main | Database ready.
2026-04-04 22:03:40 | INFO     | woobot.bale.client | BaleHttpClient session started.
2026-04-04 22:03:40 | INFO     | woobot.bale.api | BaleBot session opened (client started).
2026-04-04 22:03:40 | INFO     | woobot.main | BaleBot session opened.
2026-04-04 22:03:40 | INFO     | woobot.main | Polling loop started.
2026-04-04 22:03:44 | ERROR    | woobot.main | Polling error: 'RegistrationHandler' object has no attribute '_get_session'
Traceback (most recent call last):
  File "/home/kiya/Woo_Bot/src/main.py", line 55, in polling_loop
    await router.route(update)
  File "/home/kiya/Woo_Bot/src/handlers/router.py", line 57, in route
    await self._handle_message(update)
  File "/home/kiya/Woo_Bot/src/handlers/router.py", line 85, in _handle_message
    reply = await self._reg_handler.handle(chat_id, text)
            ^^^^^^^^^^^^^^^^^^^^^^^^^^^^^^^^^^^^^^^^^^^^^
  File "/home/kiya/Woo_Bot/src/handlers/registration_handler.py", line 95, in handle
    session = self._get_session(chat_id)
              ^^^^^^^^^^^^^^^^^
AttributeError: 'RegistrationHandler' object has no attribute '_get_session'
2026-04-04 22:04:16 | INFO     | woobot.main | Polling cancelled.
2026-04-04 22:04:16 | INFO     | woobot.bale.client | BaleHttpClient session closed.
2026-04-04 22:04:16 | INFO     | woobot.bale.api | BaleBot session closed (client stopped).
2026-04-04 22:04:16 | INFO     | woobot.main | WooBot stopped.
2026-04-04 22:50:22 | INFO     | root | Logging initialized — level=INFO file=logs/woobot.log
2026-04-04 22:50:22 | INFO     | woobot.main | WooBot starting...
2026-04-04 22:50:22 | INFO     | woobot.main | Database ready.
2026-04-04 22:50:22 | INFO     | woobot.bale.client | BaleHttpClient session started.
2026-04-04 22:50:22 | INFO     | woobot.bale.api | BaleBot session opened (client started).
2026-04-04 22:50:22 | INFO     | woobot.main | BaleBot session opened.
2026-04-04 22:50:22 | INFO     | woobot.main | Polling loop started.
2026-04-04 22:50:24 | INFO     | woobot.handlers.registration | Registration started for chat_id=921659350
2026-04-04 22:50:41 | INFO     | woobot.handlers.registration | Existing user phone=09128581871 → login OTP
2026-04-04 22:50:41 | INFO     | woobot.auth.user_manager | Sending OTP to phone=09128581871
2026-04-04 22:50:45 | INFO     | httpx | HTTP Request: POST https://rest.payamak-panel.com/api/SendSMS/SendSMS "HTTP/1.1 200 OK"
2026-04-04 22:50:45 | INFO     | woobot.auth.otp_service | OTP sent to 09128581871 (code=631143) – success=True – 3.43 s
2026-04-04 22:51:39 | INFO     | woobot.auth.otp_service | OTP verified successfully for 09128581871
2026-04-04 22:51:39 | INFO     | woobot.handlers.registration | Login success chat_id=921659350
2026-04-04 22:53:51 | INFO     | woobot.main | Polling cancelled.
2026-04-04 22:53:51 | INFO     | woobot.bale.client | BaleHttpClient session closed.
2026-04-04 22:53:51 | INFO     | woobot.bale.api | BaleBot session closed (client stopped).
2026-04-04 22:53:51 | INFO     | woobot.main | WooBot stopped.
2026-04-04 23:03:50 | INFO     | root | Logging initialized — level=INFO file=logs/woobot.log
2026-04-04 23:03:50 | INFO     | woobot.main | WooBot starting...
2026-04-04 23:03:50 | INFO     | woobot.main | Database ready.
2026-04-04 23:03:50 | INFO     | woobot.bale.client | BaleHttpClient session started.
2026-04-04 23:03:50 | INFO     | woobot.bale.api | BaleBot session opened (client started).
2026-04-04 23:03:50 | INFO     | woobot.main | BaleBot session opened.
2026-04-04 23:03:50 | INFO     | woobot.main | Polling loop started.
2026-04-04 23:03:53 | INFO     | woobot.handlers.registration | Registration / login started for chat_id=921659350
2026-04-04 23:03:59 | INFO     | woobot.auth.user_manager | Sending OTP to phone=09128581871
2026-04-04 23:04:01 | INFO     | httpx | HTTP Request: POST https://rest.payamak-panel.com/api/SendSMS/SendSMS "HTTP/1.1 200 OK"
2026-04-04 23:04:01 | INFO     | woobot.auth.otp_service | OTP sent to 09128581871 (code=912482) – success=True – 2.13 s
2026-04-04 23:04:16 | ERROR    | woobot.main | Polling error: 'BaleBot' object has no attribute 'answer_callback_query'
Traceback (most recent call last):
  File "/home/kiya/Woo_Bot/src/main.py", line 55, in polling_loop
    await router.route(update)
  File "/home/kiya/Woo_Bot/src/handlers/router.py", line 41, in route
    await self._handle_callback(update)
  File "/home/kiya/Woo_Bot/src/handlers/router.py", line 81, in _handle_callback
    await self._bot.answer_callback_query(cq["id"])
          ^^^^^^^^^^^^^^^^^^^^^^^^^^^^^^^
AttributeError: 'BaleBot' object has no attribute 'answer_callback_query'
2026-04-04 23:44:45 | INFO     | woobot.handlers.registration | Registration / login started for chat_id=921659350
2026-04-04 23:44:51 | INFO     | woobot.main | Polling cancelled.
2026-04-04 23:44:51 | INFO     | woobot.bale.client | BaleHttpClient session closed.
2026-04-04 23:44:51 | INFO     | woobot.bale.api | BaleBot session closed (client stopped).
2026-04-04 23:44:51 | INFO     | woobot.main | WooBot stopped.
2026-04-04 23:44:54 | INFO     | root | Logging initialized — level=INFO file=logs/woobot.log
2026-04-04 23:44:54 | INFO     | woobot.main | WooBot starting...
2026-04-04 23:44:54 | INFO     | woobot.main | Database ready.
2026-04-04 23:51:34 | INFO     | root | Logging initialized — level=INFO file=logs/woobot.log
2026-04-04 23:51:34 | INFO     | woobot.main | WooBot starting...
2026-04-04 23:51:34 | INFO     | woobot.main | Database ready.
2026-04-05 00:36:12 | INFO     | root | Logging initialized — level=INFO file=logs/woobot.log
2026-04-05 00:36:12 | INFO     | woobot.main | WooBot starting...
2026-04-05 00:36:12 | INFO     | woobot.main | Database ready.
2026-04-05 00:36:12 | INFO     | woobot.bale.client | BaleHttpClient session started.
2026-04-05 00:36:12 | INFO     | woobot.bale.api | BaleBot session opened (client started).
2026-04-05 00:36:12 | INFO     | woobot.main | BaleBot session opened.
2026-04-05 00:36:12 | INFO     | woobot.main | Polling loop started.
2026-04-05 00:36:18 | INFO     | woobot.handlers.registration | Registration / login started for chat_id=921659350
2026-04-05 00:36:27 | INFO     | woobot.auth.user_manager | Sending OTP to phone=09128581871
2026-04-05 00:36:32 | ERROR    | woobot.auth.otp_service | SMS send failed for 09128581871: [Errno -3] Temporary failure in name resolution
2026-04-05 00:36:32 | WARNING  | woobot.auth.user_manager | Failed to send OTP to phone=09128581871
2026-04-05 00:36:32 | ERROR    | woobot.handlers.registration | OTP send failed | chat_id=921659350 phone=09128581871
2026-04-05 00:36:41 | INFO     | woobot.auth.user_manager | Sending OTP to phone=09128581871
2026-04-05 00:36:43 | INFO     | httpx | HTTP Request: POST https://rest.payamak-panel.com/api/SendSMS/SendSMS "HTTP/1.1 200 OK"
2026-04-05 00:36:43 | INFO     | woobot.auth.otp_service | OTP sent to 09128581871 (code=620727) – success=True – 1.41 s
2026-04-05 00:36:43 | ERROR    | woobot.main | Polling error: 'dict' object has no attribute 'message_id'
Traceback (most recent call last):
  File "/home/kiya/Woo_Bot/src/main.py", line 55, in polling_loop
    await router.route(update)
  File "/home/kiya/Woo_Bot/src/handlers/router.py", line 37, in route
    await self._handle_message(update)
  File "/home/kiya/Woo_Bot/src/handlers/router.py", line 63, in _handle_message
    reply = await self._reg_handler.handle(chat_id, text)
            ^^^^^^^^^^^^^^^^^^^^^^^^^^^^^^^^^^^^^^^^^^^^^
  File "/home/kiya/Woo_Bot/src/handlers/registration_handler.py", line 300, in handle
    return await fn(chat_id, text.strip())
           ^^^^^^^^^^^^^^^^^^^^^^^^^^^^^^^
  File "/home/kiya/Woo_Bot/src/handlers/registration_handler.py", line 351, in _step_phone
    return await self._otp_sent_with_keyboard(chat_id, text, new=False)
           ^^^^^^^^^^^^^^^^^^^^^^^^^^^^^^^^^^^^^^^^^^^^^^^^^^^^^^^^^^^^
  File "/home/kiya/Woo_Bot/src/handlers/registration_handler.py", line 175, in _otp_sent_with_keyboard
    self._countdown_otp(chat_id, sent_msg.message_id, phone)
                                 ^^^^^^^^^^^^^^^^^^^
AttributeError: 'dict' object has no attribute 'message_id'
2026-04-05 01:36:45 | WARNING  | woobot.bale.client | GET getUpdates attempt 1/3 failed: Cannot connect to host tapi.bale.ai:443 ssl:default [Temporary failure in name resolution]
2026-04-05 01:40:40 | ERROR    | woobot.main | Polling error: 'BaleBot' object has no attribute 'answer_callback_query'
Traceback (most recent call last):
  File "/home/kiya/Woo_Bot/src/main.py", line 55, in polling_loop
    await router.route(update)
  File "/home/kiya/Woo_Bot/src/handlers/router.py", line 41, in route
    await self._handle_callback(update)
  File "/home/kiya/Woo_Bot/src/handlers/router.py", line 81, in _handle_callback
    await self._bot.answer_callback_query(cq["id"])
          ^^^^^^^^^^^^^^^^^^^^^^^^^^^^^^^
AttributeError: 'BaleBot' object has no attribute 'answer_callback_query'
2026-04-05 22:15:29 | INFO     | root | Logging initialized — level=INFO file=logs/woobot.log
2026-04-05 22:15:29 | INFO     | woobot.main | WooBot starting...
2026-04-05 22:15:29 | INFO     | woobot.main | Database ready.
2026-04-05 22:15:29 | INFO     | woobot.bale.client | BaleHttpClient session started.
2026-04-05 22:15:29 | INFO     | woobot.bale.api | BaleBot session opened (client started).
2026-04-05 22:15:29 | INFO     | woobot.main | BaleBot session opened.
2026-04-05 22:15:29 | INFO     | woobot.main | Polling loop started.
2026-04-05 22:15:30 | INFO     | woobot.handlers.registration | Registration / login started for chat_id=1927089160
2026-04-05 22:15:31 | INFO     | woobot.handlers.registration | Registration / login started for chat_id=921659350
2026-04-05 22:15:31 | INFO     | woobot.handlers.registration | Registration / login started for chat_id=921659350
2026-04-05 22:15:44 | INFO     | woobot.auth.user_manager | Sending OTP to phone=09128581871
2026-04-05 22:15:47 | INFO     | httpx | HTTP Request: POST https://rest.payamak-panel.com/api/SendSMS/SendSMS "HTTP/1.1 200 OK"
2026-04-05 22:15:47 | INFO     | woobot.auth.otp_service | OTP sent to 09128581871 (code=680370) – success=True – 2.14 s
2026-04-05 22:15:47 | ERROR    | woobot.main | Polling error: 'dict' object has no attribute 'message_id'
Traceback (most recent call last):
  File "/home/kiya/Woo_Bot/src/main.py", line 55, in polling_loop
    await router.route(update)
  File "/home/kiya/Woo_Bot/src/handlers/router.py", line 37, in route
    await self._handle_message(update)
  File "/home/kiya/Woo_Bot/src/handlers/router.py", line 63, in _handle_message
    reply = await self._reg_handler.handle(chat_id, text)
            ^^^^^^^^^^^^^^^^^^^^^^^^^^^^^^^^^^^^^^^^^^^^^
  File "/home/kiya/Woo_Bot/src/handlers/registration_handler.py", line 300, in handle
    return await fn(chat_id, text.strip())
           ^^^^^^^^^^^^^^^^^^^^^^^^^^^^^^^
  File "/home/kiya/Woo_Bot/src/handlers/registration_handler.py", line 357, in _step_phone
    return await self._otp_sent_with_keyboard(chat_id, text, new=False)
           ^^^^^^^^^^^^^^^^^^^^^^^^^^^^^^^^^^^^^^^^^^^^^^^^^^^^^^^^^^^^
  File "/home/kiya/Woo_Bot/src/handlers/registration_handler.py", line 175, in _otp_sent_with_keyboard
    self._countdown_otp(chat_id, sent_msg.message_id, phone)
                                 ^^^^^^^^^^^^^^^^^^^
AttributeError: 'dict' object has no attribute 'message_id'
2026-04-05 22:15:52 | ERROR    | woobot.main | Polling error: 'BaleBot' object has no attribute 'answer_callback_query'
Traceback (most recent call last):
  File "/home/kiya/Woo_Bot/src/main.py", line 55, in polling_loop
    await router.route(update)
  File "/home/kiya/Woo_Bot/src/handlers/router.py", line 41, in route
    await self._handle_callback(update)
  File "/home/kiya/Woo_Bot/src/handlers/router.py", line 81, in _handle_callback
    await self._bot.answer_callback_query(cq["id"])
          ^^^^^^^^^^^^^^^^^^^^^^^^^^^^^^^
AttributeError: 'BaleBot' object has no attribute 'answer_callback_query'
2026-04-05 22:24:58 | WARNING  | woobot.bale.client | GET getUpdates attempt 1/3 failed: 
2026-04-05 22:29:59 | WARNING  | woobot.bale.client | GET getUpdates attempt 1/3 failed: 
2026-04-05 22:33:51 | INFO     | woobot.main | Polling cancelled.
2026-04-05 22:33:51 | INFO     | woobot.bale.client | BaleHttpClient session closed.
2026-04-05 22:33:51 | INFO     | woobot.bale.api | BaleBot session closed (client stopped).
2026-04-05 22:33:51 | INFO     | woobot.main | WooBot stopped.
2026-04-05 22:33:54 | INFO     | root | Logging initialized — level=INFO file=logs/woobot.log
2026-04-05 22:33:54 | INFO     | woobot.main | WooBot starting...
2026-04-05 22:33:54 | INFO     | woobot.main | Database ready.
2026-04-05 22:33:54 | INFO     | woobot.bale.client | BaleHttpClient session started.
2026-04-05 22:33:54 | INFO     | woobot.bale.api | BaleBot session opened (client started).
2026-04-05 22:33:54 | INFO     | woobot.main | BaleBot session opened.
2026-04-05 22:33:54 | INFO     | woobot.main | Polling loop started.
2026-04-05 22:34:05 | INFO     | woobot.handlers.registration | Registration / login started for chat_id=921659350
2026-04-05 22:34:13 | INFO     | woobot.auth.user_manager | Sending OTP to phone=09128581871
2026-04-05 22:34:14 | INFO     | httpx | HTTP Request: POST https://rest.payamak-panel.com/api/SendSMS/SendSMS "HTTP/1.1 200 OK"
2026-04-05 22:34:14 | INFO     | woobot.auth.otp_service | OTP sent to 09128581871 (code=474469) – success=True – 1.13 s
2026-04-05 22:34:15 | ERROR    | woobot.main | Polling error: [400] Bad Request: message text is empty
Traceback (most recent call last):
  File "/home/kiya/Woo_Bot/src/main.py", line 55, in polling_loop
    await router.route(update)
  File "/home/kiya/Woo_Bot/src/handlers/router.py", line 37, in route
    await self._handle_message(update)
  File "/home/kiya/Woo_Bot/src/handlers/router.py", line 64, in _handle_message
    await self._send_reply(chat_id, reply)
  File "/home/kiya/Woo_Bot/src/handlers/router.py", line 102, in _send_reply
    await self._bot.send_message(chat_id, text, reply_markup=markup)
  File "/home/kiya/Woo_Bot/src/bale/api.py", line 88, in send_message
    return await self.client.send_message(
           ^^^^^^^^^^^^^^^^^^^^^^^^^^^^^^^
  File "/home/kiya/Woo_Bot/src/bale/client.py", line 224, in send_message
    return await self.post("sendMessage", payload)
           ^^^^^^^^^^^^^^^^^^^^^^^^^^^^^^^^^^^^^^^
  File "/home/kiya/Woo_Bot/src/bale/client.py", line 110, in post
    raise BaleAPIError(
bale.client.BaleAPIError: [400] Bad Request: message text is empty
2026-04-05 22:43:50 | WARNING  | woobot.bale.client | GET getUpdates attempt 1/3 failed: 
2026-04-05 22:44:44 | INFO     | woobot.main | Polling cancelled.
2026-04-05 22:44:44 | INFO     | woobot.bale.client | BaleHttpClient session closed.
2026-04-05 22:44:44 | INFO     | woobot.bale.api | BaleBot session closed (client stopped).
2026-04-05 22:44:44 | INFO     | woobot.main | WooBot stopped.
2026-04-05 22:44:45 | INFO     | root | Logging initialized — level=INFO file=logs/woobot.log
2026-04-05 22:44:45 | INFO     | woobot.main | WooBot starting...
2026-04-05 22:44:45 | INFO     | woobot.main | Database ready.
2026-04-05 22:44:45 | INFO     | woobot.bale.client | BaleHttpClient session started.
2026-04-05 22:44:45 | INFO     | woobot.bale.api | BaleBot session opened (client started).
2026-04-05 22:44:45 | INFO     | woobot.main | BaleBot session opened.
2026-04-05 22:44:45 | INFO     | woobot.main | Polling loop started.
2026-04-05 22:44:52 | INFO     | woobot.handlers.registration | Registration / login started for chat_id=921659350
2026-04-05 22:44:59 | INFO     | woobot.auth.user_manager | Sending OTP to phone=09128581871
2026-04-05 22:45:01 | INFO     | httpx | HTTP Request: POST https://rest.payamak-panel.com/api/SendSMS/SendSMS "HTTP/1.1 200 OK"
2026-04-05 22:45:01 | INFO     | woobot.auth.otp_service | OTP sent to 09128581871 (code=125069) – success=True – 2.16 s
2026-04-05 22:45:02 | ERROR    | woobot.main | Polling error: [400] Bad Request: message text is empty
Traceback (most recent call last):
  File "/home/kiya/Woo_Bot/src/main.py", line 55, in polling_loop
    await router.route(update)
  File "/home/kiya/Woo_Bot/src/handlers/router.py", line 37, in route
    await self._handle_message(update)
  File "/home/kiya/Woo_Bot/src/handlers/router.py", line 64, in _handle_message
    await self._send_reply(chat_id, reply)
  File "/home/kiya/Woo_Bot/src/handlers/router.py", line 102, in _send_reply
    await self._bot.send_message(chat_id, text, reply_markup=markup)
  File "/home/kiya/Woo_Bot/src/bale/api.py", line 88, in send_message
    return await self.client.send_message(
           ^^^^^^^^^^^^^^^^^^^^^^^^^^^^^^^
  File "/home/kiya/Woo_Bot/src/bale/client.py", line 224, in send_message
    return await self.post("sendMessage", payload)
           ^^^^^^^^^^^^^^^^^^^^^^^^^^^^^^^^^^^^^^^
  File "/home/kiya/Woo_Bot/src/bale/client.py", line 110, in post
    raise BaleAPIError(
bale.client.BaleAPIError: [400] Bad Request: message text is empty
2026-04-05 22:49:04 | INFO     | woobot.auth.otp_service | OTP verified successfully for 09128581871
2026-04-05 22:49:04 | INFO     | woobot.handlers.registration | Login success | chat_id=921659350 phone=09128581871
2026-04-05 22:49:22 | INFO     | woobot.main | Polling cancelled.
2026-04-05 22:49:22 | INFO     | woobot.bale.client | BaleHttpClient session closed.
2026-04-05 22:49:22 | INFO     | woobot.bale.api | BaleBot session closed (client stopped).
2026-04-05 22:49:22 | INFO     | woobot.main | WooBot stopped.
2026-04-06 00:26:33 | INFO     | root | Logging initialized — level=INFO file=logs/woobot.log
2026-04-06 00:26:33 | INFO     | woobot.main | WooBot starting...
2026-04-06 00:26:34 | INFO     | src.database.db_manager | ✅ Database initialized successfully.
2026-04-06 00:26:34 | INFO     | woobot.main | Database ready.
2026-04-06 00:26:34 | INFO     | woobot.bale.client | BaleHttpClient session started.
2026-04-06 00:26:34 | INFO     | woobot.bale.api | BaleBot session opened (client started).
2026-04-06 00:26:34 | INFO     | woobot.main | BaleBot session opened.
2026-04-06 00:26:34 | INFO     | woobot.main | Polling loop started.
2026-04-06 00:26:47 | INFO     | woobot.handlers.registration | Registration / login started for chat_id=921659350
2026-04-06 00:27:16 | ERROR    | woobot.main | Polling error: type object 'User' has no attribute 'phone'
Traceback (most recent call last):
  File "/home/kiya/Woo_Bot/src/auth/user_manager.py", line 79, in login
    user = db.query(User).filter(User.username == phone).first()  # type: ignore
                                 ^^^^^^^^^^^^^
AttributeError: type object 'User' has no attribute 'username'

During handling of the above exception, another exception occurred:

Traceback (most recent call last):
  File "/home/kiya/Woo_Bot/src/main.py", line 47, in polling_loop
    await router.route(update)
  File "/home/kiya/Woo_Bot/src/handlers/router.py", line 38, in route
    await self._handle_message(update)
  File "/home/kiya/Woo_Bot/src/handlers/router.py", line 61, in _handle_message
    reply = await self._reg_handler.handle(chat_id, text)
            ^^^^^^^^^^^^^^^^^^^^^^^^^^^^^^^^^^^^^^^^^^^^^
  File "/home/kiya/Woo_Bot/src/handlers/registration_handler.py", line 306, in handle
    return await fn(chat_id, text.strip())
           ^^^^^^^^^^^^^^^^^^^^^^^^^^^^^^^
  File "/home/kiya/Woo_Bot/src/handlers/registration_handler.py", line 339, in _step_phone
    user = self._um.login(text, db)   # اگر موجود باشد، شیء کاربر باز می‌گردد
           ^^^^^^^^^^^^^^^^^^^^^^^^
  File "/home/kiya/Woo_Bot/src/auth/user_manager.py", line 82, in login
    user = db.query(User).filter(User.phone == phone).first()
                                 ^^^^^^^^^^
AttributeError: type object 'User' has no attribute 'phone'
2026-04-06 00:28:17 | ERROR    | woobot.main | Polling error: type object 'User' has no attribute 'phone'
Traceback (most recent call last):
  File "/home/kiya/Woo_Bot/src/auth/user_manager.py", line 79, in login
    user = db.query(User).filter(User.username == phone).first()  # type: ignore
                                 ^^^^^^^^^^^^^
AttributeError: type object 'User' has no attribute 'username'

During handling of the above exception, another exception occurred:

Traceback (most recent call last):
  File "/home/kiya/Woo_Bot/src/main.py", line 47, in polling_loop
    await router.route(update)
  File "/home/kiya/Woo_Bot/src/handlers/router.py", line 38, in route
    await self._handle_message(update)
  File "/home/kiya/Woo_Bot/src/handlers/router.py", line 61, in _handle_message
    reply = await self._reg_handler.handle(chat_id, text)
            ^^^^^^^^^^^^^^^^^^^^^^^^^^^^^^^^^^^^^^^^^^^^^
  File "/home/kiya/Woo_Bot/src/handlers/registration_handler.py", line 306, in handle
    return await fn(chat_id, text.strip())
           ^^^^^^^^^^^^^^^^^^^^^^^^^^^^^^^
  File "/home/kiya/Woo_Bot/src/handlers/registration_handler.py", line 339, in _step_phone
    user = self._um.login(text, db)   # اگر موجود باشد، شیء کاربر باز می‌گردد
           ^^^^^^^^^^^^^^^^^^^^^^^^
  File "/home/kiya/Woo_Bot/src/auth/user_manager.py", line 82, in login
    user = db.query(User).filter(User.phone == phone).first()
                                 ^^^^^^^^^^
AttributeError: type object 'User' has no attribute 'phone'
2026-04-06 07:17:03 | INFO     | root | Logging initialized — level=INFO file=logs/woobot.log
2026-04-06 07:17:03 | INFO     | woobot.main | WooBot starting...
2026-04-06 07:17:03 | INFO     | src.database.db_manager | ✅ Database initialized successfully.
2026-04-06 07:17:03 | INFO     | woobot.main | Database ready.
2026-04-06 07:22:46 | INFO     | root | Logging initialized — level=INFO file=logs/woobot.log
2026-04-06 07:22:46 | INFO     | woobot.main | WooBot starting...
2026-04-06 07:22:46 | INFO     | src.database.db_manager | ✅ Database initialized successfully.
2026-04-06 07:22:46 | INFO     | woobot.main | Database ready.
2026-04-06 07:22:46 | INFO     | woobot.bale.client | BaleHttpClient session started.
2026-04-06 07:22:46 | INFO     | woobot.bale.api | BaleBot session opened (client started).
2026-04-06 07:22:46 | INFO     | woobot.main | BaleBot session opened.
2026-04-06 07:22:46 | INFO     | woobot.main | Polling loop started.
2026-04-06 07:23:08 | INFO     | woobot.handlers.registration | Registration / login started for chat_id=921659350
2026-04-06 07:23:13 | ERROR    | woobot.main | Polling error: UserManager.login() takes 2 positional arguments but 3 were given
Traceback (most recent call last):
  File "/home/kiya/Woo_Bot/src/main.py", line 47, in polling_loop
    await router.route(update)
  File "/home/kiya/Woo_Bot/src/handlers/router.py", line 38, in route
    await self._handle_message(update)
  File "/home/kiya/Woo_Bot/src/handlers/router.py", line 61, in _handle_message
    reply = await self._reg_handler.handle(chat_id, text)
            ^^^^^^^^^^^^^^^^^^^^^^^^^^^^^^^^^^^^^^^^^^^^^
  File "/home/kiya/Woo_Bot/src/handlers/registration_handler.py", line 306, in handle
    return await fn(chat_id, text.strip())
           ^^^^^^^^^^^^^^^^^^^^^^^^^^^^^^^
  File "/home/kiya/Woo_Bot/src/handlers/registration_handler.py", line 339, in _step_phone
    user = self._um.login(text, db)   # اگر موجود باشد، شیء کاربر باز می‌گردد
           ^^^^^^^^^^^^^^^^^^^^^^^^
TypeError: UserManager.login() takes 2 positional arguments but 3 were given
2026-04-06 07:33:27 | INFO     | woobot.main | Polling cancelled.
2026-04-06 07:33:27 | INFO     | woobot.bale.client | BaleHttpClient session closed.
2026-04-06 07:33:27 | INFO     | woobot.bale.api | BaleBot session closed (client stopped).
2026-04-06 07:33:27 | INFO     | woobot.main | WooBot stopped.
2026-04-06 07:33:29 | INFO     | root | Logging initialized — level=INFO file=logs/woobot.log
2026-04-06 07:33:29 | INFO     | woobot.main | WooBot starting...
2026-04-06 07:33:29 | INFO     | src.database.db_manager | ✅ Database initialized successfully.
2026-04-06 07:33:29 | INFO     | woobot.main | Database ready.
2026-04-06 07:33:29 | INFO     | woobot.bale.client | BaleHttpClient session started.
2026-04-06 07:33:29 | INFO     | woobot.bale.api | BaleBot session opened (client started).
2026-04-06 07:33:29 | INFO     | woobot.main | BaleBot session opened.
2026-04-06 07:33:29 | INFO     | woobot.main | Polling loop started.
2026-04-06 07:33:40 | INFO     | woobot.handlers.registration | Registration / login started for chat_id=921659350
2026-04-06 07:33:46 | ERROR    | woobot.main | Polling error: (sqlite3.OperationalError) no such column: users.bale_user_id
[SQL: SELECT users.id AS users_id, users.bale_user_id AS users_bale_user_id, users.phone_number AS users_phone_number, users.full_name AS users_full_name, users.is_active AS users_is_active, users.is_verified AS users_is_verified, users.created_at AS users_created_at, users.updated_at AS users_updated_at 
FROM users 
WHERE users.phone_number = ?
 LIMIT ? OFFSET ?]
[parameters: ('09128581871', 1, 0)]
(Background on this error at: https://sqlalche.me/e/20/e3q8)
Traceback (most recent call last):
  File "/home/kiya/Woo_Bot/venv/lib/python3.12/site-packages/sqlalchemy/engine/base.py", line 1967, in _exec_single_context
    self.dialect.do_execute(
  File "/home/kiya/Woo_Bot/venv/lib/python3.12/site-packages/sqlalchemy/engine/default.py", line 952, in do_execute
    cursor.execute(statement, parameters)
sqlite3.OperationalError: no such column: users.bale_user_id

The above exception was the direct cause of the following exception:

Traceback (most recent call last):
  File "/home/kiya/Woo_Bot/src/main.py", line 47, in polling_loop
    await router.route(update)
  File "/home/kiya/Woo_Bot/src/handlers/router.py", line 38, in route
    await self._handle_message(update)
  File "/home/kiya/Woo_Bot/src/handlers/router.py", line 61, in _handle_message
    reply = await self._reg_handler.handle(chat_id, text)
            ^^^^^^^^^^^^^^^^^^^^^^^^^^^^^^^^^^^^^^^^^^^^^
  File "/home/kiya/Woo_Bot/src/handlers/registration_handler.py", line 306, in handle
    return await fn(chat_id, text.strip())
           ^^^^^^^^^^^^^^^^^^^^^^^^^^^^^^^
  File "/home/kiya/Woo_Bot/src/handlers/registration_handler.py", line 339, in _step_phone
    user = self._um.login(text)   # اگر موجود باشد، شیء کاربر باز می‌گردد
           ^^^^^^^^^^^^^^^^^^^^
  File "/home/kiya/Woo_Bot/src/auth/user_manager.py", line 29, in login
    user = self.db.query(User).filter(User.phone_number == phone_number).first()
           ^^^^^^^^^^^^^^^^^^^^^^^^^^^^^^^^^^^^^^^^^^^^^^^^^^^^^^^^^^^^^^^^^^^^^
  File "/home/kiya/Woo_Bot/venv/lib/python3.12/site-packages/sqlalchemy/orm/query.py", line 2759, in first
    return self.limit(1)._iter().first()  # type: ignore
           ^^^^^^^^^^^^^^^^^^^^^
  File "/home/kiya/Woo_Bot/venv/lib/python3.12/site-packages/sqlalchemy/orm/query.py", line 2857, in _iter
    result: Union[ScalarResult[_T], Result[_T]] = self.session.execute(
                                                  ^^^^^^^^^^^^^^^^^^^^^
  File "/home/kiya/Woo_Bot/venv/lib/python3.12/site-packages/sqlalchemy/orm/session.py", line 2351, in execute
    return self._execute_internal(
           ^^^^^^^^^^^^^^^^^^^^^^^
  File "/home/kiya/Woo_Bot/venv/lib/python3.12/site-packages/sqlalchemy/orm/session.py", line 2249, in _execute_internal
    result: Result[Any] = compile_state_cls.orm_execute_statement(
                          ^^^^^^^^^^^^^^^^^^^^^^^^^^^^^^^^^^^^^^^^
  File "/home/kiya/Woo_Bot/venv/lib/python3.12/site-packages/sqlalchemy/orm/context.py", line 306, in orm_execute_statement
    result = conn.execute(
             ^^^^^^^^^^^^^
  File "/home/kiya/Woo_Bot/venv/lib/python3.12/site-packages/sqlalchemy/engine/base.py", line 1419, in execute
    return meth(
           ^^^^^
  File "/home/kiya/Woo_Bot/venv/lib/python3.12/site-packages/sqlalchemy/sql/elements.py", line 527, in _execute_on_connection
    return connection._execute_clauseelement(
           ^^^^^^^^^^^^^^^^^^^^^^^^^^^^^^^^^^
  File "/home/kiya/Woo_Bot/venv/lib/python3.12/site-packages/sqlalchemy/engine/base.py", line 1641, in _execute_clauseelement
    ret = self._execute_context(
          ^^^^^^^^^^^^^^^^^^^^^^
  File "/home/kiya/Woo_Bot/venv/lib/python3.12/site-packages/sqlalchemy/engine/base.py", line 1846, in _execute_context
    return self._exec_single_context(
           ^^^^^^^^^^^^^^^^^^^^^^^^^^
  File "/home/kiya/Woo_Bot/venv/lib/python3.12/site-packages/sqlalchemy/engine/base.py", line 1986, in _exec_single_context
    self._handle_dbapi_exception(
  File "/home/kiya/Woo_Bot/venv/lib/python3.12/site-packages/sqlalchemy/engine/base.py", line 2363, in _handle_dbapi_exception
    raise sqlalchemy_exception.with_traceback(exc_info[2]) from e
  File "/home/kiya/Woo_Bot/venv/lib/python3.12/site-packages/sqlalchemy/engine/base.py", line 1967, in _exec_single_context
    self.dialect.do_execute(
  File "/home/kiya/Woo_Bot/venv/lib/python3.12/site-packages/sqlalchemy/engine/default.py", line 952, in do_execute
    cursor.execute(statement, parameters)
sqlalchemy.exc.OperationalError: (sqlite3.OperationalError) no such column: users.bale_user_id
[SQL: SELECT users.id AS users_id, users.bale_user_id AS users_bale_user_id, users.phone_number AS users_phone_number, users.full_name AS users_full_name, users.is_active AS users_is_active, users.is_verified AS users_is_verified, users.created_at AS users_created_at, users.updated_at AS users_updated_at 
FROM users 
WHERE users.phone_number = ?
 LIMIT ? OFFSET ?]
[parameters: ('09128581871', 1, 0)]
(Background on this error at: https://sqlalche.me/e/20/e3q8)
2026-04-06 07:35:08 | INFO     | woobot.main | Polling cancelled.
2026-04-06 07:35:08 | INFO     | woobot.bale.client | BaleHttpClient session closed.
2026-04-06 07:35:08 | INFO     | woobot.bale.api | BaleBot session closed (client stopped).
2026-04-06 07:35:08 | INFO     | woobot.main | WooBot stopped.
2026-04-06 07:35:20 | INFO     | root | Logging initialized — level=INFO file=logs/woobot.log
2026-04-06 07:35:20 | INFO     | woobot.main | WooBot starting...
2026-04-06 07:35:21 | INFO     | src.database.db_manager | ✅ Database initialized successfully.
2026-04-06 07:35:21 | INFO     | woobot.main | Database ready.
2026-04-06 07:35:21 | INFO     | woobot.bale.client | BaleHttpClient session started.
2026-04-06 07:35:21 | INFO     | woobot.bale.api | BaleBot session opened (client started).
2026-04-06 07:35:21 | INFO     | woobot.main | BaleBot session opened.
2026-04-06 07:35:21 | INFO     | woobot.main | Polling loop started.
2026-04-06 07:35:32 | INFO     | woobot.handlers.registration | Registration / login started for chat_id=921659350
2026-04-06 07:35:36 | ERROR    | woobot.main | Polling error: کاربری با این شماره یافت نشد
Traceback (most recent call last):
  File "/home/kiya/Woo_Bot/src/main.py", line 47, in polling_loop
    await router.route(update)
  File "/home/kiya/Woo_Bot/src/handlers/router.py", line 38, in route
    await self._handle_message(update)
  File "/home/kiya/Woo_Bot/src/handlers/router.py", line 61, in _handle_message
    reply = await self._reg_handler.handle(chat_id, text)
            ^^^^^^^^^^^^^^^^^^^^^^^^^^^^^^^^^^^^^^^^^^^^^
  File "/home/kiya/Woo_Bot/src/handlers/registration_handler.py", line 306, in handle
    return await fn(chat_id, text.strip())
           ^^^^^^^^^^^^^^^^^^^^^^^^^^^^^^^
  File "/home/kiya/Woo_Bot/src/handlers/registration_handler.py", line 339, in _step_phone
    user = self._um.login(text)   # اگر موجود باشد، شیء کاربر باز می‌گردد
           ^^^^^^^^^^^^^^^^^^^^
  File "/home/kiya/Woo_Bot/src/auth/user_manager.py", line 31, in login
    raise ValueError("کاربری با این شماره یافت نشد")
ValueError: کاربری با این شماره یافت نشد
2026-04-06 07:39:48 | INFO     | woobot.main | Polling cancelled.
2026-04-06 07:39:48 | INFO     | woobot.bale.client | BaleHttpClient session closed.
2026-04-06 07:39:48 | INFO     | woobot.bale.api | BaleBot session closed (client stopped).
2026-04-06 07:39:48 | INFO     | woobot.main | WooBot stopped.
2026-04-06 07:39:50 | INFO     | root | Logging initialized — level=INFO file=logs/woobot.log
2026-04-06 07:39:50 | INFO     | woobot.main | WooBot starting...
2026-04-06 07:39:50 | INFO     | src.database.db_manager | ✅ Database initialized successfully.
2026-04-06 07:39:50 | INFO     | woobot.main | Database ready.
2026-04-06 07:39:50 | INFO     | woobot.bale.client | BaleHttpClient session started.
2026-04-06 07:39:50 | INFO     | woobot.bale.api | BaleBot session opened (client started).
2026-04-06 07:39:50 | INFO     | woobot.main | BaleBot session opened.
2026-04-06 07:39:50 | INFO     | woobot.main | Polling loop started.
2026-04-06 07:39:57 | INFO     | woobot.handlers.registration | Registration / login started for chat_id=921659350
2026-04-06 07:40:01 | ERROR    | woobot.main | Polling error: 'UserManager' object has no attribute 'send_otp'
Traceback (most recent call last):
  File "/home/kiya/Woo_Bot/src/main.py", line 47, in polling_loop
    await router.route(update)
  File "/home/kiya/Woo_Bot/src/handlers/router.py", line 38, in route
    await self._handle_message(update)
  File "/home/kiya/Woo_Bot/src/handlers/router.py", line 61, in _handle_message
    reply = await self._reg_handler.handle(chat_id, text)
            ^^^^^^^^^^^^^^^^^^^^^^^^^^^^^^^^^^^^^^^^^^^^^
  File "/home/kiya/Woo_Bot/src/handlers/registration_handler.py", line 306, in handle
    return await fn(chat_id, text.strip())
           ^^^^^^^^^^^^^^^^^^^^^^^^^^^^^^^
  File "/home/kiya/Woo_Bot/src/handlers/registration_handler.py", line 353, in _step_phone
    sent = await self._um.send_otp(text)
                 ^^^^^^^^^^^^^^^^^
AttributeError: 'UserManager' object has no attribute 'send_otp'
2026-04-06 07:40:10 | INFO     | woobot.main | Polling cancelled.
2026-04-06 07:40:10 | INFO     | woobot.bale.client | BaleHttpClient session closed.
2026-04-06 07:40:10 | INFO     | woobot.bale.api | BaleBot session closed (client stopped).
2026-04-06 07:40:10 | INFO     | woobot.main | WooBot stopped.
2026-04-06 07:40:22 | INFO     | root | Logging initialized — level=INFO file=logs/woobot.log
2026-04-06 07:40:22 | INFO     | woobot.main | WooBot starting...
2026-04-06 07:40:22 | INFO     | src.database.db_manager | ✅ Database initialized successfully.
2026-04-06 07:40:22 | INFO     | woobot.main | Database ready.
2026-04-06 07:40:22 | INFO     | woobot.bale.client | BaleHttpClient session started.
2026-04-06 07:40:22 | INFO     | woobot.bale.api | BaleBot session opened (client started).
2026-04-06 07:40:22 | INFO     | woobot.main | BaleBot session opened.
2026-04-06 07:40:22 | INFO     | woobot.main | Polling loop started.
2026-04-06 07:40:29 | INFO     | woobot.handlers.registration | Registration / login started for chat_id=921659350
2026-04-06 07:40:36 | ERROR    | woobot.main | Polling error: 'UserManager' object has no attribute 'send_otp'
Traceback (most recent call last):
  File "/home/kiya/Woo_Bot/src/main.py", line 47, in polling_loop
    await router.route(update)
  File "/home/kiya/Woo_Bot/src/handlers/router.py", line 38, in route
    await self._handle_message(update)
  File "/home/kiya/Woo_Bot/src/handlers/router.py", line 61, in _handle_message
    reply = await self._reg_handler.handle(chat_id, text)
            ^^^^^^^^^^^^^^^^^^^^^^^^^^^^^^^^^^^^^^^^^^^^^
  File "/home/kiya/Woo_Bot/src/handlers/registration_handler.py", line 306, in handle
    return await fn(chat_id, text.strip())
           ^^^^^^^^^^^^^^^^^^^^^^^^^^^^^^^
  File "/home/kiya/Woo_Bot/src/handlers/registration_handler.py", line 353, in _step_phone
    sent = await self._um.send_otp(text)
                 ^^^^^^^^^^^^^^^^^
AttributeError: 'UserManager' object has no attribute 'send_otp'
2026-04-06 07:50:39 | INFO     | woobot.main | Polling cancelled.
2026-04-06 07:50:39 | INFO     | woobot.bale.client | BaleHttpClient session closed.
2026-04-06 07:50:39 | INFO     | woobot.bale.api | BaleBot session closed (client stopped).
2026-04-06 07:50:39 | INFO     | woobot.main | WooBot stopped.
2026-04-06 07:50:41 | INFO     | root | Logging initialized — level=INFO file=logs/woobot.log
2026-04-06 07:50:41 | INFO     | woobot.main | WooBot starting...
2026-04-06 07:50:41 | INFO     | src.database.db_manager | ✅ Database initialized successfully.
2026-04-06 07:50:41 | INFO     | woobot.main | Database ready.
2026-04-06 07:50:41 | INFO     | woobot.bale.client | BaleHttpClient session started.
2026-04-06 07:50:41 | INFO     | woobot.bale.api | BaleBot session opened (client started).
2026-04-06 07:50:41 | INFO     | woobot.main | BaleBot session opened.
2026-04-06 07:50:41 | INFO     | woobot.main | Polling loop started.
2026-04-06 07:50:48 | INFO     | woobot.handlers.registration | Registration / login started for chat_id=921659350
2026-04-06 07:50:54 | INFO     | httpx | HTTP Request: POST https://rest.payamak-panel.com/api/SendSMS/SendSMS "HTTP/1.1 200 OK"
2026-04-06 07:50:54 | INFO     | woobot.auth.otp_service | OTP sent to 09128581871 (code=486333) – success=True – 1.69 s
2026-04-06 07:50:54 | ERROR    | woobot.main | Polling error: [400] Bad Request: message text is empty
Traceback (most recent call last):
  File "/home/kiya/Woo_Bot/src/main.py", line 47, in polling_loop
    await router.route(update)
  File "/home/kiya/Woo_Bot/src/handlers/router.py", line 38, in route
    await self._handle_message(update)
  File "/home/kiya/Woo_Bot/src/handlers/router.py", line 62, in _handle_message
    await self._send_reply(chat_id, reply)
  File "/home/kiya/Woo_Bot/src/handlers/router.py", line 95, in _send_reply
    await self._bot.send_message(chat_id, text, reply_markup=markup)
  File "/home/kiya/Woo_Bot/src/bale/api.py", line 88, in send_message
    return await self.client.send_message(
           ^^^^^^^^^^^^^^^^^^^^^^^^^^^^^^^
  File "/home/kiya/Woo_Bot/src/bale/client.py", line 224, in send_message
    return await self.post("sendMessage", payload)
           ^^^^^^^^^^^^^^^^^^^^^^^^^^^^^^^^^^^^^^^
  File "/home/kiya/Woo_Bot/src/bale/client.py", line 110, in post
    raise BaleAPIError(
src.bale.client.BaleAPIError: [400] Bad Request: message text is empty
2026-04-06 07:51:24 | ERROR    | woobot.main | Polling error: 'UserManager' object has no attribute 'verify_otp'
Traceback (most recent call last):
  File "/home/kiya/Woo_Bot/src/main.py", line 47, in polling_loop
    await router.route(update)
  File "/home/kiya/Woo_Bot/src/handlers/router.py", line 38, in route
    await self._handle_message(update)
  File "/home/kiya/Woo_Bot/src/handlers/router.py", line 61, in _handle_message
    reply = await self._reg_handler.handle(chat_id, text)
            ^^^^^^^^^^^^^^^^^^^^^^^^^^^^^^^^^^^^^^^^^^^^^
  File "/home/kiya/Woo_Bot/src/handlers/registration_handler.py", line 308, in handle
    return await fn(chat_id, text.strip())
           ^^^^^^^^^^^^^^^^^^^^^^^^^^^^^^^
  File "/home/kiya/Woo_Bot/src/handlers/registration_handler.py", line 392, in _step_otp
    if not self._um.verify_otp(phone, text):
           ^^^^^^^^^^^^^^^^^^^
AttributeError: 'UserManager' object has no attribute 'verify_otp'
2026-04-06 08:06:41 | WARNING  | woobot.bale.client | GET getUpdates attempt 1/3 failed: 
2026-04-06 08:47:22 | INFO     | woobot.main | Polling cancelled.
2026-04-06 08:47:22 | INFO     | woobot.bale.client | BaleHttpClient session closed.
2026-04-06 08:47:22 | INFO     | woobot.bale.api | BaleBot session closed (client stopped).
2026-04-06 08:47:22 | INFO     | woobot.main | WooBot stopped.
2026-04-06 08:47:25 | INFO     | root | Logging initialized — level=INFO file=logs/woobot.log
2026-04-06 08:47:25 | INFO     | woobot.main | WooBot starting...
2026-04-06 08:47:25 | INFO     | src.database.db_manager | ✅ Database initialized successfully.
2026-04-06 08:47:25 | INFO     | woobot.main | Database ready.
2026-04-06 08:47:25 | INFO     | woobot.bale.client | BaleHttpClient session started.
2026-04-06 08:47:25 | INFO     | woobot.bale.api | BaleBot session opened (client started).
2026-04-06 08:47:25 | INFO     | woobot.main | BaleBot session opened.
2026-04-06 08:47:25 | INFO     | woobot.main | Polling loop started.
2026-04-06 08:47:38 | INFO     | woobot.handlers.registration | Registration / login started for chat_id=921659350
2026-04-06 08:47:48 | INFO     | httpx | HTTP Request: POST https://rest.payamak-panel.com/api/SendSMS/SendSMS "HTTP/1.1 200 OK"
2026-04-06 08:47:48 | INFO     | woobot.auth.otp_service | OTP sent to 09128581871 (code=552001) – success=True – 1.74 s
2026-04-06 08:47:48 | ERROR    | woobot.main | Polling error: [400] Bad Request: message text is empty
Traceback (most recent call last):
  File "/home/kiya/Woo_Bot/src/main.py", line 47, in polling_loop
    await router.route(update)
  File "/home/kiya/Woo_Bot/src/handlers/router.py", line 38, in route
    await self._handle_message(update)
  File "/home/kiya/Woo_Bot/src/handlers/router.py", line 62, in _handle_message
    await self._send_reply(chat_id, reply)
  File "/home/kiya/Woo_Bot/src/handlers/router.py", line 95, in _send_reply
    await self._bot.send_message(chat_id, text, reply_markup=markup)
  File "/home/kiya/Woo_Bot/src/bale/api.py", line 88, in send_message
    return await self.client.send_message(
           ^^^^^^^^^^^^^^^^^^^^^^^^^^^^^^^
  File "/home/kiya/Woo_Bot/src/bale/client.py", line 224, in send_message
    return await self.post("sendMessage", payload)
           ^^^^^^^^^^^^^^^^^^^^^^^^^^^^^^^^^^^^^^^
  File "/home/kiya/Woo_Bot/src/bale/client.py", line 110, in post
    raise BaleAPIError(
src.bale.client.BaleAPIError: [400] Bad Request: message text is empty
2026-04-06 08:47:57 | INFO     | woobot.auth.otp_service | OTP verified successfully for 09128581871
2026-04-06 08:48:22 | ERROR    | woobot.main | Polling error: Object of type InlineKeyboardMarkup is not JSON serializable
Traceback (most recent call last):
  File "/home/kiya/Woo_Bot/src/main.py", line 47, in polling_loop
    await router.route(update)
  File "/home/kiya/Woo_Bot/src/handlers/router.py", line 38, in route
    await self._handle_message(update)
  File "/home/kiya/Woo_Bot/src/handlers/router.py", line 62, in _handle_message
    await self._send_reply(chat_id, reply)
  File "/home/kiya/Woo_Bot/src/handlers/router.py", line 95, in _send_reply
    await self._bot.send_message(chat_id, text, reply_markup=markup)
  File "/home/kiya/Woo_Bot/src/bale/api.py", line 88, in send_message
    return await self.client.send_message(
           ^^^^^^^^^^^^^^^^^^^^^^^^^^^^^^^
  File "/home/kiya/Woo_Bot/src/bale/client.py", line 224, in send_message
    return await self.post("sendMessage", payload)
           ^^^^^^^^^^^^^^^^^^^^^^^^^^^^^^^^^^^^^^^
  File "/home/kiya/Woo_Bot/src/bale/client.py", line 101, in post
    async with self._session.post(url, json=payload) as resp:
  File "/home/kiya/Woo_Bot/venv/lib/python3.12/site-packages/aiohttp/client.py", line 1521, in __aenter__
    self._resp: _RetType = await self._coro
                           ^^^^^^^^^^^^^^^^
  File "/home/kiya/Woo_Bot/venv/lib/python3.12/site-packages/aiohttp/client.py", line 543, in _request
    data = payload.JsonPayload(json, dumps=self._json_serialize)
           ^^^^^^^^^^^^^^^^^^^^^^^^^^^^^^^^^^^^^^^^^^^^^^^^^^^^^
  File "/home/kiya/Woo_Bot/venv/lib/python3.12/site-packages/aiohttp/payload.py", line 951, in __init__
    dumps(value).encode(encoding),
    ^^^^^^^^^^^^
  File "/usr/lib/python3.12/json/__init__.py", line 231, in dumps
    return _default_encoder.encode(obj)
           ^^^^^^^^^^^^^^^^^^^^^^^^^^^^
  File "/usr/lib/python3.12/json/encoder.py", line 200, in encode
    chunks = self.iterencode(o, _one_shot=True)
             ^^^^^^^^^^^^^^^^^^^^^^^^^^^^^^^^^^
  File "/usr/lib/python3.12/json/encoder.py", line 258, in iterencode
    return _iterencode(o, 0)
           ^^^^^^^^^^^^^^^^^
  File "/usr/lib/python3.12/json/encoder.py", line 180, in default
    raise TypeError(f'Object of type {o.__class__.__name__} '
TypeError: Object of type InlineKeyboardMarkup is not JSON serializable
2026-04-06 08:52:27 | INFO     | woobot.main | Polling cancelled.
2026-04-06 08:52:27 | INFO     | woobot.bale.client | BaleHttpClient session closed.
2026-04-06 08:52:27 | INFO     | woobot.bale.api | BaleBot session closed (client stopped).
2026-04-06 08:52:27 | INFO     | woobot.main | WooBot stopped.
2026-04-06 08:54:47 | INFO     | root | Logging initialized — level=INFO file=logs/woobot.log
2026-04-06 08:54:47 | INFO     | woobot.main | WooBot starting...
2026-04-06 08:54:47 | INFO     | src.database.db_manager | ✅ Database initialized successfully.
2026-04-06 08:54:47 | INFO     | woobot.main | Database ready.
2026-04-06 08:54:47 | INFO     | woobot.bale.client | BaleHttpClient session started.
2026-04-06 08:54:47 | INFO     | woobot.bale.api | BaleBot session opened (client started).
2026-04-06 08:54:47 | INFO     | woobot.main | BaleBot session opened.
2026-04-06 08:54:47 | INFO     | woobot.main | Polling loop started.
2026-04-06 08:55:05 | INFO     | woobot.handlers.registration | Registration / login started for chat_id=921659350
2026-04-06 08:55:10 | INFO     | httpx | HTTP Request: POST https://rest.payamak-panel.com/api/SendSMS/SendSMS "HTTP/1.1 200 OK"
2026-04-06 08:55:10 | INFO     | woobot.auth.otp_service | OTP sent to 09128581871 (code=529287) – success=True – 0.39 s
2026-04-06 08:55:10 | ERROR    | woobot.main | Polling error: [400] Bad Request: message text is empty
Traceback (most recent call last):
  File "/home/kiya/Woo_Bot/src/main.py", line 47, in polling_loop
    await router.route(update)
  File "/home/kiya/Woo_Bot/src/handlers/router.py", line 38, in route
    await self._handle_message(update)
  File "/home/kiya/Woo_Bot/src/handlers/router.py", line 62, in _handle_message
    await self._send_reply(chat_id, reply)
  File "/home/kiya/Woo_Bot/src/handlers/router.py", line 95, in _send_reply
    await self._bot.send_message(chat_id, text, reply_markup=markup)
  File "/home/kiya/Woo_Bot/src/bale/api.py", line 88, in send_message
    return await self.client.send_message(
           ^^^^^^^^^^^^^^^^^^^^^^^^^^^^^^^
  File "/home/kiya/Woo_Bot/src/bale/client.py", line 224, in send_message
    return await self.post("sendMessage", payload)
           ^^^^^^^^^^^^^^^^^^^^^^^^^^^^^^^^^^^^^^^
  File "/home/kiya/Woo_Bot/src/bale/client.py", line 110, in post
    raise BaleAPIError(
src.bale.client.BaleAPIError: [400] Bad Request: message text is empty
2026-04-06 08:55:17 | INFO     | woobot.auth.otp_service | OTP verified successfully for 09128581871
2026-04-06 09:01:05 | INFO     | woobot.main | Polling cancelled.
2026-04-06 09:01:05 | INFO     | woobot.bale.client | BaleHttpClient session closed.
2026-04-06 09:01:05 | INFO     | woobot.bale.api | BaleBot session closed (client stopped).
2026-04-06 09:01:05 | INFO     | woobot.main | WooBot stopped.
2026-04-06 09:01:07 | INFO     | root | Logging initialized — level=INFO file=logs/woobot.log
2026-04-06 09:01:07 | INFO     | woobot.main | WooBot starting...
2026-04-06 09:01:07 | INFO     | src.database.db_manager | ✅ Database initialized successfully.
2026-04-06 09:01:07 | INFO     | woobot.main | Database ready.
2026-04-06 09:01:07 | INFO     | woobot.bale.client | BaleHttpClient session started.
2026-04-06 09:01:07 | INFO     | woobot.bale.api | BaleBot session opened (client started).
2026-04-06 09:01:07 | INFO     | woobot.main | BaleBot session opened.
2026-04-06 09:01:07 | INFO     | woobot.main | Polling loop started.
2026-04-06 09:01:11 | ERROR    | woobot.main | Polling error: Object of type InlineKeyboardMarkup is not JSON serializable
Traceback (most recent call last):
  File "/home/kiya/Woo_Bot/src/main.py", line 47, in polling_loop
    await router.route(update)
  File "/home/kiya/Woo_Bot/src/handlers/router.py", line 41, in route
    await self._handle_callback(update)
  File "/home/kiya/Woo_Bot/src/handlers/router.py", line 80, in _handle_callback
    reply = await self._reg_handler.handle_callback(chat_id, data)
            ^^^^^^^^^^^^^^^^^^^^^^^^^^^^^^^^^^^^^^^^^^^^^^^^^^^^^^
  File "/home/kiya/Woo_Bot/src/handlers/registration_handler.py", line 517, in handle_callback
    await self._bot.send_message(
  File "/home/kiya/Woo_Bot/src/bale/api.py", line 88, in send_message
    return await self.client.send_message(
           ^^^^^^^^^^^^^^^^^^^^^^^^^^^^^^^
  File "/home/kiya/Woo_Bot/src/bale/client.py", line 224, in send_message
    return await self.post("sendMessage", payload)
           ^^^^^^^^^^^^^^^^^^^^^^^^^^^^^^^^^^^^^^^
  File "/home/kiya/Woo_Bot/src/bale/client.py", line 101, in post
    async with self._session.post(url, json=payload) as resp:
  File "/home/kiya/Woo_Bot/venv/lib/python3.12/site-packages/aiohttp/client.py", line 1521, in __aenter__
    self._resp: _RetType = await self._coro
                           ^^^^^^^^^^^^^^^^
  File "/home/kiya/Woo_Bot/venv/lib/python3.12/site-packages/aiohttp/client.py", line 543, in _request
    data = payload.JsonPayload(json, dumps=self._json_serialize)
           ^^^^^^^^^^^^^^^^^^^^^^^^^^^^^^^^^^^^^^^^^^^^^^^^^^^^^
  File "/home/kiya/Woo_Bot/venv/lib/python3.12/site-packages/aiohttp/payload.py", line 951, in __init__
    dumps(value).encode(encoding),
    ^^^^^^^^^^^^
  File "/usr/lib/python3.12/json/__init__.py", line 231, in dumps
    return _default_encoder.encode(obj)
           ^^^^^^^^^^^^^^^^^^^^^^^^^^^^
  File "/usr/lib/python3.12/json/encoder.py", line 200, in encode
    chunks = self.iterencode(o, _one_shot=True)
             ^^^^^^^^^^^^^^^^^^^^^^^^^^^^^^^^^^
  File "/usr/lib/python3.12/json/encoder.py", line 258, in iterencode
    return _iterencode(o, 0)
           ^^^^^^^^^^^^^^^^^
  File "/usr/lib/python3.12/json/encoder.py", line 180, in default
    raise TypeError(f'Object of type {o.__class__.__name__} '
TypeError: Object of type InlineKeyboardMarkup is not JSON serializable
2026-04-06 09:05:41 | INFO     | woobot.main | Polling cancelled.
2026-04-06 09:05:41 | INFO     | woobot.bale.client | BaleHttpClient session closed.
2026-04-06 09:05:41 | INFO     | woobot.bale.api | BaleBot session closed (client stopped).
2026-04-06 09:05:41 | INFO     | woobot.main | WooBot stopped.
2026-04-06 09:05:43 | INFO     | root | Logging initialized — level=INFO file=logs/woobot.log
2026-04-06 09:05:43 | INFO     | woobot.main | WooBot starting...
2026-04-06 09:05:43 | INFO     | src.database.db_manager | ✅ Database initialized successfully.
2026-04-06 09:05:43 | INFO     | woobot.main | Database ready.
2026-04-06 09:05:43 | INFO     | woobot.bale.client | BaleHttpClient session started.
2026-04-06 09:05:43 | INFO     | woobot.bale.api | BaleBot session opened (client started).
2026-04-06 09:05:43 | INFO     | woobot.main | BaleBot session opened.
2026-04-06 09:05:43 | INFO     | woobot.main | Polling loop started.
2026-04-06 09:05:46 | ERROR    | woobot.main | Polling error: [400] Bad Request: message text is empty
Traceback (most recent call last):
  File "/home/kiya/Woo_Bot/src/main.py", line 47, in polling_loop
    await router.route(update)
  File "/home/kiya/Woo_Bot/src/handlers/router.py", line 41, in route
    await self._handle_callback(update)
  File "/home/kiya/Woo_Bot/src/handlers/router.py", line 84, in _handle_callback
    await self._send_reply(chat_id, reply)
  File "/home/kiya/Woo_Bot/src/handlers/router.py", line 97, in _send_reply
    await self._bot.send_message(chat_id, reply)
  File "/home/kiya/Woo_Bot/src/bale/api.py", line 88, in send_message
    return await self.client.send_message(
           ^^^^^^^^^^^^^^^^^^^^^^^^^^^^^^^
  File "/home/kiya/Woo_Bot/src/bale/client.py", line 224, in send_message
    return await self.post("sendMessage", payload)
           ^^^^^^^^^^^^^^^^^^^^^^^^^^^^^^^^^^^^^^^
  File "/home/kiya/Woo_Bot/src/bale/client.py", line 110, in post
    raise BaleAPIError(
src.bale.client.BaleAPIError: [400] Bad Request: message text is empty
2026-04-06 09:07:11 | ERROR    | woobot.main | Polling error: 'full_name'
Traceback (most recent call last):
  File "/home/kiya/Woo_Bot/src/main.py", line 47, in polling_loop
    await router.route(update)
  File "/home/kiya/Woo_Bot/src/handlers/router.py", line 41, in route
    await self._handle_callback(update)
  File "/home/kiya/Woo_Bot/src/handlers/router.py", line 80, in _handle_callback
    reply = await self._reg_handler.handle_callback(chat_id, data)
            ^^^^^^^^^^^^^^^^^^^^^^^^^^^^^^^^^^^^^^^^^^^^^^^^^^^^^^
  File "/home/kiya/Woo_Bot/src/handlers/registration_handler.py", line 547, in handle_callback
    await self._finalize_registration(chat_id, category)
  File "/home/kiya/Woo_Bot/src/handlers/registration_handler.py", line 566, in _finalize_registration
    full_name     = data["full_name"],
                    ~~~~^^^^^^^^^^^^^
KeyError: 'full_name'
2026-04-06 09:07:17 | ERROR    | woobot.main | Polling error: 'full_name'
Traceback (most recent call last):
  File "/home/kiya/Woo_Bot/src/main.py", line 47, in polling_loop
    await router.route(update)
  File "/home/kiya/Woo_Bot/src/handlers/router.py", line 41, in route
    await self._handle_callback(update)
  File "/home/kiya/Woo_Bot/src/handlers/router.py", line 80, in _handle_callback
    reply = await self._reg_handler.handle_callback(chat_id, data)
            ^^^^^^^^^^^^^^^^^^^^^^^^^^^^^^^^^^^^^^^^^^^^^^^^^^^^^^
  File "/home/kiya/Woo_Bot/src/handlers/registration_handler.py", line 547, in handle_callback
    await self._finalize_registration(chat_id, category)
  File "/home/kiya/Woo_Bot/src/handlers/registration_handler.py", line 566, in _finalize_registration
    full_name     = data["full_name"],
                    ~~~~^^^^^^^^^^^^^
KeyError: 'full_name'
2026-04-06 09:16:00 | ERROR    | woobot.main | Polling error: 'full_name'
Traceback (most recent call last):
  File "/home/kiya/Woo_Bot/src/main.py", line 47, in polling_loop
    await router.route(update)
  File "/home/kiya/Woo_Bot/src/handlers/router.py", line 41, in route
    await self._handle_callback(update)
  File "/home/kiya/Woo_Bot/src/handlers/router.py", line 80, in _handle_callback
    reply = await self._reg_handler.handle_callback(chat_id, data)
            ^^^^^^^^^^^^^^^^^^^^^^^^^^^^^^^^^^^^^^^^^^^^^^^^^^^^^^
  File "/home/kiya/Woo_Bot/src/handlers/registration_handler.py", line 547, in handle_callback
    await self._finalize_registration(chat_id, category)
  File "/home/kiya/Woo_Bot/src/handlers/registration_handler.py", line 566, in _finalize_registration
    full_name     = data["full_name"],
                    ~~~~^^^^^^^^^^^^^
KeyError: 'full_name'
2026-04-06 09:24:29 | ERROR    | woobot.main | Polling error: 'full_name'
Traceback (most recent call last):
  File "/home/kiya/Woo_Bot/src/main.py", line 47, in polling_loop
    await router.route(update)
  File "/home/kiya/Woo_Bot/src/handlers/router.py", line 41, in route
    await self._handle_callback(update)
  File "/home/kiya/Woo_Bot/src/handlers/router.py", line 80, in _handle_callback
    reply = await self._reg_handler.handle_callback(chat_id, data)
            ^^^^^^^^^^^^^^^^^^^^^^^^^^^^^^^^^^^^^^^^^^^^^^^^^^^^^^
  File "/home/kiya/Woo_Bot/src/handlers/registration_handler.py", line 547, in handle_callback
    # ---------------------------------------------------------
            ^^^^^^^^^^^^^^^^^^^^^^^^^^^^^^^^^^^^^^^^^^^^^^^^^^^^
  File "/home/kiya/Woo_Bot/src/handlers/registration_handler.py", line 566, in _finalize_registration
KeyError: 'full_name'
2026-04-06 09:24:33 | INFO     | woobot.main | Polling cancelled.
2026-04-06 09:24:33 | INFO     | woobot.bale.client | BaleHttpClient session closed.
2026-04-06 09:24:33 | INFO     | woobot.bale.api | BaleBot session closed (client stopped).
2026-04-06 09:24:33 | INFO     | woobot.main | WooBot stopped.
2026-04-06 09:24:35 | INFO     | root | Logging initialized — level=INFO file=logs/woobot.log
2026-04-06 09:24:35 | INFO     | woobot.main | WooBot starting...
2026-04-06 09:24:35 | INFO     | src.database.db_manager | ✅ Database initialized successfully.
2026-04-06 09:24:35 | INFO     | woobot.main | Database ready.
2026-04-06 09:24:35 | INFO     | woobot.bale.client | BaleHttpClient session started.
2026-04-06 09:24:35 | INFO     | woobot.bale.api | BaleBot session opened (client started).
2026-04-06 09:24:35 | INFO     | woobot.main | BaleBot session opened.
2026-04-06 09:24:35 | INFO     | woobot.main | Polling loop started.
2026-04-06 09:24:37 | ERROR    | woobot.main | Polling error: 'full_name'
Traceback (most recent call last):
  File "/home/kiya/Woo_Bot/src/main.py", line 47, in polling_loop
    await router.route(update)
  File "/home/kiya/Woo_Bot/src/handlers/router.py", line 41, in route
    await self._handle_callback(update)
  File "/home/kiya/Woo_Bot/src/handlers/router.py", line 80, in _handle_callback
    reply = await self._reg_handler.handle_callback(chat_id, data)
            ^^^^^^^^^^^^^^^^^^^^^^^^^^^^^^^^^^^^^^^^^^^^^^^^^^^^^^
  File "/home/kiya/Woo_Bot/src/handlers/registration_handler.py", line 606, in handle_callback
    await self._finalize_registration(chat_id, category)
  File "/home/kiya/Woo_Bot/src/handlers/registration_handler.py", line 628, in _finalize_registration
    full_name     = data["full_name"],
                    ~~~~^^^^^^^^^^^^^
KeyError: 'full_name'
2026-04-06 09:24:55 | INFO     | woobot.handlers.registration | Registration / login started for chat_id=921659350
2026-04-06 09:25:01 | INFO     | httpx | HTTP Request: POST https://rest.payamak-panel.com/api/SendSMS/SendSMS "HTTP/1.1 200 OK"
2026-04-06 09:25:01 | INFO     | woobot.auth.otp_service | OTP sent to 09128581871 (code=461577) – success=True – 2.35 s
2026-04-06 09:25:01 | ERROR    | woobot.main | Polling error: [400] Bad Request: message text is empty
Traceback (most recent call last):
  File "/home/kiya/Woo_Bot/src/main.py", line 47, in polling_loop
    await router.route(update)
  File "/home/kiya/Woo_Bot/src/handlers/router.py", line 38, in route
    await self._handle_message(update)
  File "/home/kiya/Woo_Bot/src/handlers/router.py", line 62, in _handle_message
    await self._send_reply(chat_id, reply)
  File "/home/kiya/Woo_Bot/src/handlers/router.py", line 95, in _send_reply
    await self._bot.send_message(chat_id, text, reply_markup=markup)
  File "/home/kiya/Woo_Bot/src/bale/api.py", line 88, in send_message
    return await self.client.send_message(
           ^^^^^^^^^^^^^^^^^^^^^^^^^^^^^^^
  File "/home/kiya/Woo_Bot/src/bale/client.py", line 224, in send_message
    return await self.post("sendMessage", payload)
           ^^^^^^^^^^^^^^^^^^^^^^^^^^^^^^^^^^^^^^^
  File "/home/kiya/Woo_Bot/src/bale/client.py", line 110, in post
    raise BaleAPIError(
src.bale.client.BaleAPIError: [400] Bad Request: message text is empty
2026-04-06 09:25:07 | INFO     | woobot.auth.otp_service | OTP verified successfully for 09128581871
2026-04-06 09:25:37 | ERROR    | woobot.main | Polling error: [400] Bad Request: message text is empty
Traceback (most recent call last):
  File "/home/kiya/Woo_Bot/src/main.py", line 47, in polling_loop
    await router.route(update)
  File "/home/kiya/Woo_Bot/src/handlers/router.py", line 41, in route
    await self._handle_callback(update)
  File "/home/kiya/Woo_Bot/src/handlers/router.py", line 84, in _handle_callback
    await self._send_reply(chat_id, reply)
  File "/home/kiya/Woo_Bot/src/handlers/router.py", line 97, in _send_reply
    await self._bot.send_message(chat_id, reply)
  File "/home/kiya/Woo_Bot/src/bale/api.py", line 88, in send_message
    return await self.client.send_message(
           ^^^^^^^^^^^^^^^^^^^^^^^^^^^^^^^
  File "/home/kiya/Woo_Bot/src/bale/client.py", line 224, in send_message
    return await self.post("sendMessage", payload)
           ^^^^^^^^^^^^^^^^^^^^^^^^^^^^^^^^^^^^^^^
  File "/home/kiya/Woo_Bot/src/bale/client.py", line 110, in post
    raise BaleAPIError(
src.bale.client.BaleAPIError: [400] Bad Request: message text is empty
2026-04-06 09:26:13 | ERROR    | woobot.main | Polling error: UserManager.register_user() got an unexpected keyword argument 'phone'
Traceback (most recent call last):
  File "/home/kiya/Woo_Bot/src/main.py", line 47, in polling_loop
    await router.route(update)
  File "/home/kiya/Woo_Bot/src/handlers/router.py", line 41, in route
    await self._handle_callback(update)
  File "/home/kiya/Woo_Bot/src/handlers/router.py", line 80, in _handle_callback
    reply = await self._reg_handler.handle_callback(chat_id, data)
            ^^^^^^^^^^^^^^^^^^^^^^^^^^^^^^^^^^^^^^^^^^^^^^^^^^^^^^
  File "/home/kiya/Woo_Bot/src/handlers/registration_handler.py", line 606, in handle_callback
    await self._finalize_registration(chat_id, category)
  File "/home/kiya/Woo_Bot/src/handlers/registration_handler.py", line 627, in _finalize_registration
    self._um.register_user(
TypeError: UserManager.register_user() got an unexpected keyword argument 'phone'
2026-04-06 09:53:36 | WARNING  | woobot.bale.client | GET getUpdates attempt 1/3 failed: 
2026-04-06 09:54:30 | WARNING  | woobot.bale.client | GET getUpdates attempt 1/3 failed: 
2026-04-06 09:55:43 | WARNING  | woobot.bale.client | GET getUpdates attempt 1/3 failed: 
2026-04-06 10:08:21 | ERROR    | woobot.main | Polling error: UserManager.register_user() got an unexpected keyword argument 'phone'
Traceback (most recent call last):
  File "/home/kiya/Woo_Bot/src/main.py", line 47, in polling_loop
    await router.route(update)
  File "/home/kiya/Woo_Bot/src/handlers/router.py", line 41, in route
    await self._handle_callback(update)
  File "/home/kiya/Woo_Bot/src/handlers/router.py", line 80, in _handle_callback
    reply = await self._reg_handler.handle_callback(chat_id, data)
            ^^^^^^^^^^^^^^^^^^^^^^^^^^^^^^^^^^^^^^^^^^^^^^^^^^^^^^
  File "/home/kiya/Woo_Bot/src/handlers/registration_handler.py", line 606, in handle_callback
    return MSG["invalid"]
        ^^^^^^^^^^^^^^^^^^
  File "/home/kiya/Woo_Bot/src/handlers/registration_handler.py", line 627, in _finalize_registration
    return "phone" in data
TypeError: UserManager.register_user() got an unexpected keyword argument 'phone'
2026-04-06 10:08:26 | INFO     | woobot.main | Polling cancelled.
2026-04-06 10:08:26 | INFO     | woobot.bale.client | BaleHttpClient session closed.
2026-04-06 10:08:26 | INFO     | woobot.bale.api | BaleBot session closed (client stopped).
2026-04-06 10:08:26 | INFO     | woobot.main | WooBot stopped.
2026-04-06 10:08:28 | INFO     | root | Logging initialized — level=INFO file=logs/woobot.log
2026-04-06 10:08:28 | INFO     | woobot.main | WooBot starting...
2026-04-06 10:08:28 | INFO     | src.database.db_manager | ✅ Database initialized successfully.
2026-04-06 10:08:28 | INFO     | woobot.main | Database ready.
2026-04-06 10:08:28 | INFO     | woobot.bale.client | BaleHttpClient session started.
2026-04-06 10:08:28 | INFO     | woobot.bale.api | BaleBot session opened (client started).
2026-04-06 10:08:28 | INFO     | woobot.main | BaleBot session opened.
2026-04-06 10:08:28 | INFO     | woobot.main | Polling loop started.
2026-04-06 10:08:41 | INFO     | woobot.handlers.registration | Registration / login started for chat_id=921659350
2026-04-06 10:08:45 | INFO     | httpx | HTTP Request: POST https://rest.payamak-panel.com/api/SendSMS/SendSMS "HTTP/1.1 200 OK"
2026-04-06 10:08:45 | INFO     | woobot.auth.otp_service | OTP sent to 09128581871 (code=543200) – success=True – 0.32 s
2026-04-06 10:08:45 | ERROR    | woobot.main | Polling error: [400] Bad Request: message text is empty
Traceback (most recent call last):
  File "/home/kiya/Woo_Bot/src/main.py", line 47, in polling_loop
    await router.route(update)
  File "/home/kiya/Woo_Bot/src/handlers/router.py", line 38, in route
    await self._handle_message(update)
  File "/home/kiya/Woo_Bot/src/handlers/router.py", line 62, in _handle_message
    await self._send_reply(chat_id, reply)
  File "/home/kiya/Woo_Bot/src/handlers/router.py", line 95, in _send_reply
    await self._bot.send_message(chat_id, text, reply_markup=markup)
  File "/home/kiya/Woo_Bot/src/bale/api.py", line 88, in send_message
    return await self.client.send_message(
           ^^^^^^^^^^^^^^^^^^^^^^^^^^^^^^^
  File "/home/kiya/Woo_Bot/src/bale/client.py", line 224, in send_message
    return await self.post("sendMessage", payload)
           ^^^^^^^^^^^^^^^^^^^^^^^^^^^^^^^^^^^^^^^
  File "/home/kiya/Woo_Bot/src/bale/client.py", line 110, in post
    raise BaleAPIError(
src.bale.client.BaleAPIError: [400] Bad Request: message text is empty
2026-04-06 10:09:01 | INFO     | woobot.auth.otp_service | OTP verified successfully for 09128581871
2026-04-06 10:09:22 | ERROR    | woobot.main | Polling error: [400] Bad Request: message text is empty
Traceback (most recent call last):
  File "/home/kiya/Woo_Bot/src/main.py", line 47, in polling_loop
    await router.route(update)
  File "/home/kiya/Woo_Bot/src/handlers/router.py", line 41, in route
    await self._handle_callback(update)
  File "/home/kiya/Woo_Bot/src/handlers/router.py", line 84, in _handle_callback
    await self._send_reply(chat_id, reply)
  File "/home/kiya/Woo_Bot/src/handlers/router.py", line 97, in _send_reply
    await self._bot.send_message(chat_id, reply)
  File "/home/kiya/Woo_Bot/src/bale/api.py", line 88, in send_message
    return await self.client.send_message(
           ^^^^^^^^^^^^^^^^^^^^^^^^^^^^^^^
  File "/home/kiya/Woo_Bot/src/bale/client.py", line 224, in send_message
    return await self.post("sendMessage", payload)
           ^^^^^^^^^^^^^^^^^^^^^^^^^^^^^^^^^^^^^^^
  File "/home/kiya/Woo_Bot/src/bale/client.py", line 110, in post
    raise BaleAPIError(
src.bale.client.BaleAPIError: [400] Bad Request: message text is empty
2026-04-06 10:09:42 | INFO     | src.auth.user_manager | New user registered: 1
2026-04-06 10:09:42 | ERROR    | woobot.handlers.registration | Error during final registration: 'business_name' is an invalid keyword argument for StoreSettings
2026-04-06 10:09:42 | ERROR    | woobot.main | Polling error: 'business_name' is an invalid keyword argument for StoreSettings
Traceback (most recent call last):
  File "/home/kiya/Woo_Bot/src/main.py", line 47, in polling_loop
    await router.route(update)
  File "/home/kiya/Woo_Bot/src/handlers/router.py", line 41, in route
    await self._handle_callback(update)
  File "/home/kiya/Woo_Bot/src/handlers/router.py", line 80, in _handle_callback
    reply = await self._reg_handler.handle_callback(chat_id, data)
            ^^^^^^^^^^^^^^^^^^^^^^^^^^^^^^^^^^^^^^^^^^^^^^^^^^^^^^
  File "/home/kiya/Woo_Bot/src/handlers/registration_handler.py", line 602, in handle_callback
    await self._finalize_registration(chat_id, category)
  File "/home/kiya/Woo_Bot/src/handlers/registration_handler.py", line 694, in _finalize_registration
    raise e
  File "/home/kiya/Woo_Bot/src/handlers/registration_handler.py", line 667, in _finalize_registration
    store = StoreSettings(
            ^^^^^^^^^^^^^^
  File "<string>", line 4, in __init__
  File "/home/kiya/Woo_Bot/venv/lib/python3.12/site-packages/sqlalchemy/orm/state.py", line 596, in _initialize_instance
    with util.safe_reraise():
  File "/home/kiya/Woo_Bot/venv/lib/python3.12/site-packages/sqlalchemy/util/langhelpers.py", line 121, in __exit__
    raise exc_value.with_traceback(exc_tb)
  File "/home/kiya/Woo_Bot/venv/lib/python3.12/site-packages/sqlalchemy/orm/state.py", line 594, in _initialize_instance
    manager.original_init(*mixed[1:], **kwargs)
  File "/home/kiya/Woo_Bot/venv/lib/python3.12/site-packages/sqlalchemy/orm/decl_base.py", line 2179, in _declarative_constructor
    raise TypeError(
TypeError: 'business_name' is an invalid keyword argument for StoreSettings
2026-04-06 10:09:47 | ERROR    | woobot.handlers.registration | Error during final registration: این کاربر قبلاً ثبت‌نام کرده است
2026-04-06 10:09:50 | ERROR    | woobot.handlers.registration | Error during final registration: این کاربر قبلاً ثبت‌نام کرده است
2026-04-06 10:09:52 | ERROR    | woobot.handlers.registration | Error during final registration: این کاربر قبلاً ثبت‌نام کرده است
2026-04-06 10:11:14 | INFO     | woobot.main | Polling cancelled.
2026-04-06 10:11:14 | INFO     | woobot.bale.client | BaleHttpClient session closed.
2026-04-06 10:11:14 | INFO     | woobot.bale.api | BaleBot session closed (client stopped).
2026-04-06 10:11:14 | INFO     | woobot.main | WooBot stopped.
2026-04-06 10:23:00 | INFO     | root | Logging initialized — level=INFO file=logs/woobot.log
2026-04-06 10:23:00 | INFO     | woobot.main | WooBot starting...
2026-04-06 10:23:01 | INFO     | src.database.db_manager | ✅ Database initialized successfully.
2026-04-06 10:23:01 | INFO     | woobot.main | Database ready.
2026-04-06 10:23:01 | INFO     | woobot.bale.client | BaleHttpClient session started.
2026-04-06 10:23:01 | INFO     | woobot.bale.api | BaleBot session opened (client started).
2026-04-06 10:23:01 | INFO     | woobot.main | BaleBot session opened.
2026-04-06 10:23:01 | INFO     | woobot.main | Polling loop started.
2026-04-06 10:23:01 | ERROR    | woobot.bale.client | Failed to parse JSON response: Expecting value: line 1 column 1 (char 0)
2026-04-06 10:23:01 | ERROR    | woobot.bale.client | Raw response content: <html>
<head><title>503 Service Temporarily Unavailable</title></head>
<body>
<center><h1>503 Service Temporarily Unavailable</h1></center>
<hr><center>nginx</center>
</body>
</html>

2026-04-06 10:23:01 | ERROR    | woobot.main | Polling error: Expecting value: line 1 column 1 (char 0)
Traceback (most recent call last):
  File "/home/kiya/Woo_Bot/src/main.py", line 42, in polling_loop
    response = await bot.get_updates(offset=offset, timeout=POLL_TIMEOUT)
               ^^^^^^^^^^^^^^^^^^^^^^^^^^^^^^^^^^^^^^^^^^^^^^^^^^^^^^^^^^
  File "/home/kiya/Woo_Bot/src/bale/api.py", line 67, in get_updates
    return await self.client.get_updates(offset=offset, timeout=timeout)
           ^^^^^^^^^^^^^^^^^^^^^^^^^^^^^^^^^^^^^^^^^^^^^^^^^^^^^^^^^^^^^
  File "/home/kiya/Woo_Bot/src/bale/client.py", line 189, in get_updates
    return await self.get(
           ^^^^^^^^^^^^^^^
  File "/home/kiya/Woo_Bot/src/bale/client.py", line 152, in get
    data = await resp.json(content_type=None)
           ^^^^^^^^^^^^^^^^^^^^^^^^^^^^^^^^^^
  File "/home/kiya/Woo_Bot/venv/lib/python3.12/site-packages/aiohttp/client_reqrep.py", line 773, in json
    return loads(stripped.decode(encoding))
           ^^^^^^^^^^^^^^^^^^^^^^^^^^^^^^^^
  File "/usr/lib/python3.12/json/__init__.py", line 346, in loads
    return _default_decoder.decode(s)
           ^^^^^^^^^^^^^^^^^^^^^^^^^^
  File "/usr/lib/python3.12/json/decoder.py", line 337, in decode
    obj, end = self.raw_decode(s, idx=_w(s, 0).end())
               ^^^^^^^^^^^^^^^^^^^^^^^^^^^^^^^^^^^^^^
  File "/usr/lib/python3.12/json/decoder.py", line 355, in raw_decode
    raise JSONDecodeError("Expecting value", s, err.value) from None
json.decoder.JSONDecodeError: Expecting value: line 1 column 1 (char 0)
2026-04-06 10:23:04 | ERROR    | woobot.bale.client | Failed to parse JSON response: Expecting value: line 1 column 1 (char 0)
2026-04-06 10:23:04 | ERROR    | woobot.bale.client | Raw response content: <html>
<head><title>503 Service Temporarily Unavailable</title></head>
<body>
<center><h1>503 Service Temporarily Unavailable</h1></center>
<hr><center>nginx</center>
</body>
</html>

2026-04-06 10:23:04 | ERROR    | woobot.main | Polling error: Expecting value: line 1 column 1 (char 0)
Traceback (most recent call last):
  File "/home/kiya/Woo_Bot/src/main.py", line 42, in polling_loop
    response = await bot.get_updates(offset=offset, timeout=POLL_TIMEOUT)
               ^^^^^^^^^^^^^^^^^^^^^^^^^^^^^^^^^^^^^^^^^^^^^^^^^^^^^^^^^^
  File "/home/kiya/Woo_Bot/src/bale/api.py", line 67, in get_updates
    return await self.client.get_updates(offset=offset, timeout=timeout)
           ^^^^^^^^^^^^^^^^^^^^^^^^^^^^^^^^^^^^^^^^^^^^^^^^^^^^^^^^^^^^^
  File "/home/kiya/Woo_Bot/src/bale/client.py", line 189, in get_updates
    return await self.get(
           ^^^^^^^^^^^^^^^
  File "/home/kiya/Woo_Bot/src/bale/client.py", line 152, in get
    data = await resp.json(content_type=None)
           ^^^^^^^^^^^^^^^^^^^^^^^^^^^^^^^^^^
  File "/home/kiya/Woo_Bot/venv/lib/python3.12/site-packages/aiohttp/client_reqrep.py", line 773, in json
    return loads(stripped.decode(encoding))
           ^^^^^^^^^^^^^^^^^^^^^^^^^^^^^^^^
  File "/usr/lib/python3.12/json/__init__.py", line 346, in loads
    return _default_decoder.decode(s)
           ^^^^^^^^^^^^^^^^^^^^^^^^^^
  File "/usr/lib/python3.12/json/decoder.py", line 337, in decode
    obj, end = self.raw_decode(s, idx=_w(s, 0).end())
               ^^^^^^^^^^^^^^^^^^^^^^^^^^^^^^^^^^^^^^
  File "/usr/lib/python3.12/json/decoder.py", line 355, in raw_decode
    raise JSONDecodeError("Expecting value", s, err.value) from None
json.decoder.JSONDecodeError: Expecting value: line 1 column 1 (char 0)
2026-04-06 10:23:07 | ERROR    | woobot.bale.client | Failed to parse JSON response: Expecting value: line 1 column 1 (char 0)
2026-04-06 10:23:07 | ERROR    | woobot.bale.client | Raw response content: <html>
<head><title>503 Service Temporarily Unavailable</title></head>
<body>
<center><h1>503 Service Temporarily Unavailable</h1></center>
<hr><center>nginx</center>
</body>
</html>

2026-04-06 10:23:07 | ERROR    | woobot.main | Polling error: Expecting value: line 1 column 1 (char 0)
Traceback (most recent call last):
  File "/home/kiya/Woo_Bot/src/main.py", line 42, in polling_loop
    response = await bot.get_updates(offset=offset, timeout=POLL_TIMEOUT)
               ^^^^^^^^^^^^^^^^^^^^^^^^^^^^^^^^^^^^^^^^^^^^^^^^^^^^^^^^^^
  File "/home/kiya/Woo_Bot/src/bale/api.py", line 67, in get_updates
    return await self.client.get_updates(offset=offset, timeout=timeout)
           ^^^^^^^^^^^^^^^^^^^^^^^^^^^^^^^^^^^^^^^^^^^^^^^^^^^^^^^^^^^^^
  File "/home/kiya/Woo_Bot/src/bale/client.py", line 189, in get_updates
    return await self.get(
           ^^^^^^^^^^^^^^^
  File "/home/kiya/Woo_Bot/src/bale/client.py", line 152, in get
    data = await resp.json(content_type=None)
           ^^^^^^^^^^^^^^^^^^^^^^^^^^^^^^^^^^
  File "/home/kiya/Woo_Bot/venv/lib/python3.12/site-packages/aiohttp/client_reqrep.py", line 773, in json
    return loads(stripped.decode(encoding))
           ^^^^^^^^^^^^^^^^^^^^^^^^^^^^^^^^
  File "/usr/lib/python3.12/json/__init__.py", line 346, in loads
    return _default_decoder.decode(s)
           ^^^^^^^^^^^^^^^^^^^^^^^^^^
  File "/usr/lib/python3.12/json/decoder.py", line 337, in decode
    obj, end = self.raw_decode(s, idx=_w(s, 0).end())
               ^^^^^^^^^^^^^^^^^^^^^^^^^^^^^^^^^^^^^^
  File "/usr/lib/python3.12/json/decoder.py", line 355, in raw_decode
    raise JSONDecodeError("Expecting value", s, err.value) from None
json.decoder.JSONDecodeError: Expecting value: line 1 column 1 (char 0)
2026-04-06 10:23:10 | ERROR    | woobot.bale.client | Failed to parse JSON response: Expecting value: line 1 column 1 (char 0)
2026-04-06 10:23:10 | ERROR    | woobot.bale.client | Raw response content: <html>
<head><title>503 Service Temporarily Unavailable</title></head>
<body>
<center><h1>503 Service Temporarily Unavailable</h1></center>
<hr><center>nginx</center>
</body>
</html>

2026-04-06 10:23:10 | ERROR    | woobot.main | Polling error: Expecting value: line 1 column 1 (char 0)
Traceback (most recent call last):
  File "/home/kiya/Woo_Bot/src/main.py", line 42, in polling_loop
    response = await bot.get_updates(offset=offset, timeout=POLL_TIMEOUT)
               ^^^^^^^^^^^^^^^^^^^^^^^^^^^^^^^^^^^^^^^^^^^^^^^^^^^^^^^^^^
  File "/home/kiya/Woo_Bot/src/bale/api.py", line 67, in get_updates
    return await self.client.get_updates(offset=offset, timeout=timeout)
           ^^^^^^^^^^^^^^^^^^^^^^^^^^^^^^^^^^^^^^^^^^^^^^^^^^^^^^^^^^^^^
  File "/home/kiya/Woo_Bot/src/bale/client.py", line 189, in get_updates
    return await self.get(
           ^^^^^^^^^^^^^^^
  File "/home/kiya/Woo_Bot/src/bale/client.py", line 152, in get
    data = await resp.json(content_type=None)
           ^^^^^^^^^^^^^^^^^^^^^^^^^^^^^^^^^^
  File "/home/kiya/Woo_Bot/venv/lib/python3.12/site-packages/aiohttp/client_reqrep.py", line 773, in json
    return loads(stripped.decode(encoding))
           ^^^^^^^^^^^^^^^^^^^^^^^^^^^^^^^^
  File "/usr/lib/python3.12/json/__init__.py", line 346, in loads
    return _default_decoder.decode(s)
           ^^^^^^^^^^^^^^^^^^^^^^^^^^
  File "/usr/lib/python3.12/json/decoder.py", line 337, in decode
    obj, end = self.raw_decode(s, idx=_w(s, 0).end())
               ^^^^^^^^^^^^^^^^^^^^^^^^^^^^^^^^^^^^^^
  File "/usr/lib/python3.12/json/decoder.py", line 355, in raw_decode
    raise JSONDecodeError("Expecting value", s, err.value) from None
json.decoder.JSONDecodeError: Expecting value: line 1 column 1 (char 0)
2026-04-06 10:23:13 | ERROR    | woobot.bale.client | Failed to parse JSON response: Expecting value: line 1 column 1 (char 0)
2026-04-06 10:23:13 | ERROR    | woobot.bale.client | Raw response content: <html>
<head><title>503 Service Temporarily Unavailable</title></head>
<body>
<center><h1>503 Service Temporarily Unavailable</h1></center>
<hr><center>nginx</center>
</body>
</html>

2026-04-06 10:23:13 | ERROR    | woobot.main | Polling error: Expecting value: line 1 column 1 (char 0)
Traceback (most recent call last):
  File "/home/kiya/Woo_Bot/src/main.py", line 42, in polling_loop
    response = await bot.get_updates(offset=offset, timeout=POLL_TIMEOUT)
               ^^^^^^^^^^^^^^^^^^^^^^^^^^^^^^^^^^^^^^^^^^^^^^^^^^^^^^^^^^
  File "/home/kiya/Woo_Bot/src/bale/api.py", line 67, in get_updates
    return await self.client.get_updates(offset=offset, timeout=timeout)
           ^^^^^^^^^^^^^^^^^^^^^^^^^^^^^^^^^^^^^^^^^^^^^^^^^^^^^^^^^^^^^
  File "/home/kiya/Woo_Bot/src/bale/client.py", line 189, in get_updates
    return await self.get(
           ^^^^^^^^^^^^^^^
  File "/home/kiya/Woo_Bot/src/bale/client.py", line 152, in get
    data = await resp.json(content_type=None)
           ^^^^^^^^^^^^^^^^^^^^^^^^^^^^^^^^^^
  File "/home/kiya/Woo_Bot/venv/lib/python3.12/site-packages/aiohttp/client_reqrep.py", line 773, in json
    return loads(stripped.decode(encoding))
           ^^^^^^^^^^^^^^^^^^^^^^^^^^^^^^^^
  File "/usr/lib/python3.12/json/__init__.py", line 346, in loads
    return _default_decoder.decode(s)
           ^^^^^^^^^^^^^^^^^^^^^^^^^^
  File "/usr/lib/python3.12/json/decoder.py", line 337, in decode
    obj, end = self.raw_decode(s, idx=_w(s, 0).end())
               ^^^^^^^^^^^^^^^^^^^^^^^^^^^^^^^^^^^^^^
  File "/usr/lib/python3.12/json/decoder.py", line 355, in raw_decode
    raise JSONDecodeError("Expecting value", s, err.value) from None
json.decoder.JSONDecodeError: Expecting value: line 1 column 1 (char 0)
2026-04-06 10:23:16 | ERROR    | woobot.bale.client | Failed to parse JSON response: Expecting value: line 1 column 1 (char 0)
2026-04-06 10:23:16 | ERROR    | woobot.bale.client | Raw response content: <html>
<head><title>503 Service Temporarily Unavailable</title></head>
<body>
<center><h1>503 Service Temporarily Unavailable</h1></center>
<hr><center>nginx</center>
</body>
</html>

2026-04-06 10:23:16 | ERROR    | woobot.main | Polling error: Expecting value: line 1 column 1 (char 0)
Traceback (most recent call last):
  File "/home/kiya/Woo_Bot/src/main.py", line 42, in polling_loop
    response = await bot.get_updates(offset=offset, timeout=POLL_TIMEOUT)
               ^^^^^^^^^^^^^^^^^^^^^^^^^^^^^^^^^^^^^^^^^^^^^^^^^^^^^^^^^^
  File "/home/kiya/Woo_Bot/src/bale/api.py", line 67, in get_updates
    return await self.client.get_updates(offset=offset, timeout=timeout)
           ^^^^^^^^^^^^^^^^^^^^^^^^^^^^^^^^^^^^^^^^^^^^^^^^^^^^^^^^^^^^^
  File "/home/kiya/Woo_Bot/src/bale/client.py", line 189, in get_updates
    return await self.get(
           ^^^^^^^^^^^^^^^
  File "/home/kiya/Woo_Bot/src/bale/client.py", line 152, in get
    data = await resp.json(content_type=None)
           ^^^^^^^^^^^^^^^^^^^^^^^^^^^^^^^^^^
  File "/home/kiya/Woo_Bot/venv/lib/python3.12/site-packages/aiohttp/client_reqrep.py", line 773, in json
    return loads(stripped.decode(encoding))
           ^^^^^^^^^^^^^^^^^^^^^^^^^^^^^^^^
  File "/usr/lib/python3.12/json/__init__.py", line 346, in loads
    return _default_decoder.decode(s)
           ^^^^^^^^^^^^^^^^^^^^^^^^^^
  File "/usr/lib/python3.12/json/decoder.py", line 337, in decode
    obj, end = self.raw_decode(s, idx=_w(s, 0).end())
               ^^^^^^^^^^^^^^^^^^^^^^^^^^^^^^^^^^^^^^
  File "/usr/lib/python3.12/json/decoder.py", line 355, in raw_decode
    raise JSONDecodeError("Expecting value", s, err.value) from None
json.decoder.JSONDecodeError: Expecting value: line 1 column 1 (char 0)
2026-04-06 10:23:19 | ERROR    | woobot.bale.client | Failed to parse JSON response: Expecting value: line 1 column 1 (char 0)
2026-04-06 10:23:19 | ERROR    | woobot.bale.client | Raw response content: <html>
<head><title>503 Service Temporarily Unavailable</title></head>
<body>
<center><h1>503 Service Temporarily Unavailable</h1></center>
<hr><center>nginx</center>
</body>
</html>

2026-04-06 10:23:19 | ERROR    | woobot.main | Polling error: Expecting value: line 1 column 1 (char 0)
Traceback (most recent call last):
  File "/home/kiya/Woo_Bot/src/main.py", line 42, in polling_loop
    response = await bot.get_updates(offset=offset, timeout=POLL_TIMEOUT)
               ^^^^^^^^^^^^^^^^^^^^^^^^^^^^^^^^^^^^^^^^^^^^^^^^^^^^^^^^^^
  File "/home/kiya/Woo_Bot/src/bale/api.py", line 67, in get_updates
    return await self.client.get_updates(offset=offset, timeout=timeout)
           ^^^^^^^^^^^^^^^^^^^^^^^^^^^^^^^^^^^^^^^^^^^^^^^^^^^^^^^^^^^^^
  File "/home/kiya/Woo_Bot/src/bale/client.py", line 189, in get_updates
    return await self.get(
           ^^^^^^^^^^^^^^^
  File "/home/kiya/Woo_Bot/src/bale/client.py", line 152, in get
    data = await resp.json(content_type=None)
           ^^^^^^^^^^^^^^^^^^^^^^^^^^^^^^^^^^
  File "/home/kiya/Woo_Bot/venv/lib/python3.12/site-packages/aiohttp/client_reqrep.py", line 773, in json
    return loads(stripped.decode(encoding))
           ^^^^^^^^^^^^^^^^^^^^^^^^^^^^^^^^
  File "/usr/lib/python3.12/json/__init__.py", line 346, in loads
    return _default_decoder.decode(s)
           ^^^^^^^^^^^^^^^^^^^^^^^^^^
  File "/usr/lib/python3.12/json/decoder.py", line 337, in decode
    obj, end = self.raw_decode(s, idx=_w(s, 0).end())
               ^^^^^^^^^^^^^^^^^^^^^^^^^^^^^^^^^^^^^^
  File "/usr/lib/python3.12/json/decoder.py", line 355, in raw_decode
    raise JSONDecodeError("Expecting value", s, err.value) from None
json.decoder.JSONDecodeError: Expecting value: line 1 column 1 (char 0)
2026-04-06 10:23:22 | ERROR    | woobot.bale.client | Failed to parse JSON response: Expecting value: line 1 column 1 (char 0)
2026-04-06 10:23:22 | ERROR    | woobot.bale.client | Raw response content: <html>
<head><title>503 Service Temporarily Unavailable</title></head>
<body>
<center><h1>503 Service Temporarily Unavailable</h1></center>
<hr><center>nginx</center>
</body>
</html>

2026-04-06 10:23:22 | ERROR    | woobot.main | Polling error: Expecting value: line 1 column 1 (char 0)
Traceback (most recent call last):
  File "/home/kiya/Woo_Bot/src/main.py", line 42, in polling_loop
    response = await bot.get_updates(offset=offset, timeout=POLL_TIMEOUT)
               ^^^^^^^^^^^^^^^^^^^^^^^^^^^^^^^^^^^^^^^^^^^^^^^^^^^^^^^^^^
  File "/home/kiya/Woo_Bot/src/bale/api.py", line 67, in get_updates
    return await self.client.get_updates(offset=offset, timeout=timeout)
           ^^^^^^^^^^^^^^^^^^^^^^^^^^^^^^^^^^^^^^^^^^^^^^^^^^^^^^^^^^^^^
  File "/home/kiya/Woo_Bot/src/bale/client.py", line 189, in get_updates
    return await self.get(
           ^^^^^^^^^^^^^^^
  File "/home/kiya/Woo_Bot/src/bale/client.py", line 152, in get
    data = await resp.json(content_type=None)
           ^^^^^^^^^^^^^^^^^^^^^^^^^^^^^^^^^^
  File "/home/kiya/Woo_Bot/venv/lib/python3.12/site-packages/aiohttp/client_reqrep.py", line 773, in json
    return loads(stripped.decode(encoding))
           ^^^^^^^^^^^^^^^^^^^^^^^^^^^^^^^^
  File "/usr/lib/python3.12/json/__init__.py", line 346, in loads
    return _default_decoder.decode(s)
           ^^^^^^^^^^^^^^^^^^^^^^^^^^
  File "/usr/lib/python3.12/json/decoder.py", line 337, in decode
    obj, end = self.raw_decode(s, idx=_w(s, 0).end())
               ^^^^^^^^^^^^^^^^^^^^^^^^^^^^^^^^^^^^^^
  File "/usr/lib/python3.12/json/decoder.py", line 355, in raw_decode
    raise JSONDecodeError("Expecting value", s, err.value) from None
json.decoder.JSONDecodeError: Expecting value: line 1 column 1 (char 0)
2026-04-06 10:23:25 | ERROR    | woobot.bale.client | Failed to parse JSON response: Expecting value: line 1 column 1 (char 0)
2026-04-06 10:23:25 | ERROR    | woobot.bale.client | Raw response content: <html>
<head><title>503 Service Temporarily Unavailable</title></head>
<body>
<center><h1>503 Service Temporarily Unavailable</h1></center>
<hr><center>nginx</center>
</body>
</html>

2026-04-06 10:23:25 | ERROR    | woobot.main | Polling error: Expecting value: line 1 column 1 (char 0)
Traceback (most recent call last):
  File "/home/kiya/Woo_Bot/src/main.py", line 42, in polling_loop
    response = await bot.get_updates(offset=offset, timeout=POLL_TIMEOUT)
               ^^^^^^^^^^^^^^^^^^^^^^^^^^^^^^^^^^^^^^^^^^^^^^^^^^^^^^^^^^
  File "/home/kiya/Woo_Bot/src/bale/api.py", line 67, in get_updates
    return await self.client.get_updates(offset=offset, timeout=timeout)
           ^^^^^^^^^^^^^^^^^^^^^^^^^^^^^^^^^^^^^^^^^^^^^^^^^^^^^^^^^^^^^
  File "/home/kiya/Woo_Bot/src/bale/client.py", line 189, in get_updates
    return await self.get(
           ^^^^^^^^^^^^^^^
  File "/home/kiya/Woo_Bot/src/bale/client.py", line 152, in get
    data = await resp.json(content_type=None)
           ^^^^^^^^^^^^^^^^^^^^^^^^^^^^^^^^^^
  File "/home/kiya/Woo_Bot/venv/lib/python3.12/site-packages/aiohttp/client_reqrep.py", line 773, in json
    return loads(stripped.decode(encoding))
           ^^^^^^^^^^^^^^^^^^^^^^^^^^^^^^^^
  File "/usr/lib/python3.12/json/__init__.py", line 346, in loads
    return _default_decoder.decode(s)
           ^^^^^^^^^^^^^^^^^^^^^^^^^^
  File "/usr/lib/python3.12/json/decoder.py", line 337, in decode
    obj, end = self.raw_decode(s, idx=_w(s, 0).end())
               ^^^^^^^^^^^^^^^^^^^^^^^^^^^^^^^^^^^^^^
  File "/usr/lib/python3.12/json/decoder.py", line 355, in raw_decode
    raise JSONDecodeError("Expecting value", s, err.value) from None
json.decoder.JSONDecodeError: Expecting value: line 1 column 1 (char 0)
2026-04-06 10:23:28 | ERROR    | woobot.bale.client | Failed to parse JSON response: Expecting value: line 1 column 1 (char 0)
2026-04-06 10:23:28 | ERROR    | woobot.bale.client | Raw response content: <html>
<head><title>503 Service Temporarily Unavailable</title></head>
<body>
<center><h1>503 Service Temporarily Unavailable</h1></center>
<hr><center>nginx</center>
</body>
</html>

2026-04-06 10:23:28 | ERROR    | woobot.main | Polling error: Expecting value: line 1 column 1 (char 0)
Traceback (most recent call last):
  File "/home/kiya/Woo_Bot/src/main.py", line 42, in polling_loop
    response = await bot.get_updates(offset=offset, timeout=POLL_TIMEOUT)
               ^^^^^^^^^^^^^^^^^^^^^^^^^^^^^^^^^^^^^^^^^^^^^^^^^^^^^^^^^^
  File "/home/kiya/Woo_Bot/src/bale/api.py", line 67, in get_updates
    return await self.client.get_updates(offset=offset, timeout=timeout)
           ^^^^^^^^^^^^^^^^^^^^^^^^^^^^^^^^^^^^^^^^^^^^^^^^^^^^^^^^^^^^^
  File "/home/kiya/Woo_Bot/src/bale/client.py", line 189, in get_updates
    return await self.get(
           ^^^^^^^^^^^^^^^
  File "/home/kiya/Woo_Bot/src/bale/client.py", line 152, in get
    data = await resp.json(content_type=None)
           ^^^^^^^^^^^^^^^^^^^^^^^^^^^^^^^^^^
  File "/home/kiya/Woo_Bot/venv/lib/python3.12/site-packages/aiohttp/client_reqrep.py", line 773, in json
    return loads(stripped.decode(encoding))
           ^^^^^^^^^^^^^^^^^^^^^^^^^^^^^^^^
  File "/usr/lib/python3.12/json/__init__.py", line 346, in loads
    return _default_decoder.decode(s)
           ^^^^^^^^^^^^^^^^^^^^^^^^^^
  File "/usr/lib/python3.12/json/decoder.py", line 337, in decode
    obj, end = self.raw_decode(s, idx=_w(s, 0).end())
               ^^^^^^^^^^^^^^^^^^^^^^^^^^^^^^^^^^^^^^
  File "/usr/lib/python3.12/json/decoder.py", line 355, in raw_decode
    raise JSONDecodeError("Expecting value", s, err.value) from None
json.decoder.JSONDecodeError: Expecting value: line 1 column 1 (char 0)
2026-04-06 10:23:31 | ERROR    | woobot.bale.client | Failed to parse JSON response: Expecting value: line 1 column 1 (char 0)
2026-04-06 10:23:31 | ERROR    | woobot.bale.client | Raw response content: <html>
<head><title>503 Service Temporarily Unavailable</title></head>
<body>
<center><h1>503 Service Temporarily Unavailable</h1></center>
<hr><center>nginx</center>
</body>
</html>

2026-04-06 10:23:31 | ERROR    | woobot.main | Polling error: Expecting value: line 1 column 1 (char 0)
Traceback (most recent call last):
  File "/home/kiya/Woo_Bot/src/main.py", line 42, in polling_loop
    response = await bot.get_updates(offset=offset, timeout=POLL_TIMEOUT)
               ^^^^^^^^^^^^^^^^^^^^^^^^^^^^^^^^^^^^^^^^^^^^^^^^^^^^^^^^^^
  File "/home/kiya/Woo_Bot/src/bale/api.py", line 67, in get_updates
    return await self.client.get_updates(offset=offset, timeout=timeout)
           ^^^^^^^^^^^^^^^^^^^^^^^^^^^^^^^^^^^^^^^^^^^^^^^^^^^^^^^^^^^^^
  File "/home/kiya/Woo_Bot/src/bale/client.py", line 189, in get_updates
    return await self.get(
           ^^^^^^^^^^^^^^^
  File "/home/kiya/Woo_Bot/src/bale/client.py", line 152, in get
    data = await resp.json(content_type=None)
           ^^^^^^^^^^^^^^^^^^^^^^^^^^^^^^^^^^
  File "/home/kiya/Woo_Bot/venv/lib/python3.12/site-packages/aiohttp/client_reqrep.py", line 773, in json
    return loads(stripped.decode(encoding))
           ^^^^^^^^^^^^^^^^^^^^^^^^^^^^^^^^
  File "/usr/lib/python3.12/json/__init__.py", line 346, in loads
    return _default_decoder.decode(s)
           ^^^^^^^^^^^^^^^^^^^^^^^^^^
  File "/usr/lib/python3.12/json/decoder.py", line 337, in decode
    obj, end = self.raw_decode(s, idx=_w(s, 0).end())
               ^^^^^^^^^^^^^^^^^^^^^^^^^^^^^^^^^^^^^^
  File "/usr/lib/python3.12/json/decoder.py", line 355, in raw_decode
    raise JSONDecodeError("Expecting value", s, err.value) from None
json.decoder.JSONDecodeError: Expecting value: line 1 column 1 (char 0)
2026-04-06 10:23:34 | ERROR    | woobot.bale.client | Failed to parse JSON response: Expecting value: line 1 column 1 (char 0)
2026-04-06 10:23:34 | ERROR    | woobot.bale.client | Raw response content: <html>
<head><title>503 Service Temporarily Unavailable</title></head>
<body>
<center><h1>503 Service Temporarily Unavailable</h1></center>
<hr><center>nginx</center>
</body>
</html>

2026-04-06 10:23:34 | ERROR    | woobot.main | Polling error: Expecting value: line 1 column 1 (char 0)
Traceback (most recent call last):
  File "/home/kiya/Woo_Bot/src/main.py", line 42, in polling_loop
    response = await bot.get_updates(offset=offset, timeout=POLL_TIMEOUT)
               ^^^^^^^^^^^^^^^^^^^^^^^^^^^^^^^^^^^^^^^^^^^^^^^^^^^^^^^^^^
  File "/home/kiya/Woo_Bot/src/bale/api.py", line 67, in get_updates
    return await self.client.get_updates(offset=offset, timeout=timeout)
           ^^^^^^^^^^^^^^^^^^^^^^^^^^^^^^^^^^^^^^^^^^^^^^^^^^^^^^^^^^^^^
  File "/home/kiya/Woo_Bot/src/bale/client.py", line 189, in get_updates
    return await self.get(
           ^^^^^^^^^^^^^^^
  File "/home/kiya/Woo_Bot/src/bale/client.py", line 152, in get
    data = await resp.json(content_type=None)
           ^^^^^^^^^^^^^^^^^^^^^^^^^^^^^^^^^^
  File "/home/kiya/Woo_Bot/venv/lib/python3.12/site-packages/aiohttp/client_reqrep.py", line 773, in json
    return loads(stripped.decode(encoding))
           ^^^^^^^^^^^^^^^^^^^^^^^^^^^^^^^^
  File "/usr/lib/python3.12/json/__init__.py", line 346, in loads
    return _default_decoder.decode(s)
           ^^^^^^^^^^^^^^^^^^^^^^^^^^
  File "/usr/lib/python3.12/json/decoder.py", line 337, in decode
    obj, end = self.raw_decode(s, idx=_w(s, 0).end())
               ^^^^^^^^^^^^^^^^^^^^^^^^^^^^^^^^^^^^^^
  File "/usr/lib/python3.12/json/decoder.py", line 355, in raw_decode
    raise JSONDecodeError("Expecting value", s, err.value) from None
json.decoder.JSONDecodeError: Expecting value: line 1 column 1 (char 0)
2026-04-06 10:23:37 | ERROR    | woobot.bale.client | Failed to parse JSON response: Expecting value: line 1 column 1 (char 0)
2026-04-06 10:23:37 | ERROR    | woobot.bale.client | Raw response content: <html>
<head><title>503 Service Temporarily Unavailable</title></head>
<body>
<center><h1>503 Service Temporarily Unavailable</h1></center>
<hr><center>nginx</center>
</body>
</html>

2026-04-06 10:23:37 | ERROR    | woobot.main | Polling error: Expecting value: line 1 column 1 (char 0)
Traceback (most recent call last):
  File "/home/kiya/Woo_Bot/src/main.py", line 42, in polling_loop
    response = await bot.get_updates(offset=offset, timeout=POLL_TIMEOUT)
               ^^^^^^^^^^^^^^^^^^^^^^^^^^^^^^^^^^^^^^^^^^^^^^^^^^^^^^^^^^
  File "/home/kiya/Woo_Bot/src/bale/api.py", line 67, in get_updates
    return await self.client.get_updates(offset=offset, timeout=timeout)
           ^^^^^^^^^^^^^^^^^^^^^^^^^^^^^^^^^^^^^^^^^^^^^^^^^^^^^^^^^^^^^
  File "/home/kiya/Woo_Bot/src/bale/client.py", line 189, in get_updates
    return await self.get(
           ^^^^^^^^^^^^^^^
  File "/home/kiya/Woo_Bot/src/bale/client.py", line 152, in get
    data = await resp.json(content_type=None)
           ^^^^^^^^^^^^^^^^^^^^^^^^^^^^^^^^^^
  File "/home/kiya/Woo_Bot/venv/lib/python3.12/site-packages/aiohttp/client_reqrep.py", line 773, in json
    return loads(stripped.decode(encoding))
           ^^^^^^^^^^^^^^^^^^^^^^^^^^^^^^^^
  File "/usr/lib/python3.12/json/__init__.py", line 346, in loads
    return _default_decoder.decode(s)
           ^^^^^^^^^^^^^^^^^^^^^^^^^^
  File "/usr/lib/python3.12/json/decoder.py", line 337, in decode
    obj, end = self.raw_decode(s, idx=_w(s, 0).end())
               ^^^^^^^^^^^^^^^^^^^^^^^^^^^^^^^^^^^^^^
  File "/usr/lib/python3.12/json/decoder.py", line 355, in raw_decode
    raise JSONDecodeError("Expecting value", s, err.value) from None
json.decoder.JSONDecodeError: Expecting value: line 1 column 1 (char 0)
2026-04-06 10:23:40 | ERROR    | woobot.bale.client | Failed to parse JSON response: Expecting value: line 1 column 1 (char 0)
2026-04-06 10:23:40 | ERROR    | woobot.bale.client | Raw response content: <html>
<head><title>503 Service Temporarily Unavailable</title></head>
<body>
<center><h1>503 Service Temporarily Unavailable</h1></center>
<hr><center>nginx</center>
</body>
</html>

2026-04-06 10:23:40 | ERROR    | woobot.main | Polling error: Expecting value: line 1 column 1 (char 0)
Traceback (most recent call last):
  File "/home/kiya/Woo_Bot/src/main.py", line 42, in polling_loop
    response = await bot.get_updates(offset=offset, timeout=POLL_TIMEOUT)
               ^^^^^^^^^^^^^^^^^^^^^^^^^^^^^^^^^^^^^^^^^^^^^^^^^^^^^^^^^^
  File "/home/kiya/Woo_Bot/src/bale/api.py", line 67, in get_updates
    return await self.client.get_updates(offset=offset, timeout=timeout)
           ^^^^^^^^^^^^^^^^^^^^^^^^^^^^^^^^^^^^^^^^^^^^^^^^^^^^^^^^^^^^^
  File "/home/kiya/Woo_Bot/src/bale/client.py", line 189, in get_updates
    return await self.get(
           ^^^^^^^^^^^^^^^
  File "/home/kiya/Woo_Bot/src/bale/client.py", line 152, in get
    data = await resp.json(content_type=None)
           ^^^^^^^^^^^^^^^^^^^^^^^^^^^^^^^^^^
  File "/home/kiya/Woo_Bot/venv/lib/python3.12/site-packages/aiohttp/client_reqrep.py", line 773, in json
    return loads(stripped.decode(encoding))
           ^^^^^^^^^^^^^^^^^^^^^^^^^^^^^^^^
  File "/usr/lib/python3.12/json/__init__.py", line 346, in loads
    return _default_decoder.decode(s)
           ^^^^^^^^^^^^^^^^^^^^^^^^^^
  File "/usr/lib/python3.12/json/decoder.py", line 337, in decode
    obj, end = self.raw_decode(s, idx=_w(s, 0).end())
               ^^^^^^^^^^^^^^^^^^^^^^^^^^^^^^^^^^^^^^
  File "/usr/lib/python3.12/json/decoder.py", line 355, in raw_decode
    raise JSONDecodeError("Expecting value", s, err.value) from None
json.decoder.JSONDecodeError: Expecting value: line 1 column 1 (char 0)
2026-04-06 10:23:43 | ERROR    | woobot.bale.client | Failed to parse JSON response: Expecting value: line 1 column 1 (char 0)
2026-04-06 10:23:43 | ERROR    | woobot.bale.client | Raw response content: <html>
<head><title>503 Service Temporarily Unavailable</title></head>
<body>
<center><h1>503 Service Temporarily Unavailable</h1></center>
<hr><center>nginx</center>
</body>
</html>

2026-04-06 10:23:43 | ERROR    | woobot.main | Polling error: Expecting value: line 1 column 1 (char 0)
Traceback (most recent call last):
  File "/home/kiya/Woo_Bot/src/main.py", line 42, in polling_loop
    response = await bot.get_updates(offset=offset, timeout=POLL_TIMEOUT)
               ^^^^^^^^^^^^^^^^^^^^^^^^^^^^^^^^^^^^^^^^^^^^^^^^^^^^^^^^^^
  File "/home/kiya/Woo_Bot/src/bale/api.py", line 67, in get_updates
    return await self.client.get_updates(offset=offset, timeout=timeout)
           ^^^^^^^^^^^^^^^^^^^^^^^^^^^^^^^^^^^^^^^^^^^^^^^^^^^^^^^^^^^^^
  File "/home/kiya/Woo_Bot/src/bale/client.py", line 189, in get_updates
    return await self.get(
           ^^^^^^^^^^^^^^^
  File "/home/kiya/Woo_Bot/src/bale/client.py", line 152, in get
    data = await resp.json(content_type=None)
           ^^^^^^^^^^^^^^^^^^^^^^^^^^^^^^^^^^
  File "/home/kiya/Woo_Bot/venv/lib/python3.12/site-packages/aiohttp/client_reqrep.py", line 773, in json
    return loads(stripped.decode(encoding))
           ^^^^^^^^^^^^^^^^^^^^^^^^^^^^^^^^
  File "/usr/lib/python3.12/json/__init__.py", line 346, in loads
    return _default_decoder.decode(s)
           ^^^^^^^^^^^^^^^^^^^^^^^^^^
  File "/usr/lib/python3.12/json/decoder.py", line 337, in decode
    obj, end = self.raw_decode(s, idx=_w(s, 0).end())
               ^^^^^^^^^^^^^^^^^^^^^^^^^^^^^^^^^^^^^^
  File "/usr/lib/python3.12/json/decoder.py", line 355, in raw_decode
    raise JSONDecodeError("Expecting value", s, err.value) from None
json.decoder.JSONDecodeError: Expecting value: line 1 column 1 (char 0)
2026-04-06 10:23:46 | ERROR    | woobot.bale.client | Failed to parse JSON response: Expecting value: line 1 column 1 (char 0)
2026-04-06 10:23:46 | ERROR    | woobot.bale.client | Raw response content: <html>
<head><title>503 Service Temporarily Unavailable</title></head>
<body>
<center><h1>503 Service Temporarily Unavailable</h1></center>
<hr><center>nginx</center>
</body>
</html>

2026-04-06 10:23:46 | ERROR    | woobot.main | Polling error: Expecting value: line 1 column 1 (char 0)
Traceback (most recent call last):
  File "/home/kiya/Woo_Bot/src/main.py", line 42, in polling_loop
    response = await bot.get_updates(offset=offset, timeout=POLL_TIMEOUT)
               ^^^^^^^^^^^^^^^^^^^^^^^^^^^^^^^^^^^^^^^^^^^^^^^^^^^^^^^^^^
  File "/home/kiya/Woo_Bot/src/bale/api.py", line 67, in get_updates
    return await self.client.get_updates(offset=offset, timeout=timeout)
           ^^^^^^^^^^^^^^^^^^^^^^^^^^^^^^^^^^^^^^^^^^^^^^^^^^^^^^^^^^^^^
  File "/home/kiya/Woo_Bot/src/bale/client.py", line 189, in get_updates
    return await self.get(
           ^^^^^^^^^^^^^^^
  File "/home/kiya/Woo_Bot/src/bale/client.py", line 152, in get
    data = await resp.json(content_type=None)
           ^^^^^^^^^^^^^^^^^^^^^^^^^^^^^^^^^^
  File "/home/kiya/Woo_Bot/venv/lib/python3.12/site-packages/aiohttp/client_reqrep.py", line 773, in json
    return loads(stripped.decode(encoding))
           ^^^^^^^^^^^^^^^^^^^^^^^^^^^^^^^^
  File "/usr/lib/python3.12/json/__init__.py", line 346, in loads
    return _default_decoder.decode(s)
           ^^^^^^^^^^^^^^^^^^^^^^^^^^
  File "/usr/lib/python3.12/json/decoder.py", line 337, in decode
    obj, end = self.raw_decode(s, idx=_w(s, 0).end())
               ^^^^^^^^^^^^^^^^^^^^^^^^^^^^^^^^^^^^^^
  File "/usr/lib/python3.12/json/decoder.py", line 355, in raw_decode
    raise JSONDecodeError("Expecting value", s, err.value) from None
json.decoder.JSONDecodeError: Expecting value: line 1 column 1 (char 0)
2026-04-06 10:23:49 | ERROR    | woobot.bale.client | Failed to parse JSON response: Expecting value: line 1 column 1 (char 0)
2026-04-06 10:23:49 | ERROR    | woobot.bale.client | Raw response content: <html>
<head><title>503 Service Temporarily Unavailable</title></head>
<body>
<center><h1>503 Service Temporarily Unavailable</h1></center>
<hr><center>nginx</center>
</body>
</html>

2026-04-06 10:23:49 | ERROR    | woobot.main | Polling error: Expecting value: line 1 column 1 (char 0)
Traceback (most recent call last):
  File "/home/kiya/Woo_Bot/src/main.py", line 42, in polling_loop
    response = await bot.get_updates(offset=offset, timeout=POLL_TIMEOUT)
               ^^^^^^^^^^^^^^^^^^^^^^^^^^^^^^^^^^^^^^^^^^^^^^^^^^^^^^^^^^
  File "/home/kiya/Woo_Bot/src/bale/api.py", line 67, in get_updates
    return await self.client.get_updates(offset=offset, timeout=timeout)
           ^^^^^^^^^^^^^^^^^^^^^^^^^^^^^^^^^^^^^^^^^^^^^^^^^^^^^^^^^^^^^
  File "/home/kiya/Woo_Bot/src/bale/client.py", line 189, in get_updates
    return await self.get(
           ^^^^^^^^^^^^^^^
  File "/home/kiya/Woo_Bot/src/bale/client.py", line 152, in get
    data = await resp.json(content_type=None)
           ^^^^^^^^^^^^^^^^^^^^^^^^^^^^^^^^^^
  File "/home/kiya/Woo_Bot/venv/lib/python3.12/site-packages/aiohttp/client_reqrep.py", line 773, in json
    return loads(stripped.decode(encoding))
           ^^^^^^^^^^^^^^^^^^^^^^^^^^^^^^^^
  File "/usr/lib/python3.12/json/__init__.py", line 346, in loads
    return _default_decoder.decode(s)
           ^^^^^^^^^^^^^^^^^^^^^^^^^^
  File "/usr/lib/python3.12/json/decoder.py", line 337, in decode
    obj, end = self.raw_decode(s, idx=_w(s, 0).end())
               ^^^^^^^^^^^^^^^^^^^^^^^^^^^^^^^^^^^^^^
  File "/usr/lib/python3.12/json/decoder.py", line 355, in raw_decode
    raise JSONDecodeError("Expecting value", s, err.value) from None
json.decoder.JSONDecodeError: Expecting value: line 1 column 1 (char 0)
2026-04-06 10:23:52 | ERROR    | woobot.bale.client | Failed to parse JSON response: Expecting value: line 1 column 1 (char 0)
2026-04-06 10:23:52 | ERROR    | woobot.bale.client | Raw response content: <html>
<head><title>503 Service Temporarily Unavailable</title></head>
<body>
<center><h1>503 Service Temporarily Unavailable</h1></center>
<hr><center>nginx</center>
</body>
</html>

2026-04-06 10:23:52 | ERROR    | woobot.main | Polling error: Expecting value: line 1 column 1 (char 0)
Traceback (most recent call last):
  File "/home/kiya/Woo_Bot/src/main.py", line 42, in polling_loop
    response = await bot.get_updates(offset=offset, timeout=POLL_TIMEOUT)
               ^^^^^^^^^^^^^^^^^^^^^^^^^^^^^^^^^^^^^^^^^^^^^^^^^^^^^^^^^^
  File "/home/kiya/Woo_Bot/src/bale/api.py", line 67, in get_updates
    return await self.client.get_updates(offset=offset, timeout=timeout)
           ^^^^^^^^^^^^^^^^^^^^^^^^^^^^^^^^^^^^^^^^^^^^^^^^^^^^^^^^^^^^^
  File "/home/kiya/Woo_Bot/src/bale/client.py", line 189, in get_updates
    return await self.get(
           ^^^^^^^^^^^^^^^
  File "/home/kiya/Woo_Bot/src/bale/client.py", line 152, in get
    data = await resp.json(content_type=None)
           ^^^^^^^^^^^^^^^^^^^^^^^^^^^^^^^^^^
  File "/home/kiya/Woo_Bot/venv/lib/python3.12/site-packages/aiohttp/client_reqrep.py", line 773, in json
    return loads(stripped.decode(encoding))
           ^^^^^^^^^^^^^^^^^^^^^^^^^^^^^^^^
  File "/usr/lib/python3.12/json/__init__.py", line 346, in loads
    return _default_decoder.decode(s)
           ^^^^^^^^^^^^^^^^^^^^^^^^^^
  File "/usr/lib/python3.12/json/decoder.py", line 337, in decode
    obj, end = self.raw_decode(s, idx=_w(s, 0).end())
               ^^^^^^^^^^^^^^^^^^^^^^^^^^^^^^^^^^^^^^
  File "/usr/lib/python3.12/json/decoder.py", line 355, in raw_decode
    raise JSONDecodeError("Expecting value", s, err.value) from None
json.decoder.JSONDecodeError: Expecting value: line 1 column 1 (char 0)
2026-04-06 10:23:54 | INFO     | woobot.bale.client | BaleHttpClient session closed.
2026-04-06 10:23:54 | INFO     | woobot.bale.api | BaleBot session closed (client stopped).
2026-04-06 10:23:54 | INFO     | woobot.main | WooBot stopped.
2026-04-06 10:24:48 | INFO     | root | Logging initialized — level=INFO file=logs/woobot.log
2026-04-06 10:24:48 | INFO     | woobot.main | WooBot starting...
2026-04-06 10:24:49 | INFO     | src.database.db_manager | ✅ Database initialized successfully.
2026-04-06 10:24:49 | INFO     | woobot.main | Database ready.
2026-04-06 10:24:49 | INFO     | woobot.bale.client | BaleHttpClient session started.
2026-04-06 10:24:49 | INFO     | woobot.bale.api | BaleBot session opened (client started).
2026-04-06 10:24:49 | INFO     | woobot.main | BaleBot session opened.
2026-04-06 10:24:49 | INFO     | woobot.main | Polling loop started.
2026-04-06 10:24:50 | ERROR    | woobot.bale.client | Failed to parse JSON response: Expecting value: line 1 column 1 (char 0)
2026-04-06 10:24:50 | ERROR    | woobot.bale.client | Raw response content: <html>
<head><title>503 Service Temporarily Unavailable</title></head>
<body>
<center><h1>503 Service Temporarily Unavailable</h1></center>
<hr><center>nginx</center>
</body>
</html>

2026-04-06 10:24:50 | ERROR    | woobot.main | Polling error: Expecting value: line 1 column 1 (char 0)
Traceback (most recent call last):
  File "/home/kiya/Woo_Bot/src/main.py", line 42, in polling_loop
    response = await bot.get_updates(offset=offset, timeout=POLL_TIMEOUT)
               ^^^^^^^^^^^^^^^^^^^^^^^^^^^^^^^^^^^^^^^^^^^^^^^^^^^^^^^^^^
  File "/home/kiya/Woo_Bot/src/bale/api.py", line 67, in get_updates
    return await self.client.get_updates(offset=offset, timeout=timeout)
           ^^^^^^^^^^^^^^^^^^^^^^^^^^^^^^^^^^^^^^^^^^^^^^^^^^^^^^^^^^^^^
  File "/home/kiya/Woo_Bot/src/bale/client.py", line 189, in get_updates
    return await self.get(
           ^^^^^^^^^^^^^^^
  File "/home/kiya/Woo_Bot/src/bale/client.py", line 152, in get
    data = await resp.json(content_type=None)
           ^^^^^^^^^^^^^^^^^^^^^^^^^^^^^^^^^^
  File "/home/kiya/Woo_Bot/venv/lib/python3.12/site-packages/aiohttp/client_reqrep.py", line 773, in json
    return loads(stripped.decode(encoding))
           ^^^^^^^^^^^^^^^^^^^^^^^^^^^^^^^^
  File "/usr/lib/python3.12/json/__init__.py", line 346, in loads
    return _default_decoder.decode(s)
           ^^^^^^^^^^^^^^^^^^^^^^^^^^
  File "/usr/lib/python3.12/json/decoder.py", line 337, in decode
    obj, end = self.raw_decode(s, idx=_w(s, 0).end())
               ^^^^^^^^^^^^^^^^^^^^^^^^^^^^^^^^^^^^^^
  File "/usr/lib/python3.12/json/decoder.py", line 355, in raw_decode
    raise JSONDecodeError("Expecting value", s, err.value) from None
json.decoder.JSONDecodeError: Expecting value: line 1 column 1 (char 0)
2026-04-06 10:24:53 | ERROR    | woobot.bale.client | Failed to parse JSON response: Expecting value: line 1 column 1 (char 0)
2026-04-06 10:24:53 | ERROR    | woobot.bale.client | Raw response content: <html>
<head><title>503 Service Temporarily Unavailable</title></head>
<body>
<center><h1>503 Service Temporarily Unavailable</h1></center>
<hr><center>nginx</center>
</body>
</html>

2026-04-06 10:24:53 | ERROR    | woobot.main | Polling error: Expecting value: line 1 column 1 (char 0)
Traceback (most recent call last):
  File "/home/kiya/Woo_Bot/src/main.py", line 42, in polling_loop
    response = await bot.get_updates(offset=offset, timeout=POLL_TIMEOUT)
               ^^^^^^^^^^^^^^^^^^^^^^^^^^^^^^^^^^^^^^^^^^^^^^^^^^^^^^^^^^
  File "/home/kiya/Woo_Bot/src/bale/api.py", line 67, in get_updates
    return await self.client.get_updates(offset=offset, timeout=timeout)
           ^^^^^^^^^^^^^^^^^^^^^^^^^^^^^^^^^^^^^^^^^^^^^^^^^^^^^^^^^^^^^
  File "/home/kiya/Woo_Bot/src/bale/client.py", line 189, in get_updates
    return await self.get(
           ^^^^^^^^^^^^^^^
  File "/home/kiya/Woo_Bot/src/bale/client.py", line 152, in get
    data = await resp.json(content_type=None)
           ^^^^^^^^^^^^^^^^^^^^^^^^^^^^^^^^^^
  File "/home/kiya/Woo_Bot/venv/lib/python3.12/site-packages/aiohttp/client_reqrep.py", line 773, in json
    return loads(stripped.decode(encoding))
           ^^^^^^^^^^^^^^^^^^^^^^^^^^^^^^^^
  File "/usr/lib/python3.12/json/__init__.py", line 346, in loads
    return _default_decoder.decode(s)
           ^^^^^^^^^^^^^^^^^^^^^^^^^^
  File "/usr/lib/python3.12/json/decoder.py", line 337, in decode
    obj, end = self.raw_decode(s, idx=_w(s, 0).end())
               ^^^^^^^^^^^^^^^^^^^^^^^^^^^^^^^^^^^^^^
  File "/usr/lib/python3.12/json/decoder.py", line 355, in raw_decode
    raise JSONDecodeError("Expecting value", s, err.value) from None
json.decoder.JSONDecodeError: Expecting value: line 1 column 1 (char 0)
2026-04-06 10:24:56 | ERROR    | woobot.bale.client | Failed to parse JSON response: Expecting value: line 1 column 1 (char 0)
2026-04-06 10:24:56 | ERROR    | woobot.bale.client | Raw response content: <html>
<head><title>503 Service Temporarily Unavailable</title></head>
<body>
<center><h1>503 Service Temporarily Unavailable</h1></center>
<hr><center>nginx</center>
</body>
</html>

2026-04-06 10:24:56 | ERROR    | woobot.main | Polling error: Expecting value: line 1 column 1 (char 0)
Traceback (most recent call last):
  File "/home/kiya/Woo_Bot/src/main.py", line 42, in polling_loop
    response = await bot.get_updates(offset=offset, timeout=POLL_TIMEOUT)
               ^^^^^^^^^^^^^^^^^^^^^^^^^^^^^^^^^^^^^^^^^^^^^^^^^^^^^^^^^^
  File "/home/kiya/Woo_Bot/src/bale/api.py", line 67, in get_updates
    return await self.client.get_updates(offset=offset, timeout=timeout)
           ^^^^^^^^^^^^^^^^^^^^^^^^^^^^^^^^^^^^^^^^^^^^^^^^^^^^^^^^^^^^^
  File "/home/kiya/Woo_Bot/src/bale/client.py", line 189, in get_updates
    return await self.get(
           ^^^^^^^^^^^^^^^
  File "/home/kiya/Woo_Bot/src/bale/client.py", line 152, in get
    data = await resp.json(content_type=None)
           ^^^^^^^^^^^^^^^^^^^^^^^^^^^^^^^^^^
  File "/home/kiya/Woo_Bot/venv/lib/python3.12/site-packages/aiohttp/client_reqrep.py", line 773, in json
    return loads(stripped.decode(encoding))
           ^^^^^^^^^^^^^^^^^^^^^^^^^^^^^^^^
  File "/usr/lib/python3.12/json/__init__.py", line 346, in loads
    return _default_decoder.decode(s)
           ^^^^^^^^^^^^^^^^^^^^^^^^^^
  File "/usr/lib/python3.12/json/decoder.py", line 337, in decode
    obj, end = self.raw_decode(s, idx=_w(s, 0).end())
               ^^^^^^^^^^^^^^^^^^^^^^^^^^^^^^^^^^^^^^
  File "/usr/lib/python3.12/json/decoder.py", line 355, in raw_decode
    raise JSONDecodeError("Expecting value", s, err.value) from None
json.decoder.JSONDecodeError: Expecting value: line 1 column 1 (char 0)
2026-04-06 10:24:59 | ERROR    | woobot.bale.client | Failed to parse JSON response: Expecting value: line 1 column 1 (char 0)
2026-04-06 10:24:59 | ERROR    | woobot.bale.client | Raw response content: <html>
<head><title>503 Service Temporarily Unavailable</title></head>
<body>
<center><h1>503 Service Temporarily Unavailable</h1></center>
<hr><center>nginx</center>
</body>
</html>

2026-04-06 10:24:59 | ERROR    | woobot.main | Polling error: Expecting value: line 1 column 1 (char 0)
Traceback (most recent call last):
  File "/home/kiya/Woo_Bot/src/main.py", line 42, in polling_loop
    response = await bot.get_updates(offset=offset, timeout=POLL_TIMEOUT)
               ^^^^^^^^^^^^^^^^^^^^^^^^^^^^^^^^^^^^^^^^^^^^^^^^^^^^^^^^^^
  File "/home/kiya/Woo_Bot/src/bale/api.py", line 67, in get_updates
    return await self.client.get_updates(offset=offset, timeout=timeout)
           ^^^^^^^^^^^^^^^^^^^^^^^^^^^^^^^^^^^^^^^^^^^^^^^^^^^^^^^^^^^^^
  File "/home/kiya/Woo_Bot/src/bale/client.py", line 189, in get_updates
    return await self.get(
           ^^^^^^^^^^^^^^^
  File "/home/kiya/Woo_Bot/src/bale/client.py", line 152, in get
    data = await resp.json(content_type=None)
           ^^^^^^^^^^^^^^^^^^^^^^^^^^^^^^^^^^
  File "/home/kiya/Woo_Bot/venv/lib/python3.12/site-packages/aiohttp/client_reqrep.py", line 773, in json
    return loads(stripped.decode(encoding))
           ^^^^^^^^^^^^^^^^^^^^^^^^^^^^^^^^
  File "/usr/lib/python3.12/json/__init__.py", line 346, in loads
    return _default_decoder.decode(s)
           ^^^^^^^^^^^^^^^^^^^^^^^^^^
  File "/usr/lib/python3.12/json/decoder.py", line 337, in decode
    obj, end = self.raw_decode(s, idx=_w(s, 0).end())
               ^^^^^^^^^^^^^^^^^^^^^^^^^^^^^^^^^^^^^^
  File "/usr/lib/python3.12/json/decoder.py", line 355, in raw_decode
    raise JSONDecodeError("Expecting value", s, err.value) from None
json.decoder.JSONDecodeError: Expecting value: line 1 column 1 (char 0)
2026-04-06 10:25:02 | ERROR    | woobot.bale.client | Failed to parse JSON response: Expecting value: line 1 column 1 (char 0)
2026-04-06 10:25:02 | ERROR    | woobot.bale.client | Raw response content: <html>
<head><title>503 Service Temporarily Unavailable</title></head>
<body>
<center><h1>503 Service Temporarily Unavailable</h1></center>
<hr><center>nginx</center>
</body>
</html>

2026-04-06 10:25:02 | ERROR    | woobot.main | Polling error: Expecting value: line 1 column 1 (char 0)
Traceback (most recent call last):
  File "/home/kiya/Woo_Bot/src/main.py", line 42, in polling_loop
    response = await bot.get_updates(offset=offset, timeout=POLL_TIMEOUT)
               ^^^^^^^^^^^^^^^^^^^^^^^^^^^^^^^^^^^^^^^^^^^^^^^^^^^^^^^^^^
  File "/home/kiya/Woo_Bot/src/bale/api.py", line 67, in get_updates
    return await self.client.get_updates(offset=offset, timeout=timeout)
           ^^^^^^^^^^^^^^^^^^^^^^^^^^^^^^^^^^^^^^^^^^^^^^^^^^^^^^^^^^^^^
  File "/home/kiya/Woo_Bot/src/bale/client.py", line 189, in get_updates
    return await self.get(
           ^^^^^^^^^^^^^^^
  File "/home/kiya/Woo_Bot/src/bale/client.py", line 152, in get
    data = await resp.json(content_type=None)
           ^^^^^^^^^^^^^^^^^^^^^^^^^^^^^^^^^^
  File "/home/kiya/Woo_Bot/venv/lib/python3.12/site-packages/aiohttp/client_reqrep.py", line 773, in json
    return loads(stripped.decode(encoding))
           ^^^^^^^^^^^^^^^^^^^^^^^^^^^^^^^^
  File "/usr/lib/python3.12/json/__init__.py", line 346, in loads
    return _default_decoder.decode(s)
           ^^^^^^^^^^^^^^^^^^^^^^^^^^
  File "/usr/lib/python3.12/json/decoder.py", line 337, in decode
    obj, end = self.raw_decode(s, idx=_w(s, 0).end())
               ^^^^^^^^^^^^^^^^^^^^^^^^^^^^^^^^^^^^^^
  File "/usr/lib/python3.12/json/decoder.py", line 355, in raw_decode
    raise JSONDecodeError("Expecting value", s, err.value) from None
json.decoder.JSONDecodeError: Expecting value: line 1 column 1 (char 0)
2026-04-06 10:25:06 | ERROR    | woobot.bale.client | Failed to parse JSON response: Expecting value: line 1 column 1 (char 0)
2026-04-06 10:25:06 | ERROR    | woobot.bale.client | Raw response content: <html>
<head><title>503 Service Temporarily Unavailable</title></head>
<body>
<center><h1>503 Service Temporarily Unavailable</h1></center>
<hr><center>nginx</center>
</body>
</html>

2026-04-06 10:25:06 | ERROR    | woobot.main | Polling error: Expecting value: line 1 column 1 (char 0)
Traceback (most recent call last):
  File "/home/kiya/Woo_Bot/src/main.py", line 42, in polling_loop
    response = await bot.get_updates(offset=offset, timeout=POLL_TIMEOUT)
               ^^^^^^^^^^^^^^^^^^^^^^^^^^^^^^^^^^^^^^^^^^^^^^^^^^^^^^^^^^
  File "/home/kiya/Woo_Bot/src/bale/api.py", line 67, in get_updates
    return await self.client.get_updates(offset=offset, timeout=timeout)
           ^^^^^^^^^^^^^^^^^^^^^^^^^^^^^^^^^^^^^^^^^^^^^^^^^^^^^^^^^^^^^
  File "/home/kiya/Woo_Bot/src/bale/client.py", line 189, in get_updates
    return await self.get(
           ^^^^^^^^^^^^^^^
  File "/home/kiya/Woo_Bot/src/bale/client.py", line 152, in get
    data = await resp.json(content_type=None)
           ^^^^^^^^^^^^^^^^^^^^^^^^^^^^^^^^^^
  File "/home/kiya/Woo_Bot/venv/lib/python3.12/site-packages/aiohttp/client_reqrep.py", line 773, in json
    return loads(stripped.decode(encoding))
           ^^^^^^^^^^^^^^^^^^^^^^^^^^^^^^^^
  File "/usr/lib/python3.12/json/__init__.py", line 346, in loads
    return _default_decoder.decode(s)
           ^^^^^^^^^^^^^^^^^^^^^^^^^^
  File "/usr/lib/python3.12/json/decoder.py", line 337, in decode
    obj, end = self.raw_decode(s, idx=_w(s, 0).end())
               ^^^^^^^^^^^^^^^^^^^^^^^^^^^^^^^^^^^^^^
  File "/usr/lib/python3.12/json/decoder.py", line 355, in raw_decode
    raise JSONDecodeError("Expecting value", s, err.value) from None
json.decoder.JSONDecodeError: Expecting value: line 1 column 1 (char 0)
2026-04-06 10:25:09 | ERROR    | woobot.bale.client | Failed to parse JSON response: Expecting value: line 1 column 1 (char 0)
2026-04-06 10:25:09 | ERROR    | woobot.bale.client | Raw response content: <html>
<head><title>503 Service Temporarily Unavailable</title></head>
<body>
<center><h1>503 Service Temporarily Unavailable</h1></center>
<hr><center>nginx</center>
</body>
</html>

2026-04-06 10:25:09 | ERROR    | woobot.main | Polling error: Expecting value: line 1 column 1 (char 0)
Traceback (most recent call last):
  File "/home/kiya/Woo_Bot/src/main.py", line 42, in polling_loop
    response = await bot.get_updates(offset=offset, timeout=POLL_TIMEOUT)
               ^^^^^^^^^^^^^^^^^^^^^^^^^^^^^^^^^^^^^^^^^^^^^^^^^^^^^^^^^^
  File "/home/kiya/Woo_Bot/src/bale/api.py", line 67, in get_updates
    return await self.client.get_updates(offset=offset, timeout=timeout)
           ^^^^^^^^^^^^^^^^^^^^^^^^^^^^^^^^^^^^^^^^^^^^^^^^^^^^^^^^^^^^^
  File "/home/kiya/Woo_Bot/src/bale/client.py", line 189, in get_updates
    return await self.get(
           ^^^^^^^^^^^^^^^
  File "/home/kiya/Woo_Bot/src/bale/client.py", line 152, in get
    data = await resp.json(content_type=None)
           ^^^^^^^^^^^^^^^^^^^^^^^^^^^^^^^^^^
  File "/home/kiya/Woo_Bot/venv/lib/python3.12/site-packages/aiohttp/client_reqrep.py", line 773, in json
    return loads(stripped.decode(encoding))
           ^^^^^^^^^^^^^^^^^^^^^^^^^^^^^^^^
  File "/usr/lib/python3.12/json/__init__.py", line 346, in loads
    return _default_decoder.decode(s)
           ^^^^^^^^^^^^^^^^^^^^^^^^^^
  File "/usr/lib/python3.12/json/decoder.py", line 337, in decode
    obj, end = self.raw_decode(s, idx=_w(s, 0).end())
               ^^^^^^^^^^^^^^^^^^^^^^^^^^^^^^^^^^^^^^
  File "/usr/lib/python3.12/json/decoder.py", line 355, in raw_decode
    raise JSONDecodeError("Expecting value", s, err.value) from None
json.decoder.JSONDecodeError: Expecting value: line 1 column 1 (char 0)
2026-04-06 10:25:12 | ERROR    | woobot.bale.client | Failed to parse JSON response: Expecting value: line 1 column 1 (char 0)
2026-04-06 10:25:12 | ERROR    | woobot.bale.client | Raw response content: <html>
<head><title>503 Service Temporarily Unavailable</title></head>
<body>
<center><h1>503 Service Temporarily Unavailable</h1></center>
<hr><center>nginx</center>
</body>
</html>

2026-04-06 10:25:12 | ERROR    | woobot.main | Polling error: Expecting value: line 1 column 1 (char 0)
Traceback (most recent call last):
  File "/home/kiya/Woo_Bot/src/main.py", line 42, in polling_loop
    response = await bot.get_updates(offset=offset, timeout=POLL_TIMEOUT)
               ^^^^^^^^^^^^^^^^^^^^^^^^^^^^^^^^^^^^^^^^^^^^^^^^^^^^^^^^^^
  File "/home/kiya/Woo_Bot/src/bale/api.py", line 67, in get_updates
    return await self.client.get_updates(offset=offset, timeout=timeout)
           ^^^^^^^^^^^^^^^^^^^^^^^^^^^^^^^^^^^^^^^^^^^^^^^^^^^^^^^^^^^^^
  File "/home/kiya/Woo_Bot/src/bale/client.py", line 189, in get_updates
    return await self.get(
           ^^^^^^^^^^^^^^^
  File "/home/kiya/Woo_Bot/src/bale/client.py", line 152, in get
    data = await resp.json(content_type=None)
           ^^^^^^^^^^^^^^^^^^^^^^^^^^^^^^^^^^
  File "/home/kiya/Woo_Bot/venv/lib/python3.12/site-packages/aiohttp/client_reqrep.py", line 773, in json
    return loads(stripped.decode(encoding))
           ^^^^^^^^^^^^^^^^^^^^^^^^^^^^^^^^
  File "/usr/lib/python3.12/json/__init__.py", line 346, in loads
    return _default_decoder.decode(s)
           ^^^^^^^^^^^^^^^^^^^^^^^^^^
  File "/usr/lib/python3.12/json/decoder.py", line 337, in decode
    obj, end = self.raw_decode(s, idx=_w(s, 0).end())
               ^^^^^^^^^^^^^^^^^^^^^^^^^^^^^^^^^^^^^^
  File "/usr/lib/python3.12/json/decoder.py", line 355, in raw_decode
    raise JSONDecodeError("Expecting value", s, err.value) from None
json.decoder.JSONDecodeError: Expecting value: line 1 column 1 (char 0)
2026-04-06 10:25:15 | ERROR    | woobot.bale.client | Failed to parse JSON response: Expecting value: line 1 column 1 (char 0)
2026-04-06 10:25:15 | ERROR    | woobot.bale.client | Raw response content: <html>
<head><title>503 Service Temporarily Unavailable</title></head>
<body>
<center><h1>503 Service Temporarily Unavailable</h1></center>
<hr><center>nginx</center>
</body>
</html>

2026-04-06 10:25:15 | ERROR    | woobot.main | Polling error: Expecting value: line 1 column 1 (char 0)
Traceback (most recent call last):
  File "/home/kiya/Woo_Bot/src/main.py", line 42, in polling_loop
    response = await bot.get_updates(offset=offset, timeout=POLL_TIMEOUT)
               ^^^^^^^^^^^^^^^^^^^^^^^^^^^^^^^^^^^^^^^^^^^^^^^^^^^^^^^^^^
  File "/home/kiya/Woo_Bot/src/bale/api.py", line 67, in get_updates
    return await self.client.get_updates(offset=offset, timeout=timeout)
           ^^^^^^^^^^^^^^^^^^^^^^^^^^^^^^^^^^^^^^^^^^^^^^^^^^^^^^^^^^^^^
  File "/home/kiya/Woo_Bot/src/bale/client.py", line 189, in get_updates
    return await self.get(
           ^^^^^^^^^^^^^^^
  File "/home/kiya/Woo_Bot/src/bale/client.py", line 152, in get
    data = await resp.json(content_type=None)
           ^^^^^^^^^^^^^^^^^^^^^^^^^^^^^^^^^^
  File "/home/kiya/Woo_Bot/venv/lib/python3.12/site-packages/aiohttp/client_reqrep.py", line 773, in json
    return loads(stripped.decode(encoding))
           ^^^^^^^^^^^^^^^^^^^^^^^^^^^^^^^^
  File "/usr/lib/python3.12/json/__init__.py", line 346, in loads
    return _default_decoder.decode(s)
           ^^^^^^^^^^^^^^^^^^^^^^^^^^
  File "/usr/lib/python3.12/json/decoder.py", line 337, in decode
    obj, end = self.raw_decode(s, idx=_w(s, 0).end())
               ^^^^^^^^^^^^^^^^^^^^^^^^^^^^^^^^^^^^^^
  File "/usr/lib/python3.12/json/decoder.py", line 355, in raw_decode
    raise JSONDecodeError("Expecting value", s, err.value) from None
json.decoder.JSONDecodeError: Expecting value: line 1 column 1 (char 0)
2026-04-06 10:25:18 | ERROR    | woobot.bale.client | Failed to parse JSON response: Expecting value: line 1 column 1 (char 0)
2026-04-06 10:25:18 | ERROR    | woobot.bale.client | Raw response content: <html>
<head><title>503 Service Temporarily Unavailable</title></head>
<body>
<center><h1>503 Service Temporarily Unavailable</h1></center>
<hr><center>nginx</center>
</body>
</html>

2026-04-06 10:25:18 | ERROR    | woobot.main | Polling error: Expecting value: line 1 column 1 (char 0)
Traceback (most recent call last):
  File "/home/kiya/Woo_Bot/src/main.py", line 42, in polling_loop
    response = await bot.get_updates(offset=offset, timeout=POLL_TIMEOUT)
               ^^^^^^^^^^^^^^^^^^^^^^^^^^^^^^^^^^^^^^^^^^^^^^^^^^^^^^^^^^
  File "/home/kiya/Woo_Bot/src/bale/api.py", line 67, in get_updates
    return await self.client.get_updates(offset=offset, timeout=timeout)
           ^^^^^^^^^^^^^^^^^^^^^^^^^^^^^^^^^^^^^^^^^^^^^^^^^^^^^^^^^^^^^
  File "/home/kiya/Woo_Bot/src/bale/client.py", line 189, in get_updates
    return await self.get(
           ^^^^^^^^^^^^^^^
  File "/home/kiya/Woo_Bot/src/bale/client.py", line 152, in get
    data = await resp.json(content_type=None)
           ^^^^^^^^^^^^^^^^^^^^^^^^^^^^^^^^^^
  File "/home/kiya/Woo_Bot/venv/lib/python3.12/site-packages/aiohttp/client_reqrep.py", line 773, in json
    return loads(stripped.decode(encoding))
           ^^^^^^^^^^^^^^^^^^^^^^^^^^^^^^^^
  File "/usr/lib/python3.12/json/__init__.py", line 346, in loads
    return _default_decoder.decode(s)
           ^^^^^^^^^^^^^^^^^^^^^^^^^^
  File "/usr/lib/python3.12/json/decoder.py", line 337, in decode
    obj, end = self.raw_decode(s, idx=_w(s, 0).end())
               ^^^^^^^^^^^^^^^^^^^^^^^^^^^^^^^^^^^^^^
  File "/usr/lib/python3.12/json/decoder.py", line 355, in raw_decode
    raise JSONDecodeError("Expecting value", s, err.value) from None
json.decoder.JSONDecodeError: Expecting value: line 1 column 1 (char 0)
2026-04-06 10:25:21 | ERROR    | woobot.bale.client | Failed to parse JSON response: Expecting value: line 1 column 1 (char 0)
2026-04-06 10:25:21 | ERROR    | woobot.bale.client | Raw response content: <html>
<head><title>503 Service Temporarily Unavailable</title></head>
<body>
<center><h1>503 Service Temporarily Unavailable</h1></center>
<hr><center>nginx</center>
</body>
</html>

2026-04-06 10:25:21 | ERROR    | woobot.main | Polling error: Expecting value: line 1 column 1 (char 0)
Traceback (most recent call last):
  File "/home/kiya/Woo_Bot/src/main.py", line 42, in polling_loop
    response = await bot.get_updates(offset=offset, timeout=POLL_TIMEOUT)
               ^^^^^^^^^^^^^^^^^^^^^^^^^^^^^^^^^^^^^^^^^^^^^^^^^^^^^^^^^^
  File "/home/kiya/Woo_Bot/src/bale/api.py", line 67, in get_updates
    return await self.client.get_updates(offset=offset, timeout=timeout)
           ^^^^^^^^^^^^^^^^^^^^^^^^^^^^^^^^^^^^^^^^^^^^^^^^^^^^^^^^^^^^^
  File "/home/kiya/Woo_Bot/src/bale/client.py", line 189, in get_updates
    return await self.get(
           ^^^^^^^^^^^^^^^
  File "/home/kiya/Woo_Bot/src/bale/client.py", line 152, in get
    data = await resp.json(content_type=None)
           ^^^^^^^^^^^^^^^^^^^^^^^^^^^^^^^^^^
  File "/home/kiya/Woo_Bot/venv/lib/python3.12/site-packages/aiohttp/client_reqrep.py", line 773, in json
    return loads(stripped.decode(encoding))
           ^^^^^^^^^^^^^^^^^^^^^^^^^^^^^^^^
  File "/usr/lib/python3.12/json/__init__.py", line 346, in loads
    return _default_decoder.decode(s)
           ^^^^^^^^^^^^^^^^^^^^^^^^^^
  File "/usr/lib/python3.12/json/decoder.py", line 337, in decode
    obj, end = self.raw_decode(s, idx=_w(s, 0).end())
               ^^^^^^^^^^^^^^^^^^^^^^^^^^^^^^^^^^^^^^
  File "/usr/lib/python3.12/json/decoder.py", line 355, in raw_decode
    raise JSONDecodeError("Expecting value", s, err.value) from None
json.decoder.JSONDecodeError: Expecting value: line 1 column 1 (char 0)
2026-04-06 10:25:24 | ERROR    | woobot.bale.client | Failed to parse JSON response: Expecting value: line 1 column 1 (char 0)
2026-04-06 10:25:24 | ERROR    | woobot.bale.client | Raw response content: <html>
<head><title>503 Service Temporarily Unavailable</title></head>
<body>
<center><h1>503 Service Temporarily Unavailable</h1></center>
<hr><center>nginx</center>
</body>
</html>

2026-04-06 10:25:24 | ERROR    | woobot.main | Polling error: Expecting value: line 1 column 1 (char 0)
Traceback (most recent call last):
  File "/home/kiya/Woo_Bot/src/main.py", line 42, in polling_loop
    response = await bot.get_updates(offset=offset, timeout=POLL_TIMEOUT)
               ^^^^^^^^^^^^^^^^^^^^^^^^^^^^^^^^^^^^^^^^^^^^^^^^^^^^^^^^^^
  File "/home/kiya/Woo_Bot/src/bale/api.py", line 67, in get_updates
    return await self.client.get_updates(offset=offset, timeout=timeout)
           ^^^^^^^^^^^^^^^^^^^^^^^^^^^^^^^^^^^^^^^^^^^^^^^^^^^^^^^^^^^^^
  File "/home/kiya/Woo_Bot/src/bale/client.py", line 189, in get_updates
    return await self.get(
           ^^^^^^^^^^^^^^^
  File "/home/kiya/Woo_Bot/src/bale/client.py", line 152, in get
    data = await resp.json(content_type=None)
           ^^^^^^^^^^^^^^^^^^^^^^^^^^^^^^^^^^
  File "/home/kiya/Woo_Bot/venv/lib/python3.12/site-packages/aiohttp/client_reqrep.py", line 773, in json
    return loads(stripped.decode(encoding))
           ^^^^^^^^^^^^^^^^^^^^^^^^^^^^^^^^
  File "/usr/lib/python3.12/json/__init__.py", line 346, in loads
    return _default_decoder.decode(s)
           ^^^^^^^^^^^^^^^^^^^^^^^^^^
  File "/usr/lib/python3.12/json/decoder.py", line 337, in decode
    obj, end = self.raw_decode(s, idx=_w(s, 0).end())
               ^^^^^^^^^^^^^^^^^^^^^^^^^^^^^^^^^^^^^^
  File "/usr/lib/python3.12/json/decoder.py", line 355, in raw_decode
    raise JSONDecodeError("Expecting value", s, err.value) from None
json.decoder.JSONDecodeError: Expecting value: line 1 column 1 (char 0)
2026-04-06 10:25:27 | ERROR    | woobot.bale.client | Failed to parse JSON response: Expecting value: line 1 column 1 (char 0)
2026-04-06 10:25:27 | ERROR    | woobot.bale.client | Raw response content: <html>
<head><title>503 Service Temporarily Unavailable</title></head>
<body>
<center><h1>503 Service Temporarily Unavailable</h1></center>
<hr><center>nginx</center>
</body>
</html>

2026-04-06 10:25:27 | ERROR    | woobot.main | Polling error: Expecting value: line 1 column 1 (char 0)
Traceback (most recent call last):
  File "/home/kiya/Woo_Bot/src/main.py", line 42, in polling_loop
    response = await bot.get_updates(offset=offset, timeout=POLL_TIMEOUT)
               ^^^^^^^^^^^^^^^^^^^^^^^^^^^^^^^^^^^^^^^^^^^^^^^^^^^^^^^^^^
  File "/home/kiya/Woo_Bot/src/bale/api.py", line 67, in get_updates
    return await self.client.get_updates(offset=offset, timeout=timeout)
           ^^^^^^^^^^^^^^^^^^^^^^^^^^^^^^^^^^^^^^^^^^^^^^^^^^^^^^^^^^^^^
  File "/home/kiya/Woo_Bot/src/bale/client.py", line 189, in get_updates
    return await self.get(
           ^^^^^^^^^^^^^^^
  File "/home/kiya/Woo_Bot/src/bale/client.py", line 152, in get
    data = await resp.json(content_type=None)
           ^^^^^^^^^^^^^^^^^^^^^^^^^^^^^^^^^^
  File "/home/kiya/Woo_Bot/venv/lib/python3.12/site-packages/aiohttp/client_reqrep.py", line 773, in json
    return loads(stripped.decode(encoding))
           ^^^^^^^^^^^^^^^^^^^^^^^^^^^^^^^^
  File "/usr/lib/python3.12/json/__init__.py", line 346, in loads
    return _default_decoder.decode(s)
           ^^^^^^^^^^^^^^^^^^^^^^^^^^
  File "/usr/lib/python3.12/json/decoder.py", line 337, in decode
    obj, end = self.raw_decode(s, idx=_w(s, 0).end())
               ^^^^^^^^^^^^^^^^^^^^^^^^^^^^^^^^^^^^^^
  File "/usr/lib/python3.12/json/decoder.py", line 355, in raw_decode
    raise JSONDecodeError("Expecting value", s, err.value) from None
json.decoder.JSONDecodeError: Expecting value: line 1 column 1 (char 0)
2026-04-06 10:25:30 | ERROR    | woobot.bale.client | Failed to parse JSON response: Expecting value: line 1 column 1 (char 0)
2026-04-06 10:25:30 | ERROR    | woobot.bale.client | Raw response content: <html>
<head><title>503 Service Temporarily Unavailable</title></head>
<body>
<center><h1>503 Service Temporarily Unavailable</h1></center>
<hr><center>nginx</center>
</body>
</html>

2026-04-06 10:25:30 | ERROR    | woobot.main | Polling error: Expecting value: line 1 column 1 (char 0)
Traceback (most recent call last):
  File "/home/kiya/Woo_Bot/src/main.py", line 42, in polling_loop
    response = await bot.get_updates(offset=offset, timeout=POLL_TIMEOUT)
               ^^^^^^^^^^^^^^^^^^^^^^^^^^^^^^^^^^^^^^^^^^^^^^^^^^^^^^^^^^
  File "/home/kiya/Woo_Bot/src/bale/api.py", line 67, in get_updates
    return await self.client.get_updates(offset=offset, timeout=timeout)
           ^^^^^^^^^^^^^^^^^^^^^^^^^^^^^^^^^^^^^^^^^^^^^^^^^^^^^^^^^^^^^
  File "/home/kiya/Woo_Bot/src/bale/client.py", line 189, in get_updates
    return await self.get(
           ^^^^^^^^^^^^^^^
  File "/home/kiya/Woo_Bot/src/bale/client.py", line 152, in get
    data = await resp.json(content_type=None)
           ^^^^^^^^^^^^^^^^^^^^^^^^^^^^^^^^^^
  File "/home/kiya/Woo_Bot/venv/lib/python3.12/site-packages/aiohttp/client_reqrep.py", line 773, in json
    return loads(stripped.decode(encoding))
           ^^^^^^^^^^^^^^^^^^^^^^^^^^^^^^^^
  File "/usr/lib/python3.12/json/__init__.py", line 346, in loads
    return _default_decoder.decode(s)
           ^^^^^^^^^^^^^^^^^^^^^^^^^^
  File "/usr/lib/python3.12/json/decoder.py", line 337, in decode
    obj, end = self.raw_decode(s, idx=_w(s, 0).end())
               ^^^^^^^^^^^^^^^^^^^^^^^^^^^^^^^^^^^^^^
  File "/usr/lib/python3.12/json/decoder.py", line 355, in raw_decode
    raise JSONDecodeError("Expecting value", s, err.value) from None
json.decoder.JSONDecodeError: Expecting value: line 1 column 1 (char 0)
2026-04-06 10:25:33 | ERROR    | woobot.bale.client | Failed to parse JSON response: Expecting value: line 1 column 1 (char 0)
2026-04-06 10:25:33 | ERROR    | woobot.bale.client | Raw response content: <html>
<head><title>503 Service Temporarily Unavailable</title></head>
<body>
<center><h1>503 Service Temporarily Unavailable</h1></center>
<hr><center>nginx</center>
</body>
</html>

2026-04-06 10:25:33 | ERROR    | woobot.main | Polling error: Expecting value: line 1 column 1 (char 0)
Traceback (most recent call last):
  File "/home/kiya/Woo_Bot/src/main.py", line 42, in polling_loop
    response = await bot.get_updates(offset=offset, timeout=POLL_TIMEOUT)
               ^^^^^^^^^^^^^^^^^^^^^^^^^^^^^^^^^^^^^^^^^^^^^^^^^^^^^^^^^^
  File "/home/kiya/Woo_Bot/src/bale/api.py", line 67, in get_updates
    return await self.client.get_updates(offset=offset, timeout=timeout)
           ^^^^^^^^^^^^^^^^^^^^^^^^^^^^^^^^^^^^^^^^^^^^^^^^^^^^^^^^^^^^^
  File "/home/kiya/Woo_Bot/src/bale/client.py", line 189, in get_updates
    return await self.get(
           ^^^^^^^^^^^^^^^
  File "/home/kiya/Woo_Bot/src/bale/client.py", line 152, in get
    data = await resp.json(content_type=None)
           ^^^^^^^^^^^^^^^^^^^^^^^^^^^^^^^^^^
  File "/home/kiya/Woo_Bot/venv/lib/python3.12/site-packages/aiohttp/client_reqrep.py", line 773, in json
    return loads(stripped.decode(encoding))
           ^^^^^^^^^^^^^^^^^^^^^^^^^^^^^^^^
  File "/usr/lib/python3.12/json/__init__.py", line 346, in loads
    return _default_decoder.decode(s)
           ^^^^^^^^^^^^^^^^^^^^^^^^^^
  File "/usr/lib/python3.12/json/decoder.py", line 337, in decode
    obj, end = self.raw_decode(s, idx=_w(s, 0).end())
               ^^^^^^^^^^^^^^^^^^^^^^^^^^^^^^^^^^^^^^
  File "/usr/lib/python3.12/json/decoder.py", line 355, in raw_decode
    raise JSONDecodeError("Expecting value", s, err.value) from None
json.decoder.JSONDecodeError: Expecting value: line 1 column 1 (char 0)
2026-04-06 10:25:36 | ERROR    | woobot.bale.client | Failed to parse JSON response: Expecting value: line 1 column 1 (char 0)
2026-04-06 10:25:36 | ERROR    | woobot.bale.client | Raw response content: <html>
<head><title>503 Service Temporarily Unavailable</title></head>
<body>
<center><h1>503 Service Temporarily Unavailable</h1></center>
<hr><center>nginx</center>
</body>
</html>

2026-04-06 10:25:36 | ERROR    | woobot.main | Polling error: Expecting value: line 1 column 1 (char 0)
Traceback (most recent call last):
  File "/home/kiya/Woo_Bot/src/main.py", line 42, in polling_loop
    response = await bot.get_updates(offset=offset, timeout=POLL_TIMEOUT)
               ^^^^^^^^^^^^^^^^^^^^^^^^^^^^^^^^^^^^^^^^^^^^^^^^^^^^^^^^^^
  File "/home/kiya/Woo_Bot/src/bale/api.py", line 67, in get_updates
    return await self.client.get_updates(offset=offset, timeout=timeout)
           ^^^^^^^^^^^^^^^^^^^^^^^^^^^^^^^^^^^^^^^^^^^^^^^^^^^^^^^^^^^^^
  File "/home/kiya/Woo_Bot/src/bale/client.py", line 189, in get_updates
    return await self.get(
           ^^^^^^^^^^^^^^^
  File "/home/kiya/Woo_Bot/src/bale/client.py", line 152, in get
    data = await resp.json(content_type=None)
           ^^^^^^^^^^^^^^^^^^^^^^^^^^^^^^^^^^
  File "/home/kiya/Woo_Bot/venv/lib/python3.12/site-packages/aiohttp/client_reqrep.py", line 773, in json
    return loads(stripped.decode(encoding))
           ^^^^^^^^^^^^^^^^^^^^^^^^^^^^^^^^
  File "/usr/lib/python3.12/json/__init__.py", line 346, in loads
    return _default_decoder.decode(s)
           ^^^^^^^^^^^^^^^^^^^^^^^^^^
  File "/usr/lib/python3.12/json/decoder.py", line 337, in decode
    obj, end = self.raw_decode(s, idx=_w(s, 0).end())
               ^^^^^^^^^^^^^^^^^^^^^^^^^^^^^^^^^^^^^^
  File "/usr/lib/python3.12/json/decoder.py", line 355, in raw_decode
    raise JSONDecodeError("Expecting value", s, err.value) from None
json.decoder.JSONDecodeError: Expecting value: line 1 column 1 (char 0)
2026-04-06 10:25:39 | ERROR    | woobot.bale.client | Failed to parse JSON response: Expecting value: line 1 column 1 (char 0)
2026-04-06 10:25:39 | ERROR    | woobot.bale.client | Raw response content: <html>
<head><title>503 Service Temporarily Unavailable</title></head>
<body>
<center><h1>503 Service Temporarily Unavailable</h1></center>
<hr><center>nginx</center>
</body>
</html>

2026-04-06 10:25:39 | ERROR    | woobot.main | Polling error: Expecting value: line 1 column 1 (char 0)
Traceback (most recent call last):
  File "/home/kiya/Woo_Bot/src/main.py", line 42, in polling_loop
    response = await bot.get_updates(offset=offset, timeout=POLL_TIMEOUT)
               ^^^^^^^^^^^^^^^^^^^^^^^^^^^^^^^^^^^^^^^^^^^^^^^^^^^^^^^^^^
  File "/home/kiya/Woo_Bot/src/bale/api.py", line 67, in get_updates
    return await self.client.get_updates(offset=offset, timeout=timeout)
           ^^^^^^^^^^^^^^^^^^^^^^^^^^^^^^^^^^^^^^^^^^^^^^^^^^^^^^^^^^^^^
  File "/home/kiya/Woo_Bot/src/bale/client.py", line 189, in get_updates
    return await self.get(
           ^^^^^^^^^^^^^^^
  File "/home/kiya/Woo_Bot/src/bale/client.py", line 152, in get
    data = await resp.json(content_type=None)
           ^^^^^^^^^^^^^^^^^^^^^^^^^^^^^^^^^^
  File "/home/kiya/Woo_Bot/venv/lib/python3.12/site-packages/aiohttp/client_reqrep.py", line 773, in json
    return loads(stripped.decode(encoding))
           ^^^^^^^^^^^^^^^^^^^^^^^^^^^^^^^^
  File "/usr/lib/python3.12/json/__init__.py", line 346, in loads
    return _default_decoder.decode(s)
           ^^^^^^^^^^^^^^^^^^^^^^^^^^
  File "/usr/lib/python3.12/json/decoder.py", line 337, in decode
    obj, end = self.raw_decode(s, idx=_w(s, 0).end())
               ^^^^^^^^^^^^^^^^^^^^^^^^^^^^^^^^^^^^^^
  File "/usr/lib/python3.12/json/decoder.py", line 355, in raw_decode
    raise JSONDecodeError("Expecting value", s, err.value) from None
json.decoder.JSONDecodeError: Expecting value: line 1 column 1 (char 0)
2026-04-06 10:25:42 | ERROR    | woobot.bale.client | Failed to parse JSON response: Expecting value: line 1 column 1 (char 0)
2026-04-06 10:25:42 | ERROR    | woobot.bale.client | Raw response content: <html>
<head><title>503 Service Temporarily Unavailable</title></head>
<body>
<center><h1>503 Service Temporarily Unavailable</h1></center>
<hr><center>nginx</center>
</body>
</html>

2026-04-06 10:25:42 | ERROR    | woobot.main | Polling error: Expecting value: line 1 column 1 (char 0)
Traceback (most recent call last):
  File "/home/kiya/Woo_Bot/src/main.py", line 42, in polling_loop
    response = await bot.get_updates(offset=offset, timeout=POLL_TIMEOUT)
               ^^^^^^^^^^^^^^^^^^^^^^^^^^^^^^^^^^^^^^^^^^^^^^^^^^^^^^^^^^
  File "/home/kiya/Woo_Bot/src/bale/api.py", line 67, in get_updates
    return await self.client.get_updates(offset=offset, timeout=timeout)
           ^^^^^^^^^^^^^^^^^^^^^^^^^^^^^^^^^^^^^^^^^^^^^^^^^^^^^^^^^^^^^
  File "/home/kiya/Woo_Bot/src/bale/client.py", line 189, in get_updates
    return await self.get(
           ^^^^^^^^^^^^^^^
  File "/home/kiya/Woo_Bot/src/bale/client.py", line 152, in get
    data = await resp.json(content_type=None)
           ^^^^^^^^^^^^^^^^^^^^^^^^^^^^^^^^^^
  File "/home/kiya/Woo_Bot/venv/lib/python3.12/site-packages/aiohttp/client_reqrep.py", line 773, in json
    return loads(stripped.decode(encoding))
           ^^^^^^^^^^^^^^^^^^^^^^^^^^^^^^^^
  File "/usr/lib/python3.12/json/__init__.py", line 346, in loads
    return _default_decoder.decode(s)
           ^^^^^^^^^^^^^^^^^^^^^^^^^^
  File "/usr/lib/python3.12/json/decoder.py", line 337, in decode
    obj, end = self.raw_decode(s, idx=_w(s, 0).end())
               ^^^^^^^^^^^^^^^^^^^^^^^^^^^^^^^^^^^^^^
  File "/usr/lib/python3.12/json/decoder.py", line 355, in raw_decode
    raise JSONDecodeError("Expecting value", s, err.value) from None
json.decoder.JSONDecodeError: Expecting value: line 1 column 1 (char 0)
2026-04-06 10:25:45 | ERROR    | woobot.bale.client | Failed to parse JSON response: Expecting value: line 1 column 1 (char 0)
2026-04-06 10:25:45 | ERROR    | woobot.bale.client | Raw response content: <html>
<head><title>503 Service Temporarily Unavailable</title></head>
<body>
<center><h1>503 Service Temporarily Unavailable</h1></center>
<hr><center>nginx</center>
</body>
</html>

2026-04-06 10:25:45 | ERROR    | woobot.main | Polling error: Expecting value: line 1 column 1 (char 0)
Traceback (most recent call last):
  File "/home/kiya/Woo_Bot/src/main.py", line 42, in polling_loop
    response = await bot.get_updates(offset=offset, timeout=POLL_TIMEOUT)
               ^^^^^^^^^^^^^^^^^^^^^^^^^^^^^^^^^^^^^^^^^^^^^^^^^^^^^^^^^^
  File "/home/kiya/Woo_Bot/src/bale/api.py", line 67, in get_updates
    return await self.client.get_updates(offset=offset, timeout=timeout)
           ^^^^^^^^^^^^^^^^^^^^^^^^^^^^^^^^^^^^^^^^^^^^^^^^^^^^^^^^^^^^^
  File "/home/kiya/Woo_Bot/src/bale/client.py", line 189, in get_updates
    return await self.get(
           ^^^^^^^^^^^^^^^
  File "/home/kiya/Woo_Bot/src/bale/client.py", line 152, in get
    data = await resp.json(content_type=None)
           ^^^^^^^^^^^^^^^^^^^^^^^^^^^^^^^^^^
  File "/home/kiya/Woo_Bot/venv/lib/python3.12/site-packages/aiohttp/client_reqrep.py", line 773, in json
    return loads(stripped.decode(encoding))
           ^^^^^^^^^^^^^^^^^^^^^^^^^^^^^^^^
  File "/usr/lib/python3.12/json/__init__.py", line 346, in loads
    return _default_decoder.decode(s)
           ^^^^^^^^^^^^^^^^^^^^^^^^^^
  File "/usr/lib/python3.12/json/decoder.py", line 337, in decode
    obj, end = self.raw_decode(s, idx=_w(s, 0).end())
               ^^^^^^^^^^^^^^^^^^^^^^^^^^^^^^^^^^^^^^
  File "/usr/lib/python3.12/json/decoder.py", line 355, in raw_decode
    raise JSONDecodeError("Expecting value", s, err.value) from None
json.decoder.JSONDecodeError: Expecting value: line 1 column 1 (char 0)
2026-04-06 10:25:48 | ERROR    | woobot.bale.client | Failed to parse JSON response: Expecting value: line 1 column 1 (char 0)
2026-04-06 10:25:48 | ERROR    | woobot.bale.client | Raw response content: <html>
<head><title>503 Service Temporarily Unavailable</title></head>
<body>
<center><h1>503 Service Temporarily Unavailable</h1></center>
<hr><center>nginx</center>
</body>
</html>

2026-04-06 10:25:48 | ERROR    | woobot.main | Polling error: Expecting value: line 1 column 1 (char 0)
Traceback (most recent call last):
  File "/home/kiya/Woo_Bot/src/main.py", line 42, in polling_loop
    response = await bot.get_updates(offset=offset, timeout=POLL_TIMEOUT)
               ^^^^^^^^^^^^^^^^^^^^^^^^^^^^^^^^^^^^^^^^^^^^^^^^^^^^^^^^^^
  File "/home/kiya/Woo_Bot/src/bale/api.py", line 67, in get_updates
    return await self.client.get_updates(offset=offset, timeout=timeout)
           ^^^^^^^^^^^^^^^^^^^^^^^^^^^^^^^^^^^^^^^^^^^^^^^^^^^^^^^^^^^^^
  File "/home/kiya/Woo_Bot/src/bale/client.py", line 189, in get_updates
    return await self.get(
           ^^^^^^^^^^^^^^^
  File "/home/kiya/Woo_Bot/src/bale/client.py", line 152, in get
    data = await resp.json(content_type=None)
           ^^^^^^^^^^^^^^^^^^^^^^^^^^^^^^^^^^
  File "/home/kiya/Woo_Bot/venv/lib/python3.12/site-packages/aiohttp/client_reqrep.py", line 773, in json
    return loads(stripped.decode(encoding))
           ^^^^^^^^^^^^^^^^^^^^^^^^^^^^^^^^
  File "/usr/lib/python3.12/json/__init__.py", line 346, in loads
    return _default_decoder.decode(s)
           ^^^^^^^^^^^^^^^^^^^^^^^^^^
  File "/usr/lib/python3.12/json/decoder.py", line 337, in decode
    obj, end = self.raw_decode(s, idx=_w(s, 0).end())
               ^^^^^^^^^^^^^^^^^^^^^^^^^^^^^^^^^^^^^^
  File "/usr/lib/python3.12/json/decoder.py", line 355, in raw_decode
    raise JSONDecodeError("Expecting value", s, err.value) from None
json.decoder.JSONDecodeError: Expecting value: line 1 column 1 (char 0)
2026-04-06 10:25:51 | ERROR    | woobot.bale.client | Failed to parse JSON response: Expecting value: line 1 column 1 (char 0)
2026-04-06 10:25:51 | ERROR    | woobot.bale.client | Raw response content: <html>
<head><title>503 Service Temporarily Unavailable</title></head>
<body>
<center><h1>503 Service Temporarily Unavailable</h1></center>
<hr><center>nginx</center>
</body>
</html>

2026-04-06 10:25:51 | ERROR    | woobot.main | Polling error: Expecting value: line 1 column 1 (char 0)
Traceback (most recent call last):
  File "/home/kiya/Woo_Bot/src/main.py", line 42, in polling_loop
    response = await bot.get_updates(offset=offset, timeout=POLL_TIMEOUT)
               ^^^^^^^^^^^^^^^^^^^^^^^^^^^^^^^^^^^^^^^^^^^^^^^^^^^^^^^^^^
  File "/home/kiya/Woo_Bot/src/bale/api.py", line 67, in get_updates
    return await self.client.get_updates(offset=offset, timeout=timeout)
           ^^^^^^^^^^^^^^^^^^^^^^^^^^^^^^^^^^^^^^^^^^^^^^^^^^^^^^^^^^^^^
  File "/home/kiya/Woo_Bot/src/bale/client.py", line 189, in get_updates
    return await self.get(
           ^^^^^^^^^^^^^^^
  File "/home/kiya/Woo_Bot/src/bale/client.py", line 152, in get
    data = await resp.json(content_type=None)
           ^^^^^^^^^^^^^^^^^^^^^^^^^^^^^^^^^^
  File "/home/kiya/Woo_Bot/venv/lib/python3.12/site-packages/aiohttp/client_reqrep.py", line 773, in json
    return loads(stripped.decode(encoding))
           ^^^^^^^^^^^^^^^^^^^^^^^^^^^^^^^^
  File "/usr/lib/python3.12/json/__init__.py", line 346, in loads
    return _default_decoder.decode(s)
           ^^^^^^^^^^^^^^^^^^^^^^^^^^
  File "/usr/lib/python3.12/json/decoder.py", line 337, in decode
    obj, end = self.raw_decode(s, idx=_w(s, 0).end())
               ^^^^^^^^^^^^^^^^^^^^^^^^^^^^^^^^^^^^^^
  File "/usr/lib/python3.12/json/decoder.py", line 355, in raw_decode
    raise JSONDecodeError("Expecting value", s, err.value) from None
json.decoder.JSONDecodeError: Expecting value: line 1 column 1 (char 0)
2026-04-06 10:25:55 | ERROR    | woobot.bale.client | Failed to parse JSON response: Expecting value: line 1 column 1 (char 0)
2026-04-06 10:25:55 | ERROR    | woobot.bale.client | Raw response content: <html>
<head><title>503 Service Temporarily Unavailable</title></head>
<body>
<center><h1>503 Service Temporarily Unavailable</h1></center>
<hr><center>nginx</center>
</body>
</html>

2026-04-06 10:25:55 | ERROR    | woobot.main | Polling error: Expecting value: line 1 column 1 (char 0)
Traceback (most recent call last):
  File "/home/kiya/Woo_Bot/src/main.py", line 42, in polling_loop
    response = await bot.get_updates(offset=offset, timeout=POLL_TIMEOUT)
               ^^^^^^^^^^^^^^^^^^^^^^^^^^^^^^^^^^^^^^^^^^^^^^^^^^^^^^^^^^
  File "/home/kiya/Woo_Bot/src/bale/api.py", line 67, in get_updates
    return await self.client.get_updates(offset=offset, timeout=timeout)
           ^^^^^^^^^^^^^^^^^^^^^^^^^^^^^^^^^^^^^^^^^^^^^^^^^^^^^^^^^^^^^
  File "/home/kiya/Woo_Bot/src/bale/client.py", line 189, in get_updates
    return await self.get(
           ^^^^^^^^^^^^^^^
  File "/home/kiya/Woo_Bot/src/bale/client.py", line 152, in get
    data = await resp.json(content_type=None)
           ^^^^^^^^^^^^^^^^^^^^^^^^^^^^^^^^^^
  File "/home/kiya/Woo_Bot/venv/lib/python3.12/site-packages/aiohttp/client_reqrep.py", line 773, in json
    return loads(stripped.decode(encoding))
           ^^^^^^^^^^^^^^^^^^^^^^^^^^^^^^^^
  File "/usr/lib/python3.12/json/__init__.py", line 346, in loads
    return _default_decoder.decode(s)
           ^^^^^^^^^^^^^^^^^^^^^^^^^^
  File "/usr/lib/python3.12/json/decoder.py", line 337, in decode
    obj, end = self.raw_decode(s, idx=_w(s, 0).end())
               ^^^^^^^^^^^^^^^^^^^^^^^^^^^^^^^^^^^^^^
  File "/usr/lib/python3.12/json/decoder.py", line 355, in raw_decode
    raise JSONDecodeError("Expecting value", s, err.value) from None
json.decoder.JSONDecodeError: Expecting value: line 1 column 1 (char 0)
2026-04-06 10:25:58 | ERROR    | woobot.bale.client | Failed to parse JSON response: Expecting value: line 1 column 1 (char 0)
2026-04-06 10:25:58 | ERROR    | woobot.bale.client | Raw response content: <html>
<head><title>503 Service Temporarily Unavailable</title></head>
<body>
<center><h1>503 Service Temporarily Unavailable</h1></center>
<hr><center>nginx</center>
</body>
</html>

2026-04-06 10:25:58 | ERROR    | woobot.main | Polling error: Expecting value: line 1 column 1 (char 0)
Traceback (most recent call last):
  File "/home/kiya/Woo_Bot/src/main.py", line 42, in polling_loop
    response = await bot.get_updates(offset=offset, timeout=POLL_TIMEOUT)
               ^^^^^^^^^^^^^^^^^^^^^^^^^^^^^^^^^^^^^^^^^^^^^^^^^^^^^^^^^^
  File "/home/kiya/Woo_Bot/src/bale/api.py", line 67, in get_updates
    return await self.client.get_updates(offset=offset, timeout=timeout)
           ^^^^^^^^^^^^^^^^^^^^^^^^^^^^^^^^^^^^^^^^^^^^^^^^^^^^^^^^^^^^^
  File "/home/kiya/Woo_Bot/src/bale/client.py", line 189, in get_updates
    return await self.get(
           ^^^^^^^^^^^^^^^
  File "/home/kiya/Woo_Bot/src/bale/client.py", line 152, in get
    data = await resp.json(content_type=None)
           ^^^^^^^^^^^^^^^^^^^^^^^^^^^^^^^^^^
  File "/home/kiya/Woo_Bot/venv/lib/python3.12/site-packages/aiohttp/client_reqrep.py", line 773, in json
    return loads(stripped.decode(encoding))
           ^^^^^^^^^^^^^^^^^^^^^^^^^^^^^^^^
  File "/usr/lib/python3.12/json/__init__.py", line 346, in loads
    return _default_decoder.decode(s)
           ^^^^^^^^^^^^^^^^^^^^^^^^^^
  File "/usr/lib/python3.12/json/decoder.py", line 337, in decode
    obj, end = self.raw_decode(s, idx=_w(s, 0).end())
               ^^^^^^^^^^^^^^^^^^^^^^^^^^^^^^^^^^^^^^
  File "/usr/lib/python3.12/json/decoder.py", line 355, in raw_decode
    raise JSONDecodeError("Expecting value", s, err.value) from None
json.decoder.JSONDecodeError: Expecting value: line 1 column 1 (char 0)
2026-04-06 10:26:01 | INFO     | woobot.handlers.registration | Registration / login started for chat_id=921659350
2026-04-06 10:26:01 | INFO     | woobot.handlers.registration | Registration / login started for chat_id=921659350
2026-04-06 10:26:01 | INFO     | woobot.handlers.registration | Registration / login started for chat_id=921659350
2026-04-06 10:26:12 | INFO     | httpx | HTTP Request: POST https://rest.payamak-panel.com/api/SendSMS/SendSMS "HTTP/1.1 200 OK"
2026-04-06 10:26:12 | INFO     | woobot.auth.otp_service | OTP sent to 09128581871 (code=182269) – success=True – 1.67 s
2026-04-06 10:26:12 | ERROR    | woobot.main | Polling error: [400] Bad Request: message text is empty
Traceback (most recent call last):
  File "/home/kiya/Woo_Bot/src/main.py", line 47, in polling_loop
    await router.route(update)
  File "/home/kiya/Woo_Bot/src/handlers/router.py", line 38, in route
    await self._handle_message(update)
  File "/home/kiya/Woo_Bot/src/handlers/router.py", line 62, in _handle_message
    await self._send_reply(chat_id, reply)
  File "/home/kiya/Woo_Bot/src/handlers/router.py", line 95, in _send_reply
    await self._bot.send_message(chat_id, text, reply_markup=markup)
  File "/home/kiya/Woo_Bot/src/bale/api.py", line 88, in send_message
    return await self.client.send_message(
           ^^^^^^^^^^^^^^^^^^^^^^^^^^^^^^^
  File "/home/kiya/Woo_Bot/src/bale/client.py", line 224, in send_message
    return await self.post("sendMessage", payload)
           ^^^^^^^^^^^^^^^^^^^^^^^^^^^^^^^^^^^^^^^
  File "/home/kiya/Woo_Bot/src/bale/client.py", line 110, in post
    raise BaleAPIError(
src.bale.client.BaleAPIError: [400] Bad Request: message text is empty
2026-04-06 10:26:18 | INFO     | woobot.auth.otp_service | OTP verified successfully for 09128581871
2026-04-06 10:26:41 | ERROR    | woobot.main | Polling error: [400] Bad Request: message text is empty
Traceback (most recent call last):
  File "/home/kiya/Woo_Bot/src/main.py", line 47, in polling_loop
    await router.route(update)
  File "/home/kiya/Woo_Bot/src/handlers/router.py", line 41, in route
    await self._handle_callback(update)
  File "/home/kiya/Woo_Bot/src/handlers/router.py", line 84, in _handle_callback
    await self._send_reply(chat_id, reply)
  File "/home/kiya/Woo_Bot/src/handlers/router.py", line 97, in _send_reply
    await self._bot.send_message(chat_id, reply)
  File "/home/kiya/Woo_Bot/src/bale/api.py", line 88, in send_message
    return await self.client.send_message(
           ^^^^^^^^^^^^^^^^^^^^^^^^^^^^^^^
  File "/home/kiya/Woo_Bot/src/bale/client.py", line 224, in send_message
    return await self.post("sendMessage", payload)
           ^^^^^^^^^^^^^^^^^^^^^^^^^^^^^^^^^^^^^^^
  File "/home/kiya/Woo_Bot/src/bale/client.py", line 110, in post
    raise BaleAPIError(
src.bale.client.BaleAPIError: [400] Bad Request: message text is empty
2026-04-06 10:27:00 | INFO     | src.auth.user_manager | New user registered: 1
2026-04-06 10:27:00 | ERROR    | woobot.handlers.registration | Error during final registration: Instance '<User at 0x7c4d2f9e19a0>' is not persistent within this Session
2026-04-06 10:27:00 | ERROR    | woobot.main | Polling error: Instance '<User at 0x7c4d2f9e19a0>' is not persistent within this Session
Traceback (most recent call last):
  File "/home/kiya/Woo_Bot/src/main.py", line 47, in polling_loop
    await router.route(update)
  File "/home/kiya/Woo_Bot/src/handlers/router.py", line 41, in route
    await self._handle_callback(update)
  File "/home/kiya/Woo_Bot/src/handlers/router.py", line 80, in _handle_callback
    reply = await self._reg_handler.handle_callback(chat_id, data)
            ^^^^^^^^^^^^^^^^^^^^^^^^^^^^^^^^^^^^^^^^^^^^^^^^^^^^^^
  File "/home/kiya/Woo_Bot/src/handlers/registration_handler.py", line 594, in handle_callback
    await self._finalize_registration(chat_id, category)
  File "/home/kiya/Woo_Bot/src/handlers/registration_handler.py", line 684, in _finalize_registration
    raise e
  File "/home/kiya/Woo_Bot/src/handlers/registration_handler.py", line 674, in _finalize_registration
    db.refresh(user)
  File "/home/kiya/Woo_Bot/venv/lib/python3.12/site-packages/sqlalchemy/orm/session.py", line 3133, in refresh
    self._expire_state(state, attribute_names)
  File "/home/kiya/Woo_Bot/venv/lib/python3.12/site-packages/sqlalchemy/orm/session.py", line 3259, in _expire_state
    self._validate_persistent(state)
  File "/home/kiya/Woo_Bot/venv/lib/python3.12/site-packages/sqlalchemy/orm/session.py", line 4117, in _validate_persistent
    raise sa_exc.InvalidRequestError(
sqlalchemy.exc.InvalidRequestError: Instance '<User at 0x7c4d2f9e19a0>' is not persistent within this Session
2026-04-06 10:27:05 | ERROR    | woobot.handlers.registration | Error during final registration: این کاربر قبلاً ثبت‌نام کرده است
2026-04-06 10:29:12 | INFO     | woobot.main | Polling cancelled.
2026-04-06 10:29:12 | INFO     | woobot.bale.client | BaleHttpClient session closed.
2026-04-06 10:29:12 | INFO     | woobot.bale.api | BaleBot session closed (client stopped).
2026-04-06 10:29:12 | INFO     | woobot.main | WooBot stopped.
2026-04-06 10:48:46 | INFO     | root | Logging initialized — level=INFO file=logs/woobot.log
2026-04-06 10:48:46 | INFO     | woobot.main | WooBot starting...
2026-04-06 10:48:46 | INFO     | src.database.db_manager | ✅ Database initialized successfully.
2026-04-06 10:48:46 | INFO     | woobot.main | Database ready.
2026-04-06 10:48:46 | INFO     | woobot.bale.client | BaleHttpClient session started.
2026-04-06 10:48:46 | INFO     | woobot.bale.api | BaleBot session opened (client started).
2026-04-06 10:48:46 | INFO     | woobot.main | BaleBot session opened.
2026-04-06 10:48:46 | INFO     | woobot.main | Polling loop started.
2026-04-06 10:48:54 | INFO     | woobot.handlers.registration | Registration / login started for chat_id=921659350
2026-04-06 10:49:09 | INFO     | httpx | HTTP Request: POST https://rest.payamak-panel.com/api/SendSMS/SendSMS "HTTP/1.1 200 OK"
2026-04-06 10:49:09 | INFO     | woobot.auth.otp_service | OTP sent to 09128581871 (code=821371) – success=True – 3.67 s
2026-04-06 10:49:09 | ERROR    | woobot.main | Polling error: [400] Bad Request: message text is empty
Traceback (most recent call last):
  File "/home/kiya/Woo_Bot/src/main.py", line 47, in polling_loop
    await router.route(update)
  File "/home/kiya/Woo_Bot/src/handlers/router.py", line 38, in route
    await self._handle_message(update)
  File "/home/kiya/Woo_Bot/src/handlers/router.py", line 62, in _handle_message
    await self._send_reply(chat_id, reply)
  File "/home/kiya/Woo_Bot/src/handlers/router.py", line 95, in _send_reply
    await self._bot.send_message(chat_id, text, reply_markup=markup)
  File "/home/kiya/Woo_Bot/src/bale/api.py", line 88, in send_message
    return await self.client.send_message(
           ^^^^^^^^^^^^^^^^^^^^^^^^^^^^^^^
  File "/home/kiya/Woo_Bot/src/bale/client.py", line 224, in send_message
    return await self.post("sendMessage", payload)
           ^^^^^^^^^^^^^^^^^^^^^^^^^^^^^^^^^^^^^^^
  File "/home/kiya/Woo_Bot/src/bale/client.py", line 110, in post
    raise BaleAPIError(
src.bale.client.BaleAPIError: [400] Bad Request: message text is empty
2026-04-06 10:49:19 | INFO     | woobot.auth.otp_service | OTP verified successfully for 09128581871
2026-04-06 10:49:38 | ERROR    | woobot.main | Polling error: [400] Bad Request: message text is empty
Traceback (most recent call last):
  File "/home/kiya/Woo_Bot/src/main.py", line 47, in polling_loop
    await router.route(update)
  File "/home/kiya/Woo_Bot/src/handlers/router.py", line 41, in route
    await self._handle_callback(update)
  File "/home/kiya/Woo_Bot/src/handlers/router.py", line 84, in _handle_callback
    await self._send_reply(chat_id, reply)
  File "/home/kiya/Woo_Bot/src/handlers/router.py", line 97, in _send_reply
    await self._bot.send_message(chat_id, reply)
  File "/home/kiya/Woo_Bot/src/bale/api.py", line 88, in send_message
    return await self.client.send_message(
           ^^^^^^^^^^^^^^^^^^^^^^^^^^^^^^^
  File "/home/kiya/Woo_Bot/src/bale/client.py", line 224, in send_message
    return await self.post("sendMessage", payload)
           ^^^^^^^^^^^^^^^^^^^^^^^^^^^^^^^^^^^^^^^
  File "/home/kiya/Woo_Bot/src/bale/client.py", line 110, in post
    raise BaleAPIError(
src.bale.client.BaleAPIError: [400] Bad Request: message text is empty
2026-04-06 10:49:51 | INFO     | src.auth.user_manager | New user registered: 1
2026-04-06 10:49:51 | INFO     | woobot.handlers.registration | Registration complete | chat_id=921659350 | user_id=1 | category=لوازم اداری
2026-04-06 11:30:23 | INFO     | woobot.handlers.registration | Registration / login started for chat_id=1927089160
2026-04-06 11:52:38 | WARNING  | woobot.bale.client | GET getUpdates attempt 1/3 failed: 
2026-04-06 12:23:16 | INFO     | woobot.main | Polling cancelled.
2026-04-06 12:23:16 | INFO     | woobot.bale.client | BaleHttpClient session closed.
2026-04-06 12:23:16 | INFO     | woobot.bale.api | BaleBot session closed (client stopped).
2026-04-06 12:23:16 | INFO     | woobot.main | WooBot stopped.
2026-04-06 15:29:42 | INFO     | root | Logging initialized — level=INFO file=logs/woobot.log
2026-04-06 15:29:42 | INFO     | woobot.main | WooBot starting...
2026-04-06 15:29:42 | INFO     | src.database.db_manager | ✅ Database initialized successfully.
2026-04-06 15:29:42 | INFO     | woobot.main | Database ready.
2026-04-06 15:29:42 | INFO     | woobot.bale.client | BaleHttpClient session started.
2026-04-06 15:29:42 | INFO     | woobot.bale.api | BaleBot session opened (client started).
2026-04-06 15:29:42 | INFO     | woobot.main | BaleBot session opened.
2026-04-06 15:29:42 | INFO     | woobot.main | Polling loop started.
2026-04-06 15:30:12 | WARNING  | woobot.bale.client | GET getUpdates attempt 1/3 failed: 
2026-04-06 15:30:45 | WARNING  | woobot.bale.client | GET getUpdates attempt 2/3 failed: 
2026-04-06 15:31:20 | WARNING  | woobot.bale.client | GET getUpdates attempt 3/3 failed: 
2026-04-06 15:31:20 | ERROR    | woobot.main | Polling error: GET failed after 3 retries: 
Traceback (most recent call last):
  File "/home/kiya/Woo_Bot/venv/lib/python3.12/site-packages/aiohttp/client.py", line 788, in _request
    resp = await handler(req)
           ^^^^^^^^^^^^^^^^^^
  File "/home/kiya/Woo_Bot/venv/lib/python3.12/site-packages/aiohttp/client.py", line 742, in _connect_and_send_request
    conn = await self._connector.connect(
           ^^^^^^^^^^^^^^^^^^^^^^^^^^^^^^
  File "/home/kiya/Woo_Bot/venv/lib/python3.12/site-packages/aiohttp/connector.py", line 672, in connect
    proto = await self._create_connection(req, traces, timeout)
            ^^^^^^^^^^^^^^^^^^^^^^^^^^^^^^^^^^^^^^^^^^^^^^^^^^^
  File "/home/kiya/Woo_Bot/venv/lib/python3.12/site-packages/aiohttp/connector.py", line 1251, in _create_connection
    _, proto = await self._create_direct_connection(req, traces, timeout)
               ^^^^^^^^^^^^^^^^^^^^^^^^^^^^^^^^^^^^^^^^^^^^^^^^^^^^^^^^^^
  File "/home/kiya/Woo_Bot/venv/lib/python3.12/site-packages/aiohttp/connector.py", line 1592, in _create_direct_connection
    transp, proto = await self._wrap_create_connection(
                    ^^^^^^^^^^^^^^^^^^^^^^^^^^^^^^^^^^^
  File "/home/kiya/Woo_Bot/venv/lib/python3.12/site-packages/aiohttp/connector.py", line 1310, in _wrap_create_connection
    sock = await aiohappyeyeballs.start_connection(
           ^^^^^^^^^^^^^^^^^^^^^^^^^^^^^^^^^^^^^^^^
  File "/home/kiya/Woo_Bot/venv/lib/python3.12/site-packages/aiohappyeyeballs/impl.py", line 73, in start_connection
    sock = await _connect_sock(
           ^^^^^^^^^^^^^^^^^^^^
  File "/home/kiya/Woo_Bot/venv/lib/python3.12/site-packages/aiohappyeyeballs/impl.py", line 208, in _connect_sock
    await loop.sock_connect(sock, address)
  File "/usr/lib/python3.12/asyncio/selector_events.py", line 651, in sock_connect
    return await fut
           ^^^^^^^^^
asyncio.exceptions.CancelledError

The above exception was the direct cause of the following exception:

Traceback (most recent call last):
  File "/home/kiya/Woo_Bot/src/bale/client.py", line 150, in get
    async with self._session.get(url, params=params) as resp:
  File "/home/kiya/Woo_Bot/venv/lib/python3.12/site-packages/aiohttp/client.py", line 1521, in __aenter__
    self._resp: _RetType = await self._coro
                           ^^^^^^^^^^^^^^^^
  File "/home/kiya/Woo_Bot/venv/lib/python3.12/site-packages/aiohttp/client.py", line 632, in _request
    with timer:
  File "/home/kiya/Woo_Bot/venv/lib/python3.12/site-packages/aiohttp/helpers.py", line 713, in __exit__
    raise asyncio.TimeoutError from exc_val
TimeoutError

The above exception was the direct cause of the following exception:

Traceback (most recent call last):
  File "/home/kiya/Woo_Bot/src/main.py", line 42, in polling_loop
    response = await bot.get_updates(offset=offset, timeout=POLL_TIMEOUT)
               ^^^^^^^^^^^^^^^^^^^^^^^^^^^^^^^^^^^^^^^^^^^^^^^^^^^^^^^^^^
  File "/home/kiya/Woo_Bot/src/bale/api.py", line 67, in get_updates
    return await self.client.get_updates(offset=offset, timeout=timeout)
           ^^^^^^^^^^^^^^^^^^^^^^^^^^^^^^^^^^^^^^^^^^^^^^^^^^^^^^^^^^^^^
  File "/home/kiya/Woo_Bot/src/bale/client.py", line 189, in get_updates
    return await self.get(
           ^^^^^^^^^^^^^^^
  File "/home/kiya/Woo_Bot/src/bale/client.py", line 175, in get
    raise BaleNetworkError(
src.bale.client.BaleNetworkError: GET failed after 3 retries: 
2026-04-06 15:31:30 | INFO     | woobot.main | Polling cancelled.
2026-04-06 15:31:30 | INFO     | woobot.bale.client | BaleHttpClient session closed.
2026-04-06 15:31:30 | INFO     | woobot.bale.api | BaleBot session closed (client stopped).
2026-04-06 15:31:30 | INFO     | woobot.main | WooBot stopped.
2026-04-06 15:57:07 | INFO     | root | Logging initialized — level=INFO file=logs/woobot.log
2026-04-06 15:57:07 | INFO     | woobot.main | WooBot starting...
2026-04-06 15:57:07 | INFO     | src.database.db_manager | ✅ Database initialized successfully.
2026-04-06 15:57:07 | INFO     | woobot.main | Database ready.
2026-04-06 15:57:07 | INFO     | woobot.bale.client | BaleHttpClient session started.
2026-04-06 15:57:07 | INFO     | woobot.bale.api | BaleBot session opened (client started).
2026-04-06 15:57:07 | INFO     | woobot.main | BaleBot session opened.
2026-04-06 15:57:07 | INFO     | woobot.main | Polling loop started.
2026-04-06 15:57:29 | INFO     | woobot.handlers.registration | Registration / login started for chat_id=921659350
2026-04-06 15:57:29 | INFO     | woobot.handlers.registration | Registration / login started for chat_id=921659350
2026-04-06 15:57:45 | ERROR    | woobot.auth.otp_service | SMS send failed for 09128581871: [Errno -5] No address associated with hostname
2026-04-06 15:57:45 | ERROR    | woobot.handlers.registration | OTP send failed | chat_id=921659350 phone=09128581871
2026-04-06 15:58:01 | ERROR    | woobot.auth.otp_service | SMS send failed for 09128581871: [Errno -5] No address associated with hostname
2026-04-06 15:58:01 | ERROR    | woobot.main | Polling error: [400] Bad Request: query is too old and response timeout expired or query ID is invalid
Traceback (most recent call last):
  File "/home/kiya/Woo_Bot/src/main.py", line 47, in polling_loop
    await router.route(update)
  File "/home/kiya/Woo_Bot/src/handlers/router.py", line 41, in route
    await self._handle_callback(update)
  File "/home/kiya/Woo_Bot/src/handlers/router.py", line 76, in _handle_callback
    await self._bot.answer_callback_query(cq["id"])
  File "/home/kiya/Woo_Bot/src/bale/api.py", line 112, in answer_callback_query
    return await self.client.answer_callback_query(callback_query_id, text, show_alert)
           ^^^^^^^^^^^^^^^^^^^^^^^^^^^^^^^^^^^^^^^^^^^^^^^^^^^^^^^^^^^^^^^^^^^^^^^^^^^^
  File "/home/kiya/Woo_Bot/src/bale/client.py", line 246, in answer_callback_query
    return await self.post("answerCallbackQuery", payload)
           ^^^^^^^^^^^^^^^^^^^^^^^^^^^^^^^^^^^^^^^^^^^^^^^
  File "/home/kiya/Woo_Bot/src/bale/client.py", line 110, in post
    raise BaleAPIError(
src.bale.client.BaleAPIError: [400] Bad Request: query is too old and response timeout expired or query ID is invalid
2026-04-06 15:58:30 | INFO     | woobot.main | Polling cancelled.
2026-04-06 15:58:30 | INFO     | woobot.bale.client | BaleHttpClient session closed.
2026-04-06 15:58:30 | INFO     | woobot.bale.api | BaleBot session closed (client stopped).
2026-04-06 15:58:30 | INFO     | woobot.main | WooBot stopped.
2026-04-06 15:59:00 | INFO     | root | Logging initialized — level=INFO file=logs/woobot.log
2026-04-06 15:59:00 | INFO     | woobot.main | WooBot starting...
2026-04-06 15:59:00 | INFO     | src.database.db_manager | ✅ Database initialized successfully.
2026-04-06 15:59:00 | INFO     | woobot.main | Database ready.
2026-04-06 15:59:00 | INFO     | woobot.bale.client | BaleHttpClient session started.
2026-04-06 15:59:00 | INFO     | woobot.bale.api | BaleBot session opened (client started).
2026-04-06 15:59:00 | INFO     | woobot.main | BaleBot session opened.
2026-04-06 15:59:00 | INFO     | woobot.main | Polling loop started.
2026-04-06 15:59:09 | ERROR    | woobot.main | Polling error: [400] Bad Request: query is too old and response timeout expired or query ID is invalid
Traceback (most recent call last):
  File "/home/kiya/Woo_Bot/src/main.py", line 47, in polling_loop
    await router.route(update)
  File "/home/kiya/Woo_Bot/src/handlers/router.py", line 41, in route
    await self._handle_callback(update)
  File "/home/kiya/Woo_Bot/src/handlers/router.py", line 76, in _handle_callback
    await self._bot.answer_callback_query(cq["id"])
  File "/home/kiya/Woo_Bot/src/bale/api.py", line 112, in answer_callback_query
    return await self.client.answer_callback_query(callback_query_id, text, show_alert)
           ^^^^^^^^^^^^^^^^^^^^^^^^^^^^^^^^^^^^^^^^^^^^^^^^^^^^^^^^^^^^^^^^^^^^^^^^^^^^
  File "/home/kiya/Woo_Bot/src/bale/client.py", line 246, in answer_callback_query
    return await self.post("answerCallbackQuery", payload)
           ^^^^^^^^^^^^^^^^^^^^^^^^^^^^^^^^^^^^^^^^^^^^^^^
  File "/home/kiya/Woo_Bot/src/bale/client.py", line 110, in post
    raise BaleAPIError(
src.bale.client.BaleAPIError: [400] Bad Request: query is too old and response timeout expired or query ID is invalid
2026-04-06 15:59:12 | ERROR    | woobot.main | Polling error: [400] Bad Request: query is too old and response timeout expired or query ID is invalid
Traceback (most recent call last):
  File "/home/kiya/Woo_Bot/src/main.py", line 47, in polling_loop
    await router.route(update)
  File "/home/kiya/Woo_Bot/src/handlers/router.py", line 41, in route
    await self._handle_callback(update)
  File "/home/kiya/Woo_Bot/src/handlers/router.py", line 76, in _handle_callback
    await self._bot.answer_callback_query(cq["id"])
  File "/home/kiya/Woo_Bot/src/bale/api.py", line 112, in answer_callback_query
    return await self.client.answer_callback_query(callback_query_id, text, show_alert)
           ^^^^^^^^^^^^^^^^^^^^^^^^^^^^^^^^^^^^^^^^^^^^^^^^^^^^^^^^^^^^^^^^^^^^^^^^^^^^
  File "/home/kiya/Woo_Bot/src/bale/client.py", line 246, in answer_callback_query
    return await self.post("answerCallbackQuery", payload)
           ^^^^^^^^^^^^^^^^^^^^^^^^^^^^^^^^^^^^^^^^^^^^^^^
  File "/home/kiya/Woo_Bot/src/bale/client.py", line 110, in post
    raise BaleAPIError(
src.bale.client.BaleAPIError: [400] Bad Request: query is too old and response timeout expired or query ID is invalid
2026-04-06 15:59:15 | INFO     | woobot.handlers.registration | Registration / login started for chat_id=921659350
2026-04-06 15:59:31 | INFO     | httpx | HTTP Request: POST https://rest.payamak-panel.com/api/SendSMS/SendSMS "HTTP/1.1 200 OK"
2026-04-06 15:59:31 | INFO     | woobot.auth.otp_service | OTP sent to 09128581871 (code=199882) – success=True – 8.27 s
2026-04-06 15:59:31 | ERROR    | woobot.main | Polling error: [400] Bad Request: message text is empty
Traceback (most recent call last):
  File "/home/kiya/Woo_Bot/src/main.py", line 47, in polling_loop
    await router.route(update)
  File "/home/kiya/Woo_Bot/src/handlers/router.py", line 38, in route
    await self._handle_message(update)
  File "/home/kiya/Woo_Bot/src/handlers/router.py", line 62, in _handle_message
    await self._send_reply(chat_id, reply)
  File "/home/kiya/Woo_Bot/src/handlers/router.py", line 95, in _send_reply
    await self._bot.send_message(chat_id, text, reply_markup=markup)
  File "/home/kiya/Woo_Bot/src/bale/api.py", line 88, in send_message
    return await self.client.send_message(
           ^^^^^^^^^^^^^^^^^^^^^^^^^^^^^^^
  File "/home/kiya/Woo_Bot/src/bale/client.py", line 224, in send_message
    return await self.post("sendMessage", payload)
           ^^^^^^^^^^^^^^^^^^^^^^^^^^^^^^^^^^^^^^^
  File "/home/kiya/Woo_Bot/src/bale/client.py", line 110, in post
    raise BaleAPIError(
src.bale.client.BaleAPIError: [400] Bad Request: message text is empty
2026-04-06 15:59:47 | INFO     | woobot.auth.otp_service | OTP verified successfully for 09128581871
2026-04-06 16:00:24 | ERROR    | woobot.main | Polling error: [400] Bad Request: message text is empty
Traceback (most recent call last):
  File "/home/kiya/Woo_Bot/src/main.py", line 47, in polling_loop
    await router.route(update)
  File "/home/kiya/Woo_Bot/src/handlers/router.py", line 41, in route
    await self._handle_callback(update)
  File "/home/kiya/Woo_Bot/src/handlers/router.py", line 84, in _handle_callback
    await self._send_reply(chat_id, reply)
  File "/home/kiya/Woo_Bot/src/handlers/router.py", line 97, in _send_reply
    await self._bot.send_message(chat_id, reply)
  File "/home/kiya/Woo_Bot/src/bale/api.py", line 88, in send_message
    return await self.client.send_message(
           ^^^^^^^^^^^^^^^^^^^^^^^^^^^^^^^
  File "/home/kiya/Woo_Bot/src/bale/client.py", line 224, in send_message
    return await self.post("sendMessage", payload)
           ^^^^^^^^^^^^^^^^^^^^^^^^^^^^^^^^^^^^^^^
  File "/home/kiya/Woo_Bot/src/bale/client.py", line 110, in post
    raise BaleAPIError(
src.bale.client.BaleAPIError: [400] Bad Request: message text is empty
2026-04-06 16:00:47 | INFO     | src.auth.user_manager | New user registered: 1
2026-04-06 16:00:47 | INFO     | woobot.handlers.registration | Registration complete | chat_id=921659350 | user_id=1 | category=لوازم اداری
2026-04-06 16:01:16 | INFO     | woobot.handlers.registration | Registration / login started for chat_id=921659350
2026-04-06 16:01:34 | INFO     | src.auth.user_manager | User 1 logged in successfully
2026-04-06 16:01:42 | ERROR    | woobot.auth.otp_service | SMS send failed for 09128581871: [Errno -5] No address associated with hostname
2026-04-06 16:01:42 | ERROR    | woobot.handlers.registration | OTP send failed | chat_id=921659350 phone=09128581871
2026-04-06 16:02:00 | ERROR    | woobot.auth.otp_service | SMS send failed for 09128581871: [Errno -5] No address associated with hostname
2026-04-06 16:02:14 | ERROR    | woobot.auth.otp_service | SMS send failed for 09128581871: 
2026-04-06 16:02:36 | ERROR    | woobot.auth.otp_service | SMS send failed for 09128581871: 
2026-04-06 16:02:37 | INFO     | woobot.handlers.registration | Registration / login started for chat_id=921659350
2026-04-06 16:02:43 | INFO     | src.auth.user_manager | User 1 logged in successfully
2026-04-06 16:02:53 | ERROR    | woobot.auth.otp_service | SMS send failed for 09128581871: 
2026-04-06 16:02:53 | ERROR    | woobot.handlers.registration | OTP send failed | chat_id=921659350 phone=09128581871
2026-04-06 16:03:27 | ERROR    | woobot.auth.otp_service | SMS send failed for 09128581871: 
2026-04-06 16:03:48 | WARNING  | woobot.bale.client | Network error on attempt 1/3 for editMessageReplyMarkup: 
2026-04-06 16:03:48 | INFO     | woobot.bale.client | Retrying in 2s...
2026-04-06 16:03:57 | WARNING  | woobot.bale.client | Network error on attempt 1/3 for sendMessage: 
2026-04-06 16:03:57 | INFO     | woobot.bale.client | Retrying in 2s...
2026-04-06 16:04:30 | WARNING  | woobot.bale.client | Network error on attempt 2/3 for sendMessage: 
2026-04-06 16:04:30 | INFO     | woobot.bale.client | Retrying in 4s...
2026-04-06 16:04:42 | ERROR    | woobot.main | Polling error: [400] Bad Request: query is too old and response timeout expired or query ID is invalid
Traceback (most recent call last):
  File "/home/kiya/Woo_Bot/src/main.py", line 47, in polling_loop
    await router.route(update)
  File "/home/kiya/Woo_Bot/src/handlers/router.py", line 41, in route
    await self._handle_callback(update)
  File "/home/kiya/Woo_Bot/src/handlers/router.py", line 76, in _handle_callback
    await self._bot.answer_callback_query(cq["id"])
  File "/home/kiya/Woo_Bot/src/bale/api.py", line 112, in answer_callback_query
    return await self.client.answer_callback_query(callback_query_id, text, show_alert)
           ^^^^^^^^^^^^^^^^^^^^^^^^^^^^^^^^^^^^^^^^^^^^^^^^^^^^^^^^^^^^^^^^^^^^^^^^^^^^
  File "/home/kiya/Woo_Bot/src/bale/client.py", line 246, in answer_callback_query
    return await self.post("answerCallbackQuery", payload)
           ^^^^^^^^^^^^^^^^^^^^^^^^^^^^^^^^^^^^^^^^^^^^^^^
  File "/home/kiya/Woo_Bot/src/bale/client.py", line 110, in post
    raise BaleAPIError(
src.bale.client.BaleAPIError: [400] Bad Request: query is too old and response timeout expired or query ID is invalid
2026-04-06 16:04:48 | ERROR    | woobot.main | Polling error: [400] Bad Request: query is too old and response timeout expired or query ID is invalid
Traceback (most recent call last):
  File "/home/kiya/Woo_Bot/src/main.py", line 47, in polling_loop
    await router.route(update)
  File "/home/kiya/Woo_Bot/src/handlers/router.py", line 41, in route
    await self._handle_callback(update)
  File "/home/kiya/Woo_Bot/src/handlers/router.py", line 76, in _handle_callback
    await self._bot.answer_callback_query(cq["id"])
  File "/home/kiya/Woo_Bot/src/bale/api.py", line 112, in answer_callback_query
    return await self.client.answer_callback_query(callback_query_id, text, show_alert)
           ^^^^^^^^^^^^^^^^^^^^^^^^^^^^^^^^^^^^^^^^^^^^^^^^^^^^^^^^^^^^^^^^^^^^^^^^^^^^
  File "/home/kiya/Woo_Bot/src/bale/client.py", line 246, in answer_callback_query
    return await self.post("answerCallbackQuery", payload)
           ^^^^^^^^^^^^^^^^^^^^^^^^^^^^^^^^^^^^^^^^^^^^^^^
  File "/home/kiya/Woo_Bot/src/bale/client.py", line 110, in post
    raise BaleAPIError(
src.bale.client.BaleAPIError: [400] Bad Request: query is too old and response timeout expired or query ID is invalid
2026-04-06 16:04:53 | ERROR    | woobot.main | Polling error: [400] Bad Request: query is too old and response timeout expired or query ID is invalid
Traceback (most recent call last):
  File "/home/kiya/Woo_Bot/src/main.py", line 47, in polling_loop
    await router.route(update)
  File "/home/kiya/Woo_Bot/src/handlers/router.py", line 41, in route
    await self._handle_callback(update)
  File "/home/kiya/Woo_Bot/src/handlers/router.py", line 76, in _handle_callback
    await self._bot.answer_callback_query(cq["id"])
  File "/home/kiya/Woo_Bot/src/bale/api.py", line 112, in answer_callback_query
    return await self.client.answer_callback_query(callback_query_id, text, show_alert)
           ^^^^^^^^^^^^^^^^^^^^^^^^^^^^^^^^^^^^^^^^^^^^^^^^^^^^^^^^^^^^^^^^^^^^^^^^^^^^
  File "/home/kiya/Woo_Bot/src/bale/client.py", line 246, in answer_callback_query
    return await self.post("answerCallbackQuery", payload)
           ^^^^^^^^^^^^^^^^^^^^^^^^^^^^^^^^^^^^^^^^^^^^^^^
  File "/home/kiya/Woo_Bot/src/bale/client.py", line 110, in post
    raise BaleAPIError(
src.bale.client.BaleAPIError: [400] Bad Request: query is too old and response timeout expired or query ID is invalid
2026-04-06 16:05:05 | WARNING  | woobot.bale.client | Network error on attempt 1/3 for editMessageReplyMarkup: 
2026-04-06 16:05:05 | INFO     | woobot.bale.client | Retrying in 2s...
2026-04-06 16:05:16 | INFO     | woobot.handlers.registration | Registration / login started for chat_id=921659350
2026-04-06 16:05:17 | INFO     | woobot.handlers.registration | Registration / login started for chat_id=921659350
2026-04-06 16:05:27 | INFO     | src.auth.user_manager | User 1 logged in successfully
2026-04-06 16:05:37 | ERROR    | woobot.auth.otp_service | SMS send failed for 09128581871: 
2026-04-06 16:05:37 | ERROR    | woobot.handlers.registration | OTP send failed | chat_id=921659350 phone=09128581871
2026-04-06 16:08:00 | WARNING  | woobot.bale.client | GET getUpdates attempt 1/3 failed: [Errno 104] Connection reset by peer
2026-04-06 16:08:15 | WARNING  | woobot.bale.client | Network error on attempt 1/3 for editMessageReplyMarkup: 
2026-04-06 16:08:15 | INFO     | woobot.bale.client | Retrying in 2s...
2026-04-06 16:08:33 | WARNING  | woobot.bale.client | GET getUpdates attempt 2/3 failed: 
2026-04-06 16:08:48 | WARNING  | woobot.bale.client | Network error on attempt 2/3 for editMessageReplyMarkup: 
2026-04-06 16:08:48 | INFO     | woobot.bale.client | Retrying in 4s...
2026-04-06 16:09:08 | WARNING  | woobot.bale.client | GET getUpdates attempt 3/3 failed: 
2026-04-06 16:09:08 | ERROR    | woobot.main | Polling error: GET failed after 3 retries: 
Traceback (most recent call last):
  File "/home/kiya/Woo_Bot/venv/lib/python3.12/site-packages/aiohttp/client.py", line 788, in _request
    resp = await handler(req)
           ^^^^^^^^^^^^^^^^^^
  File "/home/kiya/Woo_Bot/venv/lib/python3.12/site-packages/aiohttp/client.py", line 742, in _connect_and_send_request
    conn = await self._connector.connect(
           ^^^^^^^^^^^^^^^^^^^^^^^^^^^^^^
  File "/home/kiya/Woo_Bot/venv/lib/python3.12/site-packages/aiohttp/connector.py", line 672, in connect
    proto = await self._create_connection(req, traces, timeout)
            ^^^^^^^^^^^^^^^^^^^^^^^^^^^^^^^^^^^^^^^^^^^^^^^^^^^
  File "/home/kiya/Woo_Bot/venv/lib/python3.12/site-packages/aiohttp/connector.py", line 1251, in _create_connection
    _, proto = await self._create_direct_connection(req, traces, timeout)
               ^^^^^^^^^^^^^^^^^^^^^^^^^^^^^^^^^^^^^^^^^^^^^^^^^^^^^^^^^^
  File "/home/kiya/Woo_Bot/venv/lib/python3.12/site-packages/aiohttp/connector.py", line 1592, in _create_direct_connection
    transp, proto = await self._wrap_create_connection(
                    ^^^^^^^^^^^^^^^^^^^^^^^^^^^^^^^^^^^
  File "/home/kiya/Woo_Bot/venv/lib/python3.12/site-packages/aiohttp/connector.py", line 1310, in _wrap_create_connection
    sock = await aiohappyeyeballs.start_connection(
           ^^^^^^^^^^^^^^^^^^^^^^^^^^^^^^^^^^^^^^^^
  File "/home/kiya/Woo_Bot/venv/lib/python3.12/site-packages/aiohappyeyeballs/impl.py", line 73, in start_connection
    sock = await _connect_sock(
           ^^^^^^^^^^^^^^^^^^^^
  File "/home/kiya/Woo_Bot/venv/lib/python3.12/site-packages/aiohappyeyeballs/impl.py", line 208, in _connect_sock
    await loop.sock_connect(sock, address)
  File "/usr/lib/python3.12/asyncio/selector_events.py", line 651, in sock_connect
    return await fut
           ^^^^^^^^^
asyncio.exceptions.CancelledError

The above exception was the direct cause of the following exception:

Traceback (most recent call last):
  File "/home/kiya/Woo_Bot/src/bale/client.py", line 150, in get
    async with self._session.get(url, params=params) as resp:
  File "/home/kiya/Woo_Bot/venv/lib/python3.12/site-packages/aiohttp/client.py", line 1521, in __aenter__
    self._resp: _RetType = await self._coro
                           ^^^^^^^^^^^^^^^^
  File "/home/kiya/Woo_Bot/venv/lib/python3.12/site-packages/aiohttp/client.py", line 632, in _request
    with timer:
  File "/home/kiya/Woo_Bot/venv/lib/python3.12/site-packages/aiohttp/helpers.py", line 713, in __exit__
    raise asyncio.TimeoutError from exc_val
TimeoutError

The above exception was the direct cause of the following exception:

Traceback (most recent call last):
  File "/home/kiya/Woo_Bot/src/main.py", line 42, in polling_loop
    response = await bot.get_updates(offset=offset, timeout=POLL_TIMEOUT)
               ^^^^^^^^^^^^^^^^^^^^^^^^^^^^^^^^^^^^^^^^^^^^^^^^^^^^^^^^^^
  File "/home/kiya/Woo_Bot/src/bale/api.py", line 67, in get_updates
    return await self.client.get_updates(offset=offset, timeout=timeout)
           ^^^^^^^^^^^^^^^^^^^^^^^^^^^^^^^^^^^^^^^^^^^^^^^^^^^^^^^^^^^^^
  File "/home/kiya/Woo_Bot/src/bale/client.py", line 189, in get_updates
    return await self.get(
           ^^^^^^^^^^^^^^^
  File "/home/kiya/Woo_Bot/src/bale/client.py", line 175, in get
    raise BaleNetworkError(
src.bale.client.BaleNetworkError: GET failed after 3 retries: 
2026-04-06 16:09:23 | WARNING  | woobot.bale.client | Network error on attempt 3/3 for editMessageReplyMarkup: 
2026-04-06 16:09:42 | WARNING  | woobot.bale.client | GET getUpdates attempt 1/3 failed: 
2026-04-06 16:10:15 | WARNING  | woobot.bale.client | GET getUpdates attempt 2/3 failed: 
2026-04-06 16:10:50 | WARNING  | woobot.bale.client | GET getUpdates attempt 3/3 failed: 
2026-04-06 16:10:50 | ERROR    | woobot.main | Polling error: GET failed after 3 retries: 
Traceback (most recent call last):
  File "/home/kiya/Woo_Bot/venv/lib/python3.12/site-packages/aiohttp/client.py", line 788, in _request
    resp = await handler(req)
           ^^^^^^^^^^^^^^^^^^
  File "/home/kiya/Woo_Bot/venv/lib/python3.12/site-packages/aiohttp/client.py", line 742, in _connect_and_send_request
    conn = await self._connector.connect(
           ^^^^^^^^^^^^^^^^^^^^^^^^^^^^^^
  File "/home/kiya/Woo_Bot/venv/lib/python3.12/site-packages/aiohttp/connector.py", line 672, in connect
    proto = await self._create_connection(req, traces, timeout)
            ^^^^^^^^^^^^^^^^^^^^^^^^^^^^^^^^^^^^^^^^^^^^^^^^^^^
  File "/home/kiya/Woo_Bot/venv/lib/python3.12/site-packages/aiohttp/connector.py", line 1251, in _create_connection
    _, proto = await self._create_direct_connection(req, traces, timeout)
               ^^^^^^^^^^^^^^^^^^^^^^^^^^^^^^^^^^^^^^^^^^^^^^^^^^^^^^^^^^
  File "/home/kiya/Woo_Bot/venv/lib/python3.12/site-packages/aiohttp/connector.py", line 1592, in _create_direct_connection
    transp, proto = await self._wrap_create_connection(
                    ^^^^^^^^^^^^^^^^^^^^^^^^^^^^^^^^^^^
  File "/home/kiya/Woo_Bot/venv/lib/python3.12/site-packages/aiohttp/connector.py", line 1310, in _wrap_create_connection
    sock = await aiohappyeyeballs.start_connection(
           ^^^^^^^^^^^^^^^^^^^^^^^^^^^^^^^^^^^^^^^^
  File "/home/kiya/Woo_Bot/venv/lib/python3.12/site-packages/aiohappyeyeballs/impl.py", line 73, in start_connection
    sock = await _connect_sock(
           ^^^^^^^^^^^^^^^^^^^^
  File "/home/kiya/Woo_Bot/venv/lib/python3.12/site-packages/aiohappyeyeballs/impl.py", line 208, in _connect_sock
    await loop.sock_connect(sock, address)
  File "/usr/lib/python3.12/asyncio/selector_events.py", line 651, in sock_connect
    return await fut
           ^^^^^^^^^
asyncio.exceptions.CancelledError

The above exception was the direct cause of the following exception:

Traceback (most recent call last):
  File "/home/kiya/Woo_Bot/src/bale/client.py", line 150, in get
    async with self._session.get(url, params=params) as resp:
  File "/home/kiya/Woo_Bot/venv/lib/python3.12/site-packages/aiohttp/client.py", line 1521, in __aenter__
    self._resp: _RetType = await self._coro
                           ^^^^^^^^^^^^^^^^
  File "/home/kiya/Woo_Bot/venv/lib/python3.12/site-packages/aiohttp/client.py", line 632, in _request
    with timer:
  File "/home/kiya/Woo_Bot/venv/lib/python3.12/site-packages/aiohttp/helpers.py", line 713, in __exit__
    raise asyncio.TimeoutError from exc_val
TimeoutError

The above exception was the direct cause of the following exception:

Traceback (most recent call last):
  File "/home/kiya/Woo_Bot/src/main.py", line 42, in polling_loop
    response = await bot.get_updates(offset=offset, timeout=POLL_TIMEOUT)
               ^^^^^^^^^^^^^^^^^^^^^^^^^^^^^^^^^^^^^^^^^^^^^^^^^^^^^^^^^^
  File "/home/kiya/Woo_Bot/src/bale/api.py", line 67, in get_updates
    return await self.client.get_updates(offset=offset, timeout=timeout)
           ^^^^^^^^^^^^^^^^^^^^^^^^^^^^^^^^^^^^^^^^^^^^^^^^^^^^^^^^^^^^^
  File "/home/kiya/Woo_Bot/src/bale/client.py", line 189, in get_updates
    return await self.get(
           ^^^^^^^^^^^^^^^
  File "/home/kiya/Woo_Bot/src/bale/client.py", line 175, in get
    raise BaleNetworkError(
src.bale.client.BaleNetworkError: GET failed after 3 retries: 
2026-04-06 16:11:24 | WARNING  | woobot.bale.client | GET getUpdates attempt 1/3 failed: 
2026-04-06 16:11:57 | WARNING  | woobot.bale.client | GET getUpdates attempt 2/3 failed: 
2026-04-06 16:12:32 | WARNING  | woobot.bale.client | GET getUpdates attempt 3/3 failed: 
2026-04-06 16:12:32 | ERROR    | woobot.main | Polling error: GET failed after 3 retries: 
Traceback (most recent call last):
  File "/home/kiya/Woo_Bot/venv/lib/python3.12/site-packages/aiohttp/client.py", line 788, in _request
    resp = await handler(req)
           ^^^^^^^^^^^^^^^^^^
  File "/home/kiya/Woo_Bot/venv/lib/python3.12/site-packages/aiohttp/client.py", line 742, in _connect_and_send_request
    conn = await self._connector.connect(
           ^^^^^^^^^^^^^^^^^^^^^^^^^^^^^^
  File "/home/kiya/Woo_Bot/venv/lib/python3.12/site-packages/aiohttp/connector.py", line 672, in connect
    proto = await self._create_connection(req, traces, timeout)
            ^^^^^^^^^^^^^^^^^^^^^^^^^^^^^^^^^^^^^^^^^^^^^^^^^^^
  File "/home/kiya/Woo_Bot/venv/lib/python3.12/site-packages/aiohttp/connector.py", line 1251, in _create_connection
    _, proto = await self._create_direct_connection(req, traces, timeout)
               ^^^^^^^^^^^^^^^^^^^^^^^^^^^^^^^^^^^^^^^^^^^^^^^^^^^^^^^^^^
  File "/home/kiya/Woo_Bot/venv/lib/python3.12/site-packages/aiohttp/connector.py", line 1592, in _create_direct_connection
    transp, proto = await self._wrap_create_connection(
                    ^^^^^^^^^^^^^^^^^^^^^^^^^^^^^^^^^^^
  File "/home/kiya/Woo_Bot/venv/lib/python3.12/site-packages/aiohttp/connector.py", line 1310, in _wrap_create_connection
    sock = await aiohappyeyeballs.start_connection(
           ^^^^^^^^^^^^^^^^^^^^^^^^^^^^^^^^^^^^^^^^
  File "/home/kiya/Woo_Bot/venv/lib/python3.12/site-packages/aiohappyeyeballs/impl.py", line 73, in start_connection
    sock = await _connect_sock(
           ^^^^^^^^^^^^^^^^^^^^
  File "/home/kiya/Woo_Bot/venv/lib/python3.12/site-packages/aiohappyeyeballs/impl.py", line 208, in _connect_sock
    await loop.sock_connect(sock, address)
  File "/usr/lib/python3.12/asyncio/selector_events.py", line 651, in sock_connect
    return await fut
           ^^^^^^^^^
asyncio.exceptions.CancelledError

The above exception was the direct cause of the following exception:

Traceback (most recent call last):
  File "/home/kiya/Woo_Bot/src/bale/client.py", line 150, in get
    async with self._session.get(url, params=params) as resp:
  File "/home/kiya/Woo_Bot/venv/lib/python3.12/site-packages/aiohttp/client.py", line 1521, in __aenter__
    self._resp: _RetType = await self._coro
                           ^^^^^^^^^^^^^^^^
  File "/home/kiya/Woo_Bot/venv/lib/python3.12/site-packages/aiohttp/client.py", line 632, in _request
    with timer:
  File "/home/kiya/Woo_Bot/venv/lib/python3.12/site-packages/aiohttp/helpers.py", line 713, in __exit__
    raise asyncio.TimeoutError from exc_val
TimeoutError

The above exception was the direct cause of the following exception:

Traceback (most recent call last):
  File "/home/kiya/Woo_Bot/src/main.py", line 42, in polling_loop
    response = await bot.get_updates(offset=offset, timeout=POLL_TIMEOUT)
               ^^^^^^^^^^^^^^^^^^^^^^^^^^^^^^^^^^^^^^^^^^^^^^^^^^^^^^^^^^
  File "/home/kiya/Woo_Bot/src/bale/api.py", line 67, in get_updates
    return await self.client.get_updates(offset=offset, timeout=timeout)
           ^^^^^^^^^^^^^^^^^^^^^^^^^^^^^^^^^^^^^^^^^^^^^^^^^^^^^^^^^^^^^
  File "/home/kiya/Woo_Bot/src/bale/client.py", line 189, in get_updates
    return await self.get(
           ^^^^^^^^^^^^^^^
  File "/home/kiya/Woo_Bot/src/bale/client.py", line 175, in get
    raise BaleNetworkError(
src.bale.client.BaleNetworkError: GET failed after 3 retries: 
2026-04-06 16:13:06 | WARNING  | woobot.bale.client | GET getUpdates attempt 1/3 failed: 
2026-04-06 16:13:39 | WARNING  | woobot.bale.client | GET getUpdates attempt 2/3 failed: 
2026-04-06 16:14:14 | WARNING  | woobot.bale.client | GET getUpdates attempt 3/3 failed: 
2026-04-06 16:14:14 | ERROR    | woobot.main | Polling error: GET failed after 3 retries: 
Traceback (most recent call last):
  File "/home/kiya/Woo_Bot/venv/lib/python3.12/site-packages/aiohttp/client.py", line 788, in _request
    resp = await handler(req)
           ^^^^^^^^^^^^^^^^^^
  File "/home/kiya/Woo_Bot/venv/lib/python3.12/site-packages/aiohttp/client.py", line 742, in _connect_and_send_request
    conn = await self._connector.connect(
           ^^^^^^^^^^^^^^^^^^^^^^^^^^^^^^
  File "/home/kiya/Woo_Bot/venv/lib/python3.12/site-packages/aiohttp/connector.py", line 672, in connect
    proto = await self._create_connection(req, traces, timeout)
            ^^^^^^^^^^^^^^^^^^^^^^^^^^^^^^^^^^^^^^^^^^^^^^^^^^^
  File "/home/kiya/Woo_Bot/venv/lib/python3.12/site-packages/aiohttp/connector.py", line 1251, in _create_connection
    _, proto = await self._create_direct_connection(req, traces, timeout)
               ^^^^^^^^^^^^^^^^^^^^^^^^^^^^^^^^^^^^^^^^^^^^^^^^^^^^^^^^^^
  File "/home/kiya/Woo_Bot/venv/lib/python3.12/site-packages/aiohttp/connector.py", line 1592, in _create_direct_connection
    transp, proto = await self._wrap_create_connection(
                    ^^^^^^^^^^^^^^^^^^^^^^^^^^^^^^^^^^^
  File "/home/kiya/Woo_Bot/venv/lib/python3.12/site-packages/aiohttp/connector.py", line 1310, in _wrap_create_connection
    sock = await aiohappyeyeballs.start_connection(
           ^^^^^^^^^^^^^^^^^^^^^^^^^^^^^^^^^^^^^^^^
  File "/home/kiya/Woo_Bot/venv/lib/python3.12/site-packages/aiohappyeyeballs/impl.py", line 73, in start_connection
    sock = await _connect_sock(
           ^^^^^^^^^^^^^^^^^^^^
  File "/home/kiya/Woo_Bot/venv/lib/python3.12/site-packages/aiohappyeyeballs/impl.py", line 208, in _connect_sock
    await loop.sock_connect(sock, address)
  File "/usr/lib/python3.12/asyncio/selector_events.py", line 651, in sock_connect
    return await fut
           ^^^^^^^^^
asyncio.exceptions.CancelledError

The above exception was the direct cause of the following exception:

Traceback (most recent call last):
  File "/home/kiya/Woo_Bot/src/bale/client.py", line 150, in get
    async with self._session.get(url, params=params) as resp:
  File "/home/kiya/Woo_Bot/venv/lib/python3.12/site-packages/aiohttp/client.py", line 1521, in __aenter__
    self._resp: _RetType = await self._coro
                           ^^^^^^^^^^^^^^^^
  File "/home/kiya/Woo_Bot/venv/lib/python3.12/site-packages/aiohttp/client.py", line 632, in _request
    with timer:
  File "/home/kiya/Woo_Bot/venv/lib/python3.12/site-packages/aiohttp/helpers.py", line 713, in __exit__
    raise asyncio.TimeoutError from exc_val
TimeoutError

The above exception was the direct cause of the following exception:

Traceback (most recent call last):
  File "/home/kiya/Woo_Bot/src/main.py", line 42, in polling_loop
    response = await bot.get_updates(offset=offset, timeout=POLL_TIMEOUT)
               ^^^^^^^^^^^^^^^^^^^^^^^^^^^^^^^^^^^^^^^^^^^^^^^^^^^^^^^^^^
  File "/home/kiya/Woo_Bot/src/bale/api.py", line 67, in get_updates
    return await self.client.get_updates(offset=offset, timeout=timeout)
           ^^^^^^^^^^^^^^^^^^^^^^^^^^^^^^^^^^^^^^^^^^^^^^^^^^^^^^^^^^^^^
  File "/home/kiya/Woo_Bot/src/bale/client.py", line 189, in get_updates
    return await self.get(
           ^^^^^^^^^^^^^^^
  File "/home/kiya/Woo_Bot/src/bale/client.py", line 175, in get
    raise BaleNetworkError(
src.bale.client.BaleNetworkError: GET failed after 3 retries: 
2026-04-06 16:14:48 | WARNING  | woobot.bale.client | GET getUpdates attempt 1/3 failed: 
2026-04-06 16:15:21 | WARNING  | woobot.bale.client | GET getUpdates attempt 2/3 failed: 
2026-04-06 16:15:56 | WARNING  | woobot.bale.client | GET getUpdates attempt 3/3 failed: 
2026-04-06 16:15:56 | ERROR    | woobot.main | Polling error: GET failed after 3 retries: 
Traceback (most recent call last):
  File "/home/kiya/Woo_Bot/venv/lib/python3.12/site-packages/aiohttp/client.py", line 788, in _request
    resp = await handler(req)
           ^^^^^^^^^^^^^^^^^^
  File "/home/kiya/Woo_Bot/venv/lib/python3.12/site-packages/aiohttp/client.py", line 742, in _connect_and_send_request
    conn = await self._connector.connect(
           ^^^^^^^^^^^^^^^^^^^^^^^^^^^^^^
  File "/home/kiya/Woo_Bot/venv/lib/python3.12/site-packages/aiohttp/connector.py", line 672, in connect
    proto = await self._create_connection(req, traces, timeout)
            ^^^^^^^^^^^^^^^^^^^^^^^^^^^^^^^^^^^^^^^^^^^^^^^^^^^
  File "/home/kiya/Woo_Bot/venv/lib/python3.12/site-packages/aiohttp/connector.py", line 1251, in _create_connection
    _, proto = await self._create_direct_connection(req, traces, timeout)
               ^^^^^^^^^^^^^^^^^^^^^^^^^^^^^^^^^^^^^^^^^^^^^^^^^^^^^^^^^^
  File "/home/kiya/Woo_Bot/venv/lib/python3.12/site-packages/aiohttp/connector.py", line 1592, in _create_direct_connection
    transp, proto = await self._wrap_create_connection(
                    ^^^^^^^^^^^^^^^^^^^^^^^^^^^^^^^^^^^
  File "/home/kiya/Woo_Bot/venv/lib/python3.12/site-packages/aiohttp/connector.py", line 1310, in _wrap_create_connection
    sock = await aiohappyeyeballs.start_connection(
           ^^^^^^^^^^^^^^^^^^^^^^^^^^^^^^^^^^^^^^^^
  File "/home/kiya/Woo_Bot/venv/lib/python3.12/site-packages/aiohappyeyeballs/impl.py", line 73, in start_connection
    sock = await _connect_sock(
           ^^^^^^^^^^^^^^^^^^^^
  File "/home/kiya/Woo_Bot/venv/lib/python3.12/site-packages/aiohappyeyeballs/impl.py", line 208, in _connect_sock
    await loop.sock_connect(sock, address)
  File "/usr/lib/python3.12/asyncio/selector_events.py", line 651, in sock_connect
    return await fut
           ^^^^^^^^^
asyncio.exceptions.CancelledError

The above exception was the direct cause of the following exception:

Traceback (most recent call last):
  File "/home/kiya/Woo_Bot/src/bale/client.py", line 150, in get
    async with self._session.get(url, params=params) as resp:
  File "/home/kiya/Woo_Bot/venv/lib/python3.12/site-packages/aiohttp/client.py", line 1521, in __aenter__
    self._resp: _RetType = await self._coro
                           ^^^^^^^^^^^^^^^^
  File "/home/kiya/Woo_Bot/venv/lib/python3.12/site-packages/aiohttp/client.py", line 632, in _request
    with timer:
  File "/home/kiya/Woo_Bot/venv/lib/python3.12/site-packages/aiohttp/helpers.py", line 713, in __exit__
    raise asyncio.TimeoutError from exc_val
TimeoutError

The above exception was the direct cause of the following exception:

Traceback (most recent call last):
  File "/home/kiya/Woo_Bot/src/main.py", line 42, in polling_loop
    response = await bot.get_updates(offset=offset, timeout=POLL_TIMEOUT)
               ^^^^^^^^^^^^^^^^^^^^^^^^^^^^^^^^^^^^^^^^^^^^^^^^^^^^^^^^^^
  File "/home/kiya/Woo_Bot/src/bale/api.py", line 67, in get_updates
    return await self.client.get_updates(offset=offset, timeout=timeout)
           ^^^^^^^^^^^^^^^^^^^^^^^^^^^^^^^^^^^^^^^^^^^^^^^^^^^^^^^^^^^^^
  File "/home/kiya/Woo_Bot/src/bale/client.py", line 189, in get_updates
    return await self.get(
           ^^^^^^^^^^^^^^^
  File "/home/kiya/Woo_Bot/src/bale/client.py", line 175, in get
    raise BaleNetworkError(
src.bale.client.BaleNetworkError: GET failed after 3 retries: 
2026-04-06 16:16:30 | WARNING  | woobot.bale.client | GET getUpdates attempt 1/3 failed: 
2026-04-06 16:17:03 | WARNING  | woobot.bale.client | GET getUpdates attempt 2/3 failed: 
2026-04-06 16:17:38 | WARNING  | woobot.bale.client | GET getUpdates attempt 3/3 failed: 
2026-04-06 16:17:38 | ERROR    | woobot.main | Polling error: GET failed after 3 retries: 
Traceback (most recent call last):
  File "/home/kiya/Woo_Bot/venv/lib/python3.12/site-packages/aiohttp/client.py", line 788, in _request
    resp = await handler(req)
           ^^^^^^^^^^^^^^^^^^
  File "/home/kiya/Woo_Bot/venv/lib/python3.12/site-packages/aiohttp/client.py", line 742, in _connect_and_send_request
    conn = await self._connector.connect(
           ^^^^^^^^^^^^^^^^^^^^^^^^^^^^^^
  File "/home/kiya/Woo_Bot/venv/lib/python3.12/site-packages/aiohttp/connector.py", line 672, in connect
    proto = await self._create_connection(req, traces, timeout)
            ^^^^^^^^^^^^^^^^^^^^^^^^^^^^^^^^^^^^^^^^^^^^^^^^^^^
  File "/home/kiya/Woo_Bot/venv/lib/python3.12/site-packages/aiohttp/connector.py", line 1251, in _create_connection
    _, proto = await self._create_direct_connection(req, traces, timeout)
               ^^^^^^^^^^^^^^^^^^^^^^^^^^^^^^^^^^^^^^^^^^^^^^^^^^^^^^^^^^
  File "/home/kiya/Woo_Bot/venv/lib/python3.12/site-packages/aiohttp/connector.py", line 1592, in _create_direct_connection
    transp, proto = await self._wrap_create_connection(
                    ^^^^^^^^^^^^^^^^^^^^^^^^^^^^^^^^^^^
  File "/home/kiya/Woo_Bot/venv/lib/python3.12/site-packages/aiohttp/connector.py", line 1310, in _wrap_create_connection
    sock = await aiohappyeyeballs.start_connection(
           ^^^^^^^^^^^^^^^^^^^^^^^^^^^^^^^^^^^^^^^^
  File "/home/kiya/Woo_Bot/venv/lib/python3.12/site-packages/aiohappyeyeballs/impl.py", line 73, in start_connection
    sock = await _connect_sock(
           ^^^^^^^^^^^^^^^^^^^^
  File "/home/kiya/Woo_Bot/venv/lib/python3.12/site-packages/aiohappyeyeballs/impl.py", line 208, in _connect_sock
    await loop.sock_connect(sock, address)
  File "/usr/lib/python3.12/asyncio/selector_events.py", line 651, in sock_connect
    return await fut
           ^^^^^^^^^
asyncio.exceptions.CancelledError

The above exception was the direct cause of the following exception:

Traceback (most recent call last):
  File "/home/kiya/Woo_Bot/src/bale/client.py", line 150, in get
    async with self._session.get(url, params=params) as resp:
  File "/home/kiya/Woo_Bot/venv/lib/python3.12/site-packages/aiohttp/client.py", line 1521, in __aenter__
    self._resp: _RetType = await self._coro
                           ^^^^^^^^^^^^^^^^
  File "/home/kiya/Woo_Bot/venv/lib/python3.12/site-packages/aiohttp/client.py", line 632, in _request
    with timer:
  File "/home/kiya/Woo_Bot/venv/lib/python3.12/site-packages/aiohttp/helpers.py", line 713, in __exit__
    raise asyncio.TimeoutError from exc_val
TimeoutError

The above exception was the direct cause of the following exception:

Traceback (most recent call last):
  File "/home/kiya/Woo_Bot/src/main.py", line 42, in polling_loop
    response = await bot.get_updates(offset=offset, timeout=POLL_TIMEOUT)
               ^^^^^^^^^^^^^^^^^^^^^^^^^^^^^^^^^^^^^^^^^^^^^^^^^^^^^^^^^^
  File "/home/kiya/Woo_Bot/src/bale/api.py", line 67, in get_updates
    return await self.client.get_updates(offset=offset, timeout=timeout)
           ^^^^^^^^^^^^^^^^^^^^^^^^^^^^^^^^^^^^^^^^^^^^^^^^^^^^^^^^^^^^^
  File "/home/kiya/Woo_Bot/src/bale/client.py", line 189, in get_updates
    return await self.get(
           ^^^^^^^^^^^^^^^
  File "/home/kiya/Woo_Bot/src/bale/client.py", line 175, in get
    raise BaleNetworkError(
src.bale.client.BaleNetworkError: GET failed after 3 retries: 
2026-04-06 16:18:12 | WARNING  | woobot.bale.client | GET getUpdates attempt 1/3 failed: 
2026-04-06 16:18:45 | WARNING  | woobot.bale.client | GET getUpdates attempt 2/3 failed: 
2026-04-06 16:19:20 | WARNING  | woobot.bale.client | GET getUpdates attempt 3/3 failed: 
2026-04-06 16:19:20 | ERROR    | woobot.main | Polling error: GET failed after 3 retries: 
Traceback (most recent call last):
  File "/home/kiya/Woo_Bot/venv/lib/python3.12/site-packages/aiohttp/client.py", line 788, in _request
    resp = await handler(req)
           ^^^^^^^^^^^^^^^^^^
  File "/home/kiya/Woo_Bot/venv/lib/python3.12/site-packages/aiohttp/client.py", line 742, in _connect_and_send_request
    conn = await self._connector.connect(
           ^^^^^^^^^^^^^^^^^^^^^^^^^^^^^^
  File "/home/kiya/Woo_Bot/venv/lib/python3.12/site-packages/aiohttp/connector.py", line 672, in connect
    proto = await self._create_connection(req, traces, timeout)
            ^^^^^^^^^^^^^^^^^^^^^^^^^^^^^^^^^^^^^^^^^^^^^^^^^^^
  File "/home/kiya/Woo_Bot/venv/lib/python3.12/site-packages/aiohttp/connector.py", line 1251, in _create_connection
    _, proto = await self._create_direct_connection(req, traces, timeout)
               ^^^^^^^^^^^^^^^^^^^^^^^^^^^^^^^^^^^^^^^^^^^^^^^^^^^^^^^^^^
  File "/home/kiya/Woo_Bot/venv/lib/python3.12/site-packages/aiohttp/connector.py", line 1592, in _create_direct_connection
    transp, proto = await self._wrap_create_connection(
                    ^^^^^^^^^^^^^^^^^^^^^^^^^^^^^^^^^^^
  File "/home/kiya/Woo_Bot/venv/lib/python3.12/site-packages/aiohttp/connector.py", line 1325, in _wrap_create_connection
    return await self._loop.create_connection(*args, **kwargs, sock=sock)
           ^^^^^^^^^^^^^^^^^^^^^^^^^^^^^^^^^^^^^^^^^^^^^^^^^^^^^^^^^^^^^^
  File "/usr/lib/python3.12/asyncio/base_events.py", line 1149, in create_connection
    transport, protocol = await self._create_connection_transport(
                          ^^^^^^^^^^^^^^^^^^^^^^^^^^^^^^^^^^^^^^^^
  File "/usr/lib/python3.12/asyncio/base_events.py", line 1182, in _create_connection_transport
    await waiter
asyncio.exceptions.CancelledError

The above exception was the direct cause of the following exception:

Traceback (most recent call last):
  File "/home/kiya/Woo_Bot/src/bale/client.py", line 150, in get
    async with self._session.get(url, params=params) as resp:
  File "/home/kiya/Woo_Bot/venv/lib/python3.12/site-packages/aiohttp/client.py", line 1521, in __aenter__
    self._resp: _RetType = await self._coro
                           ^^^^^^^^^^^^^^^^
  File "/home/kiya/Woo_Bot/venv/lib/python3.12/site-packages/aiohttp/client.py", line 632, in _request
    with timer:
  File "/home/kiya/Woo_Bot/venv/lib/python3.12/site-packages/aiohttp/helpers.py", line 713, in __exit__
    raise asyncio.TimeoutError from exc_val
TimeoutError

The above exception was the direct cause of the following exception:

Traceback (most recent call last):
  File "/home/kiya/Woo_Bot/src/main.py", line 42, in polling_loop
    response = await bot.get_updates(offset=offset, timeout=POLL_TIMEOUT)
               ^^^^^^^^^^^^^^^^^^^^^^^^^^^^^^^^^^^^^^^^^^^^^^^^^^^^^^^^^^
  File "/home/kiya/Woo_Bot/src/bale/api.py", line 67, in get_updates
    return await self.client.get_updates(offset=offset, timeout=timeout)
           ^^^^^^^^^^^^^^^^^^^^^^^^^^^^^^^^^^^^^^^^^^^^^^^^^^^^^^^^^^^^^
  File "/home/kiya/Woo_Bot/src/bale/client.py", line 189, in get_updates
    return await self.get(
           ^^^^^^^^^^^^^^^
  File "/home/kiya/Woo_Bot/src/bale/client.py", line 175, in get
    raise BaleNetworkError(
src.bale.client.BaleNetworkError: GET failed after 3 retries: 
2026-04-06 16:19:54 | WARNING  | woobot.bale.client | GET getUpdates attempt 1/3 failed: 
2026-04-06 16:20:27 | WARNING  | woobot.bale.client | GET getUpdates attempt 2/3 failed: 
2026-04-06 16:21:02 | WARNING  | woobot.bale.client | GET getUpdates attempt 3/3 failed: 
2026-04-06 16:21:02 | ERROR    | woobot.main | Polling error: GET failed after 3 retries: 
Traceback (most recent call last):
  File "/home/kiya/Woo_Bot/venv/lib/python3.12/site-packages/aiohttp/client.py", line 788, in _request
    resp = await handler(req)
           ^^^^^^^^^^^^^^^^^^
  File "/home/kiya/Woo_Bot/venv/lib/python3.12/site-packages/aiohttp/client.py", line 742, in _connect_and_send_request
    conn = await self._connector.connect(
           ^^^^^^^^^^^^^^^^^^^^^^^^^^^^^^
  File "/home/kiya/Woo_Bot/venv/lib/python3.12/site-packages/aiohttp/connector.py", line 672, in connect
    proto = await self._create_connection(req, traces, timeout)
            ^^^^^^^^^^^^^^^^^^^^^^^^^^^^^^^^^^^^^^^^^^^^^^^^^^^
  File "/home/kiya/Woo_Bot/venv/lib/python3.12/site-packages/aiohttp/connector.py", line 1251, in _create_connection
    _, proto = await self._create_direct_connection(req, traces, timeout)
               ^^^^^^^^^^^^^^^^^^^^^^^^^^^^^^^^^^^^^^^^^^^^^^^^^^^^^^^^^^
  File "/home/kiya/Woo_Bot/venv/lib/python3.12/site-packages/aiohttp/connector.py", line 1592, in _create_direct_connection
    transp, proto = await self._wrap_create_connection(
                    ^^^^^^^^^^^^^^^^^^^^^^^^^^^^^^^^^^^
  File "/home/kiya/Woo_Bot/venv/lib/python3.12/site-packages/aiohttp/connector.py", line 1310, in _wrap_create_connection
    sock = await aiohappyeyeballs.start_connection(
           ^^^^^^^^^^^^^^^^^^^^^^^^^^^^^^^^^^^^^^^^
  File "/home/kiya/Woo_Bot/venv/lib/python3.12/site-packages/aiohappyeyeballs/impl.py", line 73, in start_connection
    sock = await _connect_sock(
           ^^^^^^^^^^^^^^^^^^^^
  File "/home/kiya/Woo_Bot/venv/lib/python3.12/site-packages/aiohappyeyeballs/impl.py", line 208, in _connect_sock
    await loop.sock_connect(sock, address)
  File "/usr/lib/python3.12/asyncio/selector_events.py", line 651, in sock_connect
    return await fut
           ^^^^^^^^^
asyncio.exceptions.CancelledError

The above exception was the direct cause of the following exception:

Traceback (most recent call last):
  File "/home/kiya/Woo_Bot/src/bale/client.py", line 150, in get
    async with self._session.get(url, params=params) as resp:
  File "/home/kiya/Woo_Bot/venv/lib/python3.12/site-packages/aiohttp/client.py", line 1521, in __aenter__
    self._resp: _RetType = await self._coro
                           ^^^^^^^^^^^^^^^^
  File "/home/kiya/Woo_Bot/venv/lib/python3.12/site-packages/aiohttp/client.py", line 632, in _request
    with timer:
  File "/home/kiya/Woo_Bot/venv/lib/python3.12/site-packages/aiohttp/helpers.py", line 713, in __exit__
    raise asyncio.TimeoutError from exc_val
TimeoutError

The above exception was the direct cause of the following exception:

Traceback (most recent call last):
  File "/home/kiya/Woo_Bot/src/main.py", line 42, in polling_loop
    response = await bot.get_updates(offset=offset, timeout=POLL_TIMEOUT)
               ^^^^^^^^^^^^^^^^^^^^^^^^^^^^^^^^^^^^^^^^^^^^^^^^^^^^^^^^^^
  File "/home/kiya/Woo_Bot/src/bale/api.py", line 67, in get_updates
    return await self.client.get_updates(offset=offset, timeout=timeout)
           ^^^^^^^^^^^^^^^^^^^^^^^^^^^^^^^^^^^^^^^^^^^^^^^^^^^^^^^^^^^^^
  File "/home/kiya/Woo_Bot/src/bale/client.py", line 189, in get_updates
    return await self.get(
           ^^^^^^^^^^^^^^^
  File "/home/kiya/Woo_Bot/src/bale/client.py", line 175, in get
    raise BaleNetworkError(
src.bale.client.BaleNetworkError: GET failed after 3 retries: 
2026-04-06 16:21:36 | WARNING  | woobot.bale.client | GET getUpdates attempt 1/3 failed: 
2026-04-06 16:22:09 | WARNING  | woobot.bale.client | GET getUpdates attempt 2/3 failed: 
2026-04-06 16:22:41 | WARNING  | woobot.bale.client | GET getUpdates attempt 3/3 failed: Cannot connect to host tapi.bale.ai:443 ssl:default [Temporary failure in name resolution]
2026-04-06 16:22:41 | ERROR    | woobot.main | Polling error: GET failed after 3 retries: Cannot connect to host tapi.bale.ai:443 ssl:default [Temporary failure in name resolution]
Traceback (most recent call last):
  File "/home/kiya/Woo_Bot/venv/lib/python3.12/site-packages/aiohttp/connector.py", line 1574, in _create_direct_connection
    hosts = await self._resolve_host(host, port, traces=traces)
            ^^^^^^^^^^^^^^^^^^^^^^^^^^^^^^^^^^^^^^^^^^^^^^^^^^^
  File "/home/kiya/Woo_Bot/venv/lib/python3.12/site-packages/aiohttp/connector.py", line 1190, in _resolve_host
    return await asyncio.shield(resolved_host_task)
           ^^^^^^^^^^^^^^^^^^^^^^^^^^^^^^^^^^^^^^^^
  File "/home/kiya/Woo_Bot/venv/lib/python3.12/site-packages/aiohttp/connector.py", line 1221, in _resolve_host_with_throttle
    addrs = await self._resolver.resolve(host, port, family=self._family)
            ^^^^^^^^^^^^^^^^^^^^^^^^^^^^^^^^^^^^^^^^^^^^^^^^^^^^^^^^^^^^^
  File "/home/kiya/Woo_Bot/venv/lib/python3.12/site-packages/aiohttp/resolver.py", line 40, in resolve
    infos = await self._loop.getaddrinfo(
            ^^^^^^^^^^^^^^^^^^^^^^^^^^^^^
  File "/usr/lib/python3.12/asyncio/base_events.py", line 901, in getaddrinfo
    return await self.run_in_executor(
           ^^^^^^^^^^^^^^^^^^^^^^^^^^^
  File "/usr/lib/python3.12/concurrent/futures/thread.py", line 58, in run
    result = self.fn(*self.args, **self.kwargs)
             ^^^^^^^^^^^^^^^^^^^^^^^^^^^^^^^^^^
  File "/usr/lib/python3.12/socket.py", line 963, in getaddrinfo
    for res in _socket.getaddrinfo(host, port, family, type, proto, flags):
               ^^^^^^^^^^^^^^^^^^^^^^^^^^^^^^^^^^^^^^^^^^^^^^^^^^^^^^^^^^^
socket.gaierror: [Errno -3] Temporary failure in name resolution

The above exception was the direct cause of the following exception:

Traceback (most recent call last):
  File "/home/kiya/Woo_Bot/src/bale/client.py", line 150, in get
    async with self._session.get(url, params=params) as resp:
  File "/home/kiya/Woo_Bot/venv/lib/python3.12/site-packages/aiohttp/client.py", line 1521, in __aenter__
    self._resp: _RetType = await self._coro
                           ^^^^^^^^^^^^^^^^
  File "/home/kiya/Woo_Bot/venv/lib/python3.12/site-packages/aiohttp/client.py", line 788, in _request
    resp = await handler(req)
           ^^^^^^^^^^^^^^^^^^
  File "/home/kiya/Woo_Bot/venv/lib/python3.12/site-packages/aiohttp/client.py", line 742, in _connect_and_send_request
    conn = await self._connector.connect(
           ^^^^^^^^^^^^^^^^^^^^^^^^^^^^^^
  File "/home/kiya/Woo_Bot/venv/lib/python3.12/site-packages/aiohttp/connector.py", line 672, in connect
    proto = await self._create_connection(req, traces, timeout)
            ^^^^^^^^^^^^^^^^^^^^^^^^^^^^^^^^^^^^^^^^^^^^^^^^^^^
  File "/home/kiya/Woo_Bot/venv/lib/python3.12/site-packages/aiohttp/connector.py", line 1251, in _create_connection
    _, proto = await self._create_direct_connection(req, traces, timeout)
               ^^^^^^^^^^^^^^^^^^^^^^^^^^^^^^^^^^^^^^^^^^^^^^^^^^^^^^^^^^
  File "/home/kiya/Woo_Bot/venv/lib/python3.12/site-packages/aiohttp/connector.py", line 1580, in _create_direct_connection
    raise ClientConnectorDNSError(req.connection_key, exc) from exc
aiohttp.client_exceptions.ClientConnectorDNSError: Cannot connect to host tapi.bale.ai:443 ssl:default [Temporary failure in name resolution]

The above exception was the direct cause of the following exception:

Traceback (most recent call last):
  File "/home/kiya/Woo_Bot/src/main.py", line 42, in polling_loop
    response = await bot.get_updates(offset=offset, timeout=POLL_TIMEOUT)
               ^^^^^^^^^^^^^^^^^^^^^^^^^^^^^^^^^^^^^^^^^^^^^^^^^^^^^^^^^^
  File "/home/kiya/Woo_Bot/src/bale/api.py", line 67, in get_updates
    return await self.client.get_updates(offset=offset, timeout=timeout)
           ^^^^^^^^^^^^^^^^^^^^^^^^^^^^^^^^^^^^^^^^^^^^^^^^^^^^^^^^^^^^^
  File "/home/kiya/Woo_Bot/src/bale/client.py", line 189, in get_updates
    return await self.get(
           ^^^^^^^^^^^^^^^
  File "/home/kiya/Woo_Bot/src/bale/client.py", line 175, in get
    raise BaleNetworkError(
src.bale.client.BaleNetworkError: GET failed after 3 retries: Cannot connect to host tapi.bale.ai:443 ssl:default [Temporary failure in name resolution]
2026-04-06 16:23:12 | WARNING  | woobot.bale.client | GET getUpdates attempt 1/3 failed: Cannot connect to host tapi.bale.ai:443 ssl:default [Temporary failure in name resolution]
2026-04-06 16:23:42 | WARNING  | woobot.bale.client | GET getUpdates attempt 2/3 failed: Cannot connect to host tapi.bale.ai:443 ssl:default [Temporary failure in name resolution]
2026-04-06 16:24:14 | WARNING  | woobot.bale.client | GET getUpdates attempt 3/3 failed: Cannot connect to host tapi.bale.ai:443 ssl:default [Temporary failure in name resolution]
2026-04-06 16:24:14 | ERROR    | woobot.main | Polling error: GET failed after 3 retries: Cannot connect to host tapi.bale.ai:443 ssl:default [Temporary failure in name resolution]
Traceback (most recent call last):
  File "/home/kiya/Woo_Bot/venv/lib/python3.12/site-packages/aiohttp/connector.py", line 1574, in _create_direct_connection
    hosts = await self._resolve_host(host, port, traces=traces)
            ^^^^^^^^^^^^^^^^^^^^^^^^^^^^^^^^^^^^^^^^^^^^^^^^^^^
  File "/home/kiya/Woo_Bot/venv/lib/python3.12/site-packages/aiohttp/connector.py", line 1190, in _resolve_host
    return await asyncio.shield(resolved_host_task)
           ^^^^^^^^^^^^^^^^^^^^^^^^^^^^^^^^^^^^^^^^
  File "/home/kiya/Woo_Bot/venv/lib/python3.12/site-packages/aiohttp/connector.py", line 1221, in _resolve_host_with_throttle
    addrs = await self._resolver.resolve(host, port, family=self._family)
            ^^^^^^^^^^^^^^^^^^^^^^^^^^^^^^^^^^^^^^^^^^^^^^^^^^^^^^^^^^^^^
  File "/home/kiya/Woo_Bot/venv/lib/python3.12/site-packages/aiohttp/resolver.py", line 40, in resolve
    infos = await self._loop.getaddrinfo(
            ^^^^^^^^^^^^^^^^^^^^^^^^^^^^^
  File "/usr/lib/python3.12/asyncio/base_events.py", line 901, in getaddrinfo
    return await self.run_in_executor(
           ^^^^^^^^^^^^^^^^^^^^^^^^^^^
  File "/usr/lib/python3.12/concurrent/futures/thread.py", line 58, in run
    result = self.fn(*self.args, **self.kwargs)
             ^^^^^^^^^^^^^^^^^^^^^^^^^^^^^^^^^^
  File "/usr/lib/python3.12/socket.py", line 963, in getaddrinfo
    for res in _socket.getaddrinfo(host, port, family, type, proto, flags):
               ^^^^^^^^^^^^^^^^^^^^^^^^^^^^^^^^^^^^^^^^^^^^^^^^^^^^^^^^^^^
socket.gaierror: [Errno -3] Temporary failure in name resolution

The above exception was the direct cause of the following exception:

Traceback (most recent call last):
  File "/home/kiya/Woo_Bot/src/bale/client.py", line 150, in get
    async with self._session.get(url, params=params) as resp:
  File "/home/kiya/Woo_Bot/venv/lib/python3.12/site-packages/aiohttp/client.py", line 1521, in __aenter__
    self._resp: _RetType = await self._coro
                           ^^^^^^^^^^^^^^^^
  File "/home/kiya/Woo_Bot/venv/lib/python3.12/site-packages/aiohttp/client.py", line 788, in _request
    resp = await handler(req)
           ^^^^^^^^^^^^^^^^^^
  File "/home/kiya/Woo_Bot/venv/lib/python3.12/site-packages/aiohttp/client.py", line 742, in _connect_and_send_request
    conn = await self._connector.connect(
           ^^^^^^^^^^^^^^^^^^^^^^^^^^^^^^
  File "/home/kiya/Woo_Bot/venv/lib/python3.12/site-packages/aiohttp/connector.py", line 672, in connect
    proto = await self._create_connection(req, traces, timeout)
            ^^^^^^^^^^^^^^^^^^^^^^^^^^^^^^^^^^^^^^^^^^^^^^^^^^^
  File "/home/kiya/Woo_Bot/venv/lib/python3.12/site-packages/aiohttp/connector.py", line 1251, in _create_connection
    _, proto = await self._create_direct_connection(req, traces, timeout)
               ^^^^^^^^^^^^^^^^^^^^^^^^^^^^^^^^^^^^^^^^^^^^^^^^^^^^^^^^^^
  File "/home/kiya/Woo_Bot/venv/lib/python3.12/site-packages/aiohttp/connector.py", line 1580, in _create_direct_connection
    raise ClientConnectorDNSError(req.connection_key, exc) from exc
aiohttp.client_exceptions.ClientConnectorDNSError: Cannot connect to host tapi.bale.ai:443 ssl:default [Temporary failure in name resolution]

The above exception was the direct cause of the following exception:

Traceback (most recent call last):
  File "/home/kiya/Woo_Bot/src/main.py", line 42, in polling_loop
    response = await bot.get_updates(offset=offset, timeout=POLL_TIMEOUT)
               ^^^^^^^^^^^^^^^^^^^^^^^^^^^^^^^^^^^^^^^^^^^^^^^^^^^^^^^^^^
  File "/home/kiya/Woo_Bot/src/bale/api.py", line 67, in get_updates
    return await self.client.get_updates(offset=offset, timeout=timeout)
           ^^^^^^^^^^^^^^^^^^^^^^^^^^^^^^^^^^^^^^^^^^^^^^^^^^^^^^^^^^^^^
  File "/home/kiya/Woo_Bot/src/bale/client.py", line 189, in get_updates
    return await self.get(
           ^^^^^^^^^^^^^^^
  File "/home/kiya/Woo_Bot/src/bale/client.py", line 175, in get
    raise BaleNetworkError(
src.bale.client.BaleNetworkError: GET failed after 3 retries: Cannot connect to host tapi.bale.ai:443 ssl:default [Temporary failure in name resolution]
2026-04-06 16:24:45 | WARNING  | woobot.bale.client | GET getUpdates attempt 1/3 failed: Cannot connect to host tapi.bale.ai:443 ssl:default [Temporary failure in name resolution]
2026-04-06 16:25:15 | WARNING  | woobot.bale.client | GET getUpdates attempt 2/3 failed: Cannot connect to host tapi.bale.ai:443 ssl:default [Temporary failure in name resolution]
2026-04-06 16:25:36 | INFO     | woobot.main | Polling cancelled.
2026-04-06 16:25:36 | INFO     | woobot.bale.client | BaleHttpClient session closed.
2026-04-06 16:25:36 | INFO     | woobot.bale.api | BaleBot session closed (client stopped).
2026-04-06 16:25:36 | INFO     | woobot.main | WooBot stopped.
2026-04-06 16:36:29 | INFO     | root | Logging initialized — level=INFO file=logs/woobot.log
2026-04-06 16:36:29 | INFO     | woobot.main | WooBot starting...
2026-04-06 16:36:29 | INFO     | src.database.db_manager | ✅ Database initialized successfully.
2026-04-06 16:36:29 | INFO     | woobot.main | Database ready.
2026-04-06 16:36:29 | INFO     | woobot.bale.client | BaleHttpClient session started.
2026-04-06 16:36:29 | INFO     | woobot.bale.api | BaleBot session opened (client started).
2026-04-06 16:36:29 | INFO     | woobot.main | BaleBot session opened.
2026-04-06 16:36:29 | INFO     | woobot.main | Polling loop started.
2026-04-06 16:36:59 | WARNING  | woobot.bale.client | GET getUpdates attempt 1/3 failed: 
2026-04-06 16:37:32 | WARNING  | woobot.bale.client | GET getUpdates attempt 2/3 failed: 
2026-04-06 16:38:07 | WARNING  | woobot.bale.client | GET getUpdates attempt 3/3 failed: 
2026-04-06 16:38:07 | ERROR    | woobot.main | Polling error: GET failed after 3 retries: 
Traceback (most recent call last):
  File "/home/kiya/Woo_Bot/venv/lib/python3.12/site-packages/aiohttp/client.py", line 788, in _request
    resp = await handler(req)
           ^^^^^^^^^^^^^^^^^^
  File "/home/kiya/Woo_Bot/venv/lib/python3.12/site-packages/aiohttp/client.py", line 742, in _connect_and_send_request
    conn = await self._connector.connect(
           ^^^^^^^^^^^^^^^^^^^^^^^^^^^^^^
  File "/home/kiya/Woo_Bot/venv/lib/python3.12/site-packages/aiohttp/connector.py", line 672, in connect
    proto = await self._create_connection(req, traces, timeout)
            ^^^^^^^^^^^^^^^^^^^^^^^^^^^^^^^^^^^^^^^^^^^^^^^^^^^
  File "/home/kiya/Woo_Bot/venv/lib/python3.12/site-packages/aiohttp/connector.py", line 1251, in _create_connection
    _, proto = await self._create_direct_connection(req, traces, timeout)
               ^^^^^^^^^^^^^^^^^^^^^^^^^^^^^^^^^^^^^^^^^^^^^^^^^^^^^^^^^^
  File "/home/kiya/Woo_Bot/venv/lib/python3.12/site-packages/aiohttp/connector.py", line 1592, in _create_direct_connection
    transp, proto = await self._wrap_create_connection(
                    ^^^^^^^^^^^^^^^^^^^^^^^^^^^^^^^^^^^
  File "/home/kiya/Woo_Bot/venv/lib/python3.12/site-packages/aiohttp/connector.py", line 1325, in _wrap_create_connection
    return await self._loop.create_connection(*args, **kwargs, sock=sock)
           ^^^^^^^^^^^^^^^^^^^^^^^^^^^^^^^^^^^^^^^^^^^^^^^^^^^^^^^^^^^^^^
  File "/usr/lib/python3.12/asyncio/base_events.py", line 1149, in create_connection
    transport, protocol = await self._create_connection_transport(
                          ^^^^^^^^^^^^^^^^^^^^^^^^^^^^^^^^^^^^^^^^
  File "/usr/lib/python3.12/asyncio/base_events.py", line 1182, in _create_connection_transport
    await waiter
asyncio.exceptions.CancelledError

The above exception was the direct cause of the following exception:

Traceback (most recent call last):
  File "/home/kiya/Woo_Bot/src/bale/client.py", line 150, in get
    async with self._session.get(url, params=params) as resp:
  File "/home/kiya/Woo_Bot/venv/lib/python3.12/site-packages/aiohttp/client.py", line 1521, in __aenter__
    self._resp: _RetType = await self._coro
                           ^^^^^^^^^^^^^^^^
  File "/home/kiya/Woo_Bot/venv/lib/python3.12/site-packages/aiohttp/client.py", line 632, in _request
    with timer:
  File "/home/kiya/Woo_Bot/venv/lib/python3.12/site-packages/aiohttp/helpers.py", line 713, in __exit__
    raise asyncio.TimeoutError from exc_val
TimeoutError

The above exception was the direct cause of the following exception:

Traceback (most recent call last):
  File "/home/kiya/Woo_Bot/src/main.py", line 42, in polling_loop
    response = await bot.get_updates(offset=offset, timeout=POLL_TIMEOUT)
               ^^^^^^^^^^^^^^^^^^^^^^^^^^^^^^^^^^^^^^^^^^^^^^^^^^^^^^^^^^
  File "/home/kiya/Woo_Bot/src/bale/api.py", line 67, in get_updates
    return await self.client.get_updates(offset=offset, timeout=timeout)
           ^^^^^^^^^^^^^^^^^^^^^^^^^^^^^^^^^^^^^^^^^^^^^^^^^^^^^^^^^^^^^
  File "/home/kiya/Woo_Bot/src/bale/client.py", line 189, in get_updates
    return await self.get(
           ^^^^^^^^^^^^^^^
  File "/home/kiya/Woo_Bot/src/bale/client.py", line 175, in get
    raise BaleNetworkError(
src.bale.client.BaleNetworkError: GET failed after 3 retries: 
2026-04-06 16:38:41 | WARNING  | woobot.bale.client | GET getUpdates attempt 1/3 failed: 
2026-04-06 16:39:14 | WARNING  | woobot.bale.client | GET getUpdates attempt 2/3 failed: 
2026-04-06 16:39:49 | WARNING  | woobot.bale.client | GET getUpdates attempt 3/3 failed: 
2026-04-06 16:39:49 | ERROR    | woobot.main | Polling error: GET failed after 3 retries: 
Traceback (most recent call last):
  File "/home/kiya/Woo_Bot/venv/lib/python3.12/site-packages/aiohttp/client.py", line 788, in _request
    resp = await handler(req)
           ^^^^^^^^^^^^^^^^^^
  File "/home/kiya/Woo_Bot/venv/lib/python3.12/site-packages/aiohttp/client.py", line 742, in _connect_and_send_request
    conn = await self._connector.connect(
           ^^^^^^^^^^^^^^^^^^^^^^^^^^^^^^
  File "/home/kiya/Woo_Bot/venv/lib/python3.12/site-packages/aiohttp/connector.py", line 672, in connect
    proto = await self._create_connection(req, traces, timeout)
            ^^^^^^^^^^^^^^^^^^^^^^^^^^^^^^^^^^^^^^^^^^^^^^^^^^^
  File "/home/kiya/Woo_Bot/venv/lib/python3.12/site-packages/aiohttp/connector.py", line 1251, in _create_connection
    _, proto = await self._create_direct_connection(req, traces, timeout)
               ^^^^^^^^^^^^^^^^^^^^^^^^^^^^^^^^^^^^^^^^^^^^^^^^^^^^^^^^^^
  File "/home/kiya/Woo_Bot/venv/lib/python3.12/site-packages/aiohttp/connector.py", line 1592, in _create_direct_connection
    transp, proto = await self._wrap_create_connection(
                    ^^^^^^^^^^^^^^^^^^^^^^^^^^^^^^^^^^^
  File "/home/kiya/Woo_Bot/venv/lib/python3.12/site-packages/aiohttp/connector.py", line 1310, in _wrap_create_connection
    sock = await aiohappyeyeballs.start_connection(
           ^^^^^^^^^^^^^^^^^^^^^^^^^^^^^^^^^^^^^^^^
  File "/home/kiya/Woo_Bot/venv/lib/python3.12/site-packages/aiohappyeyeballs/impl.py", line 73, in start_connection
    sock = await _connect_sock(
           ^^^^^^^^^^^^^^^^^^^^
  File "/home/kiya/Woo_Bot/venv/lib/python3.12/site-packages/aiohappyeyeballs/impl.py", line 208, in _connect_sock
    await loop.sock_connect(sock, address)
  File "/usr/lib/python3.12/asyncio/selector_events.py", line 651, in sock_connect
    return await fut
           ^^^^^^^^^
asyncio.exceptions.CancelledError

The above exception was the direct cause of the following exception:

Traceback (most recent call last):
  File "/home/kiya/Woo_Bot/src/bale/client.py", line 150, in get
    async with self._session.get(url, params=params) as resp:
  File "/home/kiya/Woo_Bot/venv/lib/python3.12/site-packages/aiohttp/client.py", line 1521, in __aenter__
    self._resp: _RetType = await self._coro
                           ^^^^^^^^^^^^^^^^
  File "/home/kiya/Woo_Bot/venv/lib/python3.12/site-packages/aiohttp/client.py", line 632, in _request
    with timer:
  File "/home/kiya/Woo_Bot/venv/lib/python3.12/site-packages/aiohttp/helpers.py", line 713, in __exit__
    raise asyncio.TimeoutError from exc_val
TimeoutError

The above exception was the direct cause of the following exception:

Traceback (most recent call last):
  File "/home/kiya/Woo_Bot/src/main.py", line 42, in polling_loop
    response = await bot.get_updates(offset=offset, timeout=POLL_TIMEOUT)
               ^^^^^^^^^^^^^^^^^^^^^^^^^^^^^^^^^^^^^^^^^^^^^^^^^^^^^^^^^^
  File "/home/kiya/Woo_Bot/src/bale/api.py", line 67, in get_updates
    return await self.client.get_updates(offset=offset, timeout=timeout)
           ^^^^^^^^^^^^^^^^^^^^^^^^^^^^^^^^^^^^^^^^^^^^^^^^^^^^^^^^^^^^^
  File "/home/kiya/Woo_Bot/src/bale/client.py", line 189, in get_updates
    return await self.get(
           ^^^^^^^^^^^^^^^
  File "/home/kiya/Woo_Bot/src/bale/client.py", line 175, in get
    raise BaleNetworkError(
src.bale.client.BaleNetworkError: GET failed after 3 retries: 
2026-04-06 16:40:23 | WARNING  | woobot.bale.client | GET getUpdates attempt 1/3 failed: 
2026-04-06 16:40:56 | WARNING  | woobot.bale.client | GET getUpdates attempt 2/3 failed: 
2026-04-06 16:40:59 | INFO     | woobot.main | Polling cancelled.
2026-04-06 16:40:59 | INFO     | woobot.bale.client | BaleHttpClient session closed.
2026-04-06 16:40:59 | INFO     | woobot.bale.api | BaleBot session closed (client stopped).
2026-04-06 16:40:59 | INFO     | woobot.main | WooBot stopped.
2026-04-06 19:05:01 | INFO     | root | Logging initialized — level=INFO file=logs/woobot.log
2026-04-06 19:05:01 | INFO     | woobot.main | WooBot starting...
2026-04-06 19:05:01 | INFO     | src.database.db_manager | ✅ Database initialized successfully.
2026-04-06 19:05:01 | INFO     | woobot.main | Database ready.
2026-04-06 19:05:01 | INFO     | woobot.bale.client | BaleHttpClient session started.
2026-04-06 19:05:01 | INFO     | woobot.bale.api | BaleBot session opened (client started).
2026-04-06 19:05:01 | INFO     | woobot.main | BaleBot session opened.
2026-04-06 19:05:01 | INFO     | woobot.main | Polling loop started.
2026-04-06 19:05:07 | INFO     | woobot.handlers.registration | Registration / login started for chat_id=921659350
2026-04-06 19:05:09 | INFO     | woobot.handlers.registration | Registration / login started for chat_id=921659350
2026-04-06 19:05:14 | INFO     | woobot.handlers.registration | Registration / login started for chat_id=921659350
2026-04-06 19:05:18 | INFO     | src.auth.user_manager | User 1 logged in successfully
2026-04-06 19:05:27 | INFO     | httpx | HTTP Request: POST https://rest.payamak-panel.com/api/SendSMS/SendSMS "HTTP/1.1 200 OK"
2026-04-06 19:05:27 | INFO     | woobot.auth.otp_service | OTP sent to 09128581871 (code=844784) – success=True – 9.52 s
2026-04-06 19:05:32 | WARNING  | woobot.auth.otp_service | OTP verify failed – wrong code for 09128581871
2026-04-06 19:05:32 | WARNING  | woobot.handlers.registration | OTP verification failed | chat_id=921659350 phone=09128581871
2026-04-06 19:12:18 | WARNING  | woobot.handlers.registration | OTP expired | chat_id=921659350 phone=09128581871 elapsed=410.9
2026-04-06 19:12:38 | INFO     | httpx | HTTP Request: POST https://rest.payamak-panel.com/api/SendSMS/SendSMS "HTTP/1.1 200 OK"
2026-04-06 19:12:38 | INFO     | woobot.auth.otp_service | OTP sent to 09128581871 (code=267539) – success=True – 7.79 s
2026-04-06 19:12:44 | ERROR    | woobot.main | Polling error: [400] Bad Request: query is too old and response timeout expired or query ID is invalid
Traceback (most recent call last):
  File "/home/kiya/Woo_Bot/src/main.py", line 47, in polling_loop
    await router.route(update)
  File "/home/kiya/Woo_Bot/src/handlers/router.py", line 41, in route
    await self._handle_callback(update)
  File "/home/kiya/Woo_Bot/src/handlers/router.py", line 76, in _handle_callback
    await self._bot.answer_callback_query(cq["id"])
  File "/home/kiya/Woo_Bot/src/bale/api.py", line 112, in answer_callback_query
    return await self.client.answer_callback_query(callback_query_id, text, show_alert)
           ^^^^^^^^^^^^^^^^^^^^^^^^^^^^^^^^^^^^^^^^^^^^^^^^^^^^^^^^^^^^^^^^^^^^^^^^^^^^
  File "/home/kiya/Woo_Bot/src/bale/client.py", line 246, in answer_callback_query
    return await self.post("answerCallbackQuery", payload)
           ^^^^^^^^^^^^^^^^^^^^^^^^^^^^^^^^^^^^^^^^^^^^^^^
  File "/home/kiya/Woo_Bot/src/bale/client.py", line 110, in post
    raise BaleAPIError(
src.bale.client.BaleAPIError: [400] Bad Request: query is too old and response timeout expired or query ID is invalid
2026-04-06 19:41:47 | INFO     | httpx | HTTP Request: POST https://rest.payamak-panel.com/api/SendSMS/SendSMS "HTTP/1.1 200 OK"
2026-04-06 19:41:47 | INFO     | woobot.auth.otp_service | OTP sent to 09128581871 (code=494134) – success=True – 6.03 s
2026-04-06 19:41:54 | INFO     | woobot.auth.otp_service | OTP verified successfully for 09128581871
2026-04-06 19:41:54 | INFO     | woobot.handlers.registration | Login success | chat_id=921659350 phone=09128581871
2026-04-06 19:54:38 | INFO     | woobot.main | Polling cancelled.
2026-04-06 19:54:38 | INFO     | woobot.bale.client | BaleHttpClient session closed.
2026-04-06 19:54:38 | INFO     | woobot.bale.api | BaleBot session closed (client stopped).
2026-04-06 19:54:38 | INFO     | woobot.main | WooBot stopped.
2026-04-06 19:54:43 | INFO     | root | Logging initialized — level=INFO file=logs/woobot.log
2026-04-06 19:54:43 | INFO     | woobot.main | WooBot starting...
2026-04-06 19:54:43 | INFO     | src.database.db_manager | ✅ Database initialized successfully.
2026-04-06 19:54:43 | INFO     | woobot.main | Database ready.
2026-04-06 19:54:43 | INFO     | woobot.bale.client | BaleHttpClient session started.
2026-04-06 19:54:43 | INFO     | woobot.bale.api | BaleBot session opened (client started).
2026-04-06 19:54:43 | INFO     | woobot.main | BaleBot session opened.
2026-04-06 19:54:43 | INFO     | woobot.main | Polling loop started.
2026-04-06 19:55:12 | INFO     | woobot.handlers.registration | Registration / login started for chat_id=921659350
2026-04-06 19:55:19 | INFO     | src.auth.user_manager | User 1 logged in successfully
2026-04-06 19:55:28 | INFO     | httpx | HTTP Request: POST https://rest.payamak-panel.com/api/SendSMS/SendSMS "HTTP/1.1 200 OK"
2026-04-06 19:55:28 | INFO     | woobot.auth.otp_service | OTP sent to 09128581871 (code=524196) – success=True – 8.91 s
2026-04-06 19:55:39 | INFO     | woobot.auth.otp_service | OTP verified successfully for 09128581871
2026-04-06 19:55:39 | INFO     | woobot.handlers.registration | Login success | chat_id=921659350 phone=09128581871
2026-04-06 19:55:42 | ERROR    | woobot.main | Polling error: MainMenuHandler.show_menu() got an unexpected keyword argument 'welcome'
Traceback (most recent call last):
  File "/home/kiya/Woo_Bot/src/main.py", line 47, in polling_loop
    await router.route(update)
  File "/home/kiya/Woo_Bot/src/handlers/router.py", line 38, in route
    await self._handle_message(update)
  File "/home/kiya/Woo_Bot/src/handlers/router.py", line 70, in _handle_message
    await self._menu_handler.show_menu(chat_id, welcome=True)
          ^^^^^^^^^^^^^^^^^^^^^^^^^^^^^^^^^^^^^^^^^^^^^^^^^^^
TypeError: MainMenuHandler.show_menu() got an unexpected keyword argument 'welcome'
2026-04-06 20:03:50 | INFO     | woobot.main | Polling cancelled.
2026-04-06 20:03:50 | INFO     | woobot.bale.client | BaleHttpClient session closed.
2026-04-06 20:03:50 | INFO     | woobot.bale.api | BaleBot session closed (client stopped).
2026-04-06 20:03:50 | INFO     | woobot.main | WooBot stopped.
2026-04-06 20:08:17 | INFO     | root | Logging initialized — level=INFO file=logs/woobot.log
2026-04-06 20:08:17 | INFO     | woobot.main | WooBot starting...
2026-04-06 20:08:17 | INFO     | src.database.db_manager | ✅ Database initialized successfully.
2026-04-06 20:08:17 | INFO     | woobot.main | Database ready.
2026-04-06 20:08:17 | INFO     | woobot.bale.client | BaleHttpClient session started.
2026-04-06 20:08:17 | INFO     | woobot.bale.api | BaleBot session opened (client started).
2026-04-06 20:08:17 | INFO     | woobot.main | BaleBot session opened.
2026-04-06 20:08:17 | INFO     | woobot.main | Polling loop started.
2026-04-06 20:08:20 | INFO     | woobot.handlers.registration | Registration / login started for chat_id=921659350
2026-04-06 20:08:22 | INFO     | woobot.handlers.registration | Registration / login started for chat_id=921659350
2026-04-06 20:08:27 | INFO     | src.auth.user_manager | User 1 logged in successfully
2026-04-06 20:08:30 | INFO     | httpx | HTTP Request: POST https://rest.payamak-panel.com/api/SendSMS/SendSMS "HTTP/1.1 200 OK"
2026-04-06 20:08:30 | INFO     | woobot.auth.otp_service | OTP sent to 09128581871 (code=342792) – success=True – 3.00 s
2026-04-06 20:08:36 | INFO     | woobot.auth.otp_service | OTP verified successfully for 09128581871
2026-04-06 20:08:36 | INFO     | woobot.handlers.registration | Login success | chat_id=921659350 phone=09128581871
2026-04-06 20:08:37 | ERROR    | woobot.main | Polling error: MainMenuHandler.show_menu() got an unexpected keyword argument 'welcome'
Traceback (most recent call last):
  File "/home/kiya/Woo_Bot/src/main.py", line 47, in polling_loop
    await router.route(update)
  File "/home/kiya/Woo_Bot/src/handlers/router.py", line 69, in route
    await self._handle_message(update)
  File "/home/kiya/Woo_Bot/src/handlers/router.py", line 101, in _handle_message
    await self._menu_handler.show_menu(chat_id, welcome=True)
          ^^^^^^^^^^^^^^^^^^^^^^^^^^^^^^^^^^^^^^^^^^^^^^^^^^^
TypeError: MainMenuHandler.show_menu() got an unexpected keyword argument 'welcome'
2026-04-06 20:13:56 | INFO     | woobot.main | Polling cancelled.
2026-04-06 20:13:56 | WARNING  | woobot.bale.client | Network error on attempt 1/3 for editMessageReplyMarkup: Server disconnected
2026-04-06 20:13:56 | INFO     | woobot.bale.client | Retrying in 2s...
2026-04-06 20:13:56 | INFO     | woobot.bale.client | BaleHttpClient session closed.
2026-04-06 20:13:56 | INFO     | woobot.bale.api | BaleBot session closed (client stopped).
2026-04-06 20:13:56 | INFO     | woobot.main | WooBot stopped.
2026-04-06 20:13:59 | INFO     | root | Logging initialized — level=INFO file=logs/woobot.log
2026-04-06 20:13:59 | INFO     | woobot.main | WooBot starting...
2026-04-06 20:13:59 | INFO     | src.database.db_manager | ✅ Database initialized successfully.
2026-04-06 20:13:59 | INFO     | woobot.main | Database ready.
2026-04-06 20:13:59 | INFO     | woobot.bale.client | BaleHttpClient session started.
2026-04-06 20:13:59 | INFO     | woobot.bale.api | BaleBot session opened (client started).
2026-04-06 20:13:59 | INFO     | woobot.main | BaleBot session opened.
2026-04-06 20:13:59 | INFO     | woobot.main | Polling loop started.
2026-04-06 20:14:30 | INFO     | woobot.handlers.registration | Registration / login started for chat_id=921659350
2026-04-06 20:14:38 | INFO     | src.auth.user_manager | User 1 logged in successfully
2026-04-06 20:14:47 | INFO     | httpx | HTTP Request: POST https://rest.payamak-panel.com/api/SendSMS/SendSMS "HTTP/1.1 200 OK"
2026-04-06 20:14:47 | INFO     | woobot.auth.otp_service | OTP sent to 09128581871 (code=209531) – success=True – 8.50 s
2026-04-06 20:14:55 | INFO     | woobot.auth.otp_service | OTP verified successfully for 09128581871
2026-04-06 20:14:55 | INFO     | woobot.handlers.registration | Login success | chat_id=921659350 phone=09128581871
2026-04-06 20:23:17 | INFO     | woobot.main | Polling cancelled.
2026-04-06 20:23:17 | WARNING  | woobot.bale.client | Network error on attempt 1/3 for editMessageReplyMarkup: Server disconnected
2026-04-06 20:23:17 | INFO     | woobot.bale.client | Retrying in 2s...
2026-04-06 20:23:17 | INFO     | woobot.bale.client | BaleHttpClient session closed.
2026-04-06 20:23:17 | INFO     | woobot.bale.api | BaleBot session closed (client stopped).
2026-04-06 20:23:17 | INFO     | woobot.main | WooBot stopped.
2026-04-06 20:23:23 | INFO     | root | Logging initialized — level=INFO file=logs/woobot.log
2026-04-06 20:23:23 | INFO     | woobot.main | WooBot starting...
2026-04-06 20:23:23 | INFO     | src.database.db_manager | ✅ Database initialized successfully.
2026-04-06 20:23:23 | INFO     | woobot.main | Database ready.
2026-04-06 20:23:23 | INFO     | woobot.bale.client | BaleHttpClient session started.
2026-04-06 20:23:23 | INFO     | woobot.bale.api | BaleBot session opened (client started).
2026-04-06 20:23:23 | INFO     | woobot.main | BaleBot session opened.
2026-04-06 20:23:23 | INFO     | woobot.main | Polling loop started.
2026-04-06 20:23:30 | INFO     | woobot.handlers.registration | Registration / login started for chat_id=921659350
2026-04-06 20:23:39 | INFO     | src.auth.user_manager | User 1 logged in successfully
2026-04-06 20:23:41 | INFO     | httpx | HTTP Request: POST https://rest.payamak-panel.com/api/SendSMS/SendSMS "HTTP/1.1 200 OK"
2026-04-06 20:23:41 | INFO     | woobot.auth.otp_service | OTP sent to 09128581871 (code=463501) – success=True – 2.49 s
2026-04-06 20:23:46 | INFO     | woobot.auth.otp_service | OTP verified successfully for 09128581871
2026-04-06 20:23:46 | INFO     | woobot.handlers.registration | Login success | chat_id=921659350 phone=09128581871
2026-04-06 20:24:11 | INFO     | woobot.main | Polling cancelled.
2026-04-06 20:24:11 | INFO     | woobot.bale.client | BaleHttpClient session closed.
2026-04-06 20:24:11 | INFO     | woobot.bale.api | BaleBot session closed (client stopped).
2026-04-06 20:24:11 | INFO     | woobot.main | WooBot stopped.
2026-04-06 20:28:46 | INFO     | root | Logging initialized — level=INFO file=logs/woobot.log
2026-04-06 20:28:46 | INFO     | woobot.main | WooBot starting...
2026-04-06 20:28:46 | INFO     | src.database.db_manager | ✅ Database initialized successfully.
2026-04-06 20:28:46 | INFO     | woobot.main | Database ready.
2026-04-06 20:28:46 | INFO     | woobot.bale.client | BaleHttpClient session started.
2026-04-06 20:28:46 | INFO     | woobot.bale.api | BaleBot session opened (client started).
2026-04-06 20:28:46 | INFO     | woobot.main | BaleBot session opened.
2026-04-06 20:28:46 | INFO     | woobot.main | Polling loop started.
2026-04-06 20:28:51 | INFO     | woobot.handlers.registration | Registration / login started for chat_id=921659350
2026-04-06 20:28:56 | INFO     | src.auth.user_manager | User 1 logged in successfully
2026-04-06 20:28:59 | INFO     | httpx | HTTP Request: POST https://rest.payamak-panel.com/api/SendSMS/SendSMS "HTTP/1.1 200 OK"
2026-04-06 20:28:59 | INFO     | woobot.auth.otp_service | OTP sent to 09128581871 (code=421499) – success=True – 2.55 s
2026-04-06 20:29:03 | INFO     | woobot.auth.otp_service | OTP verified successfully for 09128581871
2026-04-06 20:29:03 | INFO     | woobot.handlers.registration | Login success | chat_id=921659350 phone=09128581871
2026-04-06 20:38:54 | INFO     | woobot.handlers.registration | Registration / login started for chat_id=921659350
2026-04-06 20:49:09 | INFO     | woobot.main | Polling cancelled.
2026-04-06 20:49:09 | INFO     | woobot.bale.client | BaleHttpClient session closed.
2026-04-06 20:49:09 | INFO     | woobot.bale.api | BaleBot session closed (client stopped).
2026-04-06 20:49:09 | INFO     | woobot.main | WooBot stopped.
2026-04-06 20:49:11 | INFO     | root | Logging initialized — level=INFO file=logs/woobot.log
2026-04-06 20:49:11 | INFO     | woobot.main | WooBot starting...
2026-04-06 20:49:11 | INFO     | src.database.db_manager | ✅ Database initialized successfully.
2026-04-06 20:49:11 | INFO     | woobot.main | Database ready.
2026-04-06 20:49:11 | INFO     | woobot.bale.client | BaleHttpClient session started.
2026-04-06 20:49:11 | INFO     | woobot.bale.api | BaleBot session opened (client started).
2026-04-06 20:49:11 | INFO     | woobot.main | BaleBot session opened.
2026-04-06 20:49:11 | INFO     | woobot.main | Polling loop started.
2026-04-06 20:49:20 | INFO     | woobot.handlers.registration | Registration / login started for chat_id=921659350
2026-04-06 20:49:27 | INFO     | src.auth.user_manager | User 1 logged in successfully
2026-04-06 20:49:28 | INFO     | httpx | HTTP Request: POST https://rest.payamak-panel.com/api/SendSMS/SendSMS "HTTP/1.1 200 OK"
2026-04-06 20:49:28 | INFO     | woobot.auth.otp_service | OTP sent to 09128581871 (code=474162) – success=True – 1.64 s
2026-04-06 20:49:35 | INFO     | woobot.auth.otp_service | OTP verified successfully for 09128581871
2026-04-06 20:49:35 | INFO     | woobot.handlers.registration | Login success | chat_id=921659350 phone=09128581871
2026-04-06 20:49:35 | ERROR    | woobot.main | Polling error: KeyboardButton.__init__() got an unexpected keyword argument 'text'
Traceback (most recent call last):
  File "/home/kiya/Woo_Bot/src/main.py", line 47, in polling_loop
    await router.route(update)
  File "/home/kiya/Woo_Bot/src/handlers/router.py", line 69, in route
    await self._handle_message(update)
  File "/home/kiya/Woo_Bot/src/handlers/router.py", line 101, in _handle_message
    await self._menu_handler.show_menu(chat_id, welcome=True)
  File "/home/kiya/Woo_Bot/src/handlers/main_menu_handler.py", line 125, in show_menu
    markup = self._build_main_menu_keyboard()
             ^^^^^^^^^^^^^^^^^^^^^^^^^^^^^^^^
  File "/home/kiya/Woo_Bot/src/handlers/main_menu_handler.py", line 101, in _build_main_menu_keyboard
    row: list[KeyboardButton] = [KeyboardButton(text=label) for label in row_def]
                                 ^^^^^^^^^^^^^^^^^^^^^^^^^^
TypeError: KeyboardButton.__init__() got an unexpected keyword argument 'text'
2026-04-06 20:57:44 | INFO     | woobot.main | Polling cancelled.
2026-04-06 20:57:44 | INFO     | woobot.bale.client | BaleHttpClient session closed.
2026-04-06 20:57:44 | INFO     | woobot.bale.api | BaleBot session closed (client stopped).
2026-04-06 20:57:44 | INFO     | woobot.main | WooBot stopped.
2026-04-06 20:57:46 | INFO     | root | Logging initialized — level=INFO file=logs/woobot.log
2026-04-06 20:57:46 | INFO     | woobot.main | WooBot starting...
2026-04-06 20:57:46 | INFO     | src.database.db_manager | ✅ Database initialized successfully.
2026-04-06 20:57:46 | INFO     | woobot.main | Database ready.
2026-04-06 20:57:46 | INFO     | woobot.bale.client | BaleHttpClient session started.
2026-04-06 20:57:46 | INFO     | woobot.bale.api | BaleBot session opened (client started).
2026-04-06 20:57:46 | INFO     | woobot.main | BaleBot session opened.
2026-04-06 20:57:46 | INFO     | woobot.main | Polling loop started.
2026-04-06 20:57:50 | INFO     | woobot.handlers.registration | Registration / login started for chat_id=921659350
2026-04-06 20:57:55 | INFO     | src.auth.user_manager | User 1 logged in successfully
2026-04-06 20:57:57 | INFO     | httpx | HTTP Request: POST https://rest.payamak-panel.com/api/SendSMS/SendSMS "HTTP/1.1 200 OK"
2026-04-06 20:57:57 | INFO     | woobot.auth.otp_service | OTP sent to 09128581871 (code=151518) – success=True – 1.73 s
2026-04-06 20:58:01 | INFO     | woobot.auth.otp_service | OTP verified successfully for 09128581871
2026-04-06 20:58:01 | INFO     | woobot.handlers.registration | Login success | chat_id=921659350 phone=09128581871
2026-04-06 21:10:40 | INFO     | woobot.main | Polling cancelled.
2026-04-06 21:10:40 | INFO     | woobot.bale.client | BaleHttpClient session closed.
2026-04-06 21:10:40 | INFO     | woobot.bale.api | BaleBot session closed (client stopped).
2026-04-06 21:10:40 | INFO     | woobot.main | WooBot stopped.
2026-04-06 21:10:42 | INFO     | root | Logging initialized — level=INFO file=logs/woobot.log
2026-04-06 21:10:42 | INFO     | woobot.main | WooBot starting...
2026-04-06 21:10:42 | INFO     | src.database.db_manager | ✅ Database initialized successfully.
2026-04-06 21:10:42 | INFO     | woobot.main | Database ready.
2026-04-06 21:10:42 | INFO     | woobot.bale.client | BaleHttpClient session started.
2026-04-06 21:10:42 | INFO     | woobot.bale.api | BaleBot session opened (client started).
2026-04-06 21:10:42 | INFO     | woobot.main | BaleBot session opened.
2026-04-06 21:10:42 | INFO     | woobot.main | Polling loop started.
2026-04-06 21:11:25 | INFO     | woobot.handlers.registration | Registration / login started for chat_id=921659350
2026-04-06 21:11:47 | INFO     | httpx | HTTP Request: POST https://rest.payamak-panel.com/api/SendSMS/SendSMS "HTTP/1.1 200 OK"
2026-04-06 21:11:47 | INFO     | woobot.auth.otp_service | OTP sent to 09124407157 (code=279920) – success=True – 2.89 s
2026-04-06 21:12:06 | INFO     | woobot.auth.otp_service | OTP verified successfully for 09124407157
2026-04-06 21:12:45 | INFO     | woobot.handlers.registration | Login and store update complete | user_id=1
2026-04-06 21:13:12 | INFO     | woobot.handlers.registration | Registration / login started for chat_id=921659350
2026-04-06 21:13:17 | INFO     | src.auth.user_manager | User 1 logged in successfully
2026-04-06 21:13:19 | INFO     | httpx | HTTP Request: POST https://rest.payamak-panel.com/api/SendSMS/SendSMS "HTTP/1.1 200 OK"
2026-04-06 21:13:19 | INFO     | woobot.auth.otp_service | OTP sent to 09128581871 (code=661447) – success=True – 1.56 s
2026-04-06 21:13:23 | INFO     | woobot.auth.otp_service | OTP verified successfully for 09128581871
2026-04-06 21:13:23 | INFO     | woobot.handlers.registration | Login success | chat_id=921659350 phone=09128581871
2026-04-06 21:47:38 | INFO     | woobot.main | Polling cancelled.
2026-04-06 21:47:38 | INFO     | woobot.bale.client | BaleHttpClient session closed.
2026-04-06 21:47:38 | INFO     | woobot.bale.api | BaleBot session closed (client stopped).
2026-04-06 21:47:38 | INFO     | woobot.main | WooBot stopped.
2026-04-06 23:44:47 | INFO     | root | Logging initialized — level=INFO file=logs/woobot.log
2026-04-06 23:44:47 | INFO     | woobot.main | WooBot starting...
2026-04-06 23:44:47 | INFO     | src.database.db_manager | ✅ Database initialized successfully.
2026-04-06 23:44:47 | INFO     | woobot.main | Database ready.
2026-04-06 23:44:47 | INFO     | woobot.bale.client | BaleHttpClient session started.
2026-04-06 23:44:47 | INFO     | woobot.bale.api | BaleBot session opened (client started).
2026-04-06 23:44:47 | INFO     | woobot.main | BaleBot session opened.
2026-04-06 23:44:47 | INFO     | woobot.main | Polling loop started.
2026-04-06 23:44:55 | INFO     | woobot.main | Polling cancelled.
2026-04-06 23:44:55 | INFO     | woobot.bale.client | BaleHttpClient session closed.
2026-04-06 23:44:55 | INFO     | woobot.bale.api | BaleBot session closed (client stopped).
2026-04-06 23:44:55 | INFO     | woobot.main | WooBot stopped.
2026-04-06 23:45:49 | INFO     | root | Logging initialized — level=INFO file=logs/woobot.log
2026-04-06 23:45:49 | INFO     | woobot.main | WooBot starting...
2026-04-06 23:45:49 | INFO     | src.database.db_manager | ✅ Database initialized successfully.
2026-04-06 23:45:49 | INFO     | woobot.main | Database ready.
2026-04-06 23:45:49 | INFO     | woobot.bale.client | BaleHttpClient session started.
2026-04-06 23:45:49 | INFO     | woobot.bale.api | BaleBot session opened (client started).
2026-04-06 23:45:49 | INFO     | woobot.main | BaleBot session opened.
2026-04-06 23:45:49 | INFO     | woobot.main | Polling loop started.
2026-04-06 23:45:59 | INFO     | woobot.handlers.registration | Registration / login started for chat_id=921659350
2026-04-06 23:46:05 | INFO     | httpx | HTTP Request: POST https://rest.payamak-panel.com/api/SendSMS/SendSMS "HTTP/1.1 200 OK"
2026-04-06 23:46:05 | INFO     | woobot.auth.otp_service | OTP sent to 09128581871 (code=229449) – success=True – 1.80 s
2026-04-06 23:46:13 | INFO     | woobot.auth.otp_service | OTP verified successfully for 09128581871
2026-04-06 23:46:47 | INFO     | src.auth.user_manager | New user registered: 1
2026-04-06 23:46:47 | INFO     | woobot.handlers.registration | Registration complete | chat_id=921659350 | user_id=1 | category=محصولات آرایشی
2026-04-07 00:04:48 | INFO     | woobot.main | Polling cancelled.
2026-04-07 00:04:48 | INFO     | woobot.bale.client | BaleHttpClient session closed.
2026-04-07 00:04:48 | INFO     | woobot.bale.api | BaleBot session closed (client stopped).
2026-04-07 00:04:48 | INFO     | woobot.main | WooBot stopped.
2026-04-07 00:04:54 | INFO     | root | Logging initialized — level=INFO file=logs/woobot.log
2026-04-07 00:04:54 | INFO     | woobot.main | WooBot starting...
2026-04-07 00:04:54 | INFO     | src.database.db_manager | ✅ Database initialized successfully.
2026-04-07 00:04:54 | INFO     | woobot.main | Database ready.
2026-04-07 00:04:54 | INFO     | woobot.bale.client | BaleHttpClient session started.
2026-04-07 00:04:54 | INFO     | woobot.bale.api | BaleBot session opened (client started).
2026-04-07 00:04:54 | INFO     | woobot.main | BaleBot session opened.
2026-04-07 00:04:54 | INFO     | woobot.main | Polling loop started.
2026-04-07 00:05:01 | INFO     | woobot.handlers.registration | Registration / login started for chat_id=921659350
2026-04-07 00:05:08 | INFO     | httpx | HTTP Request: POST https://rest.payamak-panel.com/api/SendSMS/SendSMS "HTTP/1.1 200 OK"
2026-04-07 00:05:09 | INFO     | woobot.auth.otp_service | OTP sent to 09128581871 (code=178769) – success=True – 1.62 s
2026-04-07 00:05:16 | INFO     | woobot.auth.otp_service | OTP verified successfully for 09128581871
2026-04-07 00:05:54 | INFO     | src.auth.user_manager | New user registered: 1
2026-04-07 00:05:54 | INFO     | woobot.handlers.registration | Registration complete | chat_id=921659350 | user_id=1 | category=محصولات آرایشی
2026-04-07 00:10:41 | INFO     | woobot.main | Polling cancelled.
2026-04-07 00:10:41 | INFO     | woobot.bale.client | BaleHttpClient session closed.
2026-04-07 00:10:41 | INFO     | woobot.bale.api | BaleBot session closed (client stopped).
2026-04-07 00:10:41 | INFO     | woobot.main | WooBot stopped.
2026-04-07 00:44:23 | INFO     | root | Logging initialized — level=INFO file=logs/woobot.log
2026-04-07 00:44:23 | INFO     | woobot.main | WooBot starting...
2026-04-07 00:44:23 | INFO     | src.database.db_manager | ✅ Database initialized successfully.
2026-04-07 00:44:23 | INFO     | woobot.main | Database ready.
2026-04-07 00:44:23 | INFO     | woobot.bale.client | BaleHttpClient session started.
2026-04-07 00:44:23 | INFO     | woobot.bale.api | BaleBot session opened (client started).
2026-04-07 00:44:23 | INFO     | woobot.main | BaleBot session opened.
2026-04-07 00:44:23 | INFO     | woobot.main | Polling loop started.
2026-04-07 00:44:41 | ERROR    | woobot.main | Polling error: 'UserManager' object has no attribute 'get_user_by_phone'
Traceback (most recent call last):
  File "/home/kiya/Woo_Bot/src/main.py", line 47, in polling_loop
    await router.route(update)
  File "/home/kiya/Woo_Bot/src/handlers/router.py", line 69, in route
    await self._handle_message(update)
  File "/home/kiya/Woo_Bot/src/handlers/router.py", line 94, in _handle_message
    reply = await self._reg_handler.handle(chat_id, text)
            ^^^^^^^^^^^^^^^^^^^^^^^^^^^^^^^^^^^^^^^^^^^^^
  File "/home/kiya/Woo_Bot/src/handlers/registration_handler.py", line 237, in handle
    return await fn(chat_id, text.strip())
           ^^^^^^^^^^^^^^^^^^^^^^^^^^^^^^^
  File "/home/kiya/Woo_Bot/src/handlers/registration_handler.py", line 258, in _step_phone
    user = self._um.get_user_by_phone(phone)
           ^^^^^^^^^^^^^^^^^^^^^^^^^^
AttributeError: 'UserManager' object has no attribute 'get_user_by_phone'
2026-04-07 01:09:51 | INFO     | woobot.main | Polling cancelled.
2026-04-07 01:09:51 | INFO     | woobot.bale.client | BaleHttpClient session closed.
2026-04-07 01:09:51 | INFO     | woobot.bale.api | BaleBot session closed (client stopped).
2026-04-07 01:09:51 | INFO     | woobot.main | WooBot stopped.
2026-04-07 01:09:54 | INFO     | root | Logging initialized — level=INFO file=logs/woobot.log
2026-04-07 01:09:54 | INFO     | woobot.main | WooBot starting...
2026-04-07 01:09:54 | INFO     | src.database.db_manager | ✅ Database initialized successfully.
2026-04-07 01:09:54 | INFO     | woobot.main | Database ready.
2026-04-07 01:09:54 | INFO     | woobot.bale.client | BaleHttpClient session started.
2026-04-07 01:09:54 | INFO     | woobot.bale.api | BaleBot session opened (client started).
2026-04-07 01:09:54 | INFO     | woobot.main | BaleBot session opened.
2026-04-07 01:09:54 | INFO     | woobot.main | Polling loop started.
2026-04-07 01:09:59 | INFO     | woobot.handlers.registration | Registration / login started for chat_id=921659350
2026-04-07 01:10:32 | INFO     | woobot.handlers.registration | Registration / login started for chat_id=921659350
2026-04-07 01:11:58 | INFO     | woobot.main | Polling cancelled.
2026-04-07 01:11:58 | INFO     | woobot.bale.client | BaleHttpClient session closed.
2026-04-07 01:11:58 | INFO     | woobot.bale.api | BaleBot session closed (client stopped).
2026-04-07 01:11:58 | INFO     | woobot.main | WooBot stopped.
2026-04-07 01:12:00 | INFO     | root | Logging initialized — level=INFO file=logs/woobot.log
2026-04-07 01:12:00 | INFO     | woobot.main | WooBot starting...
2026-04-07 01:12:00 | INFO     | src.database.db_manager | ✅ Database initialized successfully.
2026-04-07 01:12:00 | INFO     | woobot.main | Database ready.
2026-04-07 01:12:00 | INFO     | woobot.bale.client | BaleHttpClient session started.
2026-04-07 01:12:00 | INFO     | woobot.bale.api | BaleBot session opened (client started).
2026-04-07 01:12:00 | INFO     | woobot.main | BaleBot session opened.
2026-04-07 01:12:00 | INFO     | woobot.main | Polling loop started.
2026-04-07 01:12:02 | INFO     | woobot.handlers.registration | Registration / login started for chat_id=921659350
2026-04-07 01:12:29 | INFO     | httpx | HTTP Request: POST https://rest.payamak-panel.com/api/SendSMS/SendSMS "HTTP/1.1 200 OK"
2026-04-07 01:12:29 | INFO     | woobot.auth.otp_service | OTP sent to 09128581871 (code=138271) – success=True – 0.85 s
2026-04-07 01:12:34 | INFO     | woobot.auth.otp_service | OTP verified successfully for 09128581871
2026-04-07 01:13:08 | ERROR    | woobot.main | Polling error: 'RegistrationHandler' object has no attribute 'CATS_PER_PAGE'
Traceback (most recent call last):
  File "/home/kiya/Woo_Bot/src/main.py", line 47, in polling_loop
    await router.route(update)
  File "/home/kiya/Woo_Bot/src/handlers/router.py", line 69, in route
    await self._handle_message(update)
  File "/home/kiya/Woo_Bot/src/handlers/router.py", line 94, in _handle_message
    reply = await self._reg_handler.handle(chat_id, text)
            ^^^^^^^^^^^^^^^^^^^^^^^^^^^^^^^^^^^^^^^^^^^^^
  File "/home/kiya/Woo_Bot/src/handlers/registration_handler.py", line 307, in handle
    return await fn(chat_id, text.strip())
           ^^^^^^^^^^^^^^^^^^^^^^^^^^^^^^^
  File "/home/kiya/Woo_Bot/src/handlers/registration_handler.py", line 534, in _step_category
    return self._show_category_page(results, page=0, prefix="search_page", title=f"🔍 نتایج جستجو ({len(results)} مورد)")
           ^^^^^^^^^^^^^^^^^^^^^^^^^^^^^^^^^^^^^^^^^^^^^^^^^^^^^^^^^^^^^^^^^^^^^^^^^^^^^^^^^^^^^^^^^^^^^^^^^^^^^^^^^^^^^^
  File "/home/kiya/Woo_Bot/src/handlers/registration_handler.py", line 493, in _show_category_page
    total_pages = max(1, (len(items) + self.CATS_PER_PAGE - 1) // self.CATS_PER_PAGE)
                                       ^^^^^^^^^^^^^^^^^^
AttributeError: 'RegistrationHandler' object has no attribute 'CATS_PER_PAGE'
2026-04-07 01:47:52 | INFO     | woobot.main | Polling cancelled.
2026-04-07 01:47:52 | INFO     | woobot.bale.client | BaleHttpClient session closed.
2026-04-07 01:47:52 | INFO     | woobot.bale.api | BaleBot session closed (client stopped).
2026-04-07 01:47:52 | INFO     | woobot.main | WooBot stopped.
2026-04-07 14:44:54 | INFO     | root | Logging initialized — level=INFO file=logs/woobot.log
2026-04-07 14:44:54 | INFO     | woobot.main | WooBot starting...
2026-04-07 14:44:54 | INFO     | src.database.db_manager | ✅ Database initialized successfully.
2026-04-07 14:44:54 | INFO     | woobot.main | Database ready.
2026-04-07 14:44:54 | INFO     | woobot.bale.client | BaleHttpClient session started.
2026-04-07 14:44:54 | INFO     | woobot.bale.api | BaleBot session opened (client started).
2026-04-07 14:44:54 | INFO     | woobot.main | BaleBot session opened.
2026-04-07 14:44:54 | INFO     | woobot.main | Polling loop started.
2026-04-07 14:45:08 | INFO     | woobot.handlers.registration | Registration / login started for chat_id=921659350
2026-04-07 14:45:20 | INFO     | httpx | HTTP Request: POST https://rest.payamak-panel.com/api/SendSMS/SendSMS "HTTP/1.1 200 OK"
2026-04-07 14:45:20 | INFO     | woobot.auth.otp_service | OTP sent to 09128581871 (code=610764) – success=True – 3.78 s
2026-04-07 14:45:27 | INFO     | woobot.auth.otp_service | OTP verified successfully for 09128581871
2026-04-07 14:45:55 | ERROR    | woobot.main | Polling error: 'RegistrationHandler' object has no attribute 'CATS_PER_PAGE'
Traceback (most recent call last):
  File "/home/kiya/Woo_Bot/src/main.py", line 47, in polling_loop
    await router.route(update)
  File "/home/kiya/Woo_Bot/src/handlers/router.py", line 69, in route
    await self._handle_message(update)
  File "/home/kiya/Woo_Bot/src/handlers/router.py", line 94, in _handle_message
    reply = await self._reg_handler.handle(chat_id, text)
            ^^^^^^^^^^^^^^^^^^^^^^^^^^^^^^^^^^^^^^^^^^^^^
  File "/home/kiya/Woo_Bot/src/handlers/registration_handler.py", line 307, in handle
    return await fn(chat_id, text.strip())
           ^^^^^^^^^^^^^^^^^^^^^^^^^^^^^^^
  File "/home/kiya/Woo_Bot/src/handlers/registration_handler.py", line 534, in _step_category
    return self._show_category_page(results, page=0, prefix="search_page", title=f"🔍 نتایج جستجو ({len(results)} مورد)")
           ^^^^^^^^^^^^^^^^^^^^^^^^^^^^^^^^^^^^^^^^^^^^^^^^^^^^^^^^^^^^^^^^^^^^^^^^^^^^^^^^^^^^^^^^^^^^^^^^^^^^^^^^^^^^^^
  File "/home/kiya/Woo_Bot/src/handlers/registration_handler.py", line 493, in _show_category_page
    total_pages = max(1, (len(items) + self.CATS_PER_PAGE - 1) // self.CATS_PER_PAGE)
                                       ^^^^^^^^^^^^^^^^^^
AttributeError: 'RegistrationHandler' object has no attribute 'CATS_PER_PAGE'
2026-04-07 15:36:05 | INFO     | woobot.main | Polling cancelled.
2026-04-07 15:36:05 | INFO     | woobot.bale.client | BaleHttpClient session closed.
2026-04-07 15:36:05 | INFO     | woobot.bale.api | BaleBot session closed (client stopped).
2026-04-07 15:36:05 | INFO     | woobot.main | WooBot stopped.
2026-04-07 15:36:16 | INFO     | root | Logging initialized — level=INFO file=logs/woobot.log
2026-04-07 15:36:16 | INFO     | woobot.main | WooBot starting...
2026-04-07 15:36:17 | INFO     | src.database.db_manager | ✅ Database initialized successfully.
2026-04-07 15:36:17 | INFO     | woobot.main | Database ready.
2026-04-07 15:36:17 | INFO     | woobot.bale.client | BaleHttpClient session started.
2026-04-07 15:36:17 | INFO     | woobot.bale.api | BaleBot session opened (client started).
2026-04-07 15:36:17 | INFO     | woobot.main | BaleBot session opened.
2026-04-07 15:36:17 | INFO     | woobot.main | Polling loop started.
2026-04-07 15:36:31 | INFO     | woobot.handlers.registration | Registration / login started for chat_id=921659350
2026-04-07 15:36:37 | INFO     | httpx | HTTP Request: POST https://rest.payamak-panel.com/api/SendSMS/SendSMS "HTTP/1.1 200 OK"
2026-04-07 15:36:37 | INFO     | woobot.auth.otp_service | OTP sent to 09128581871 (code=960297) – success=True – 1.95 s
2026-04-07 15:36:45 | INFO     | woobot.auth.otp_service | OTP verified successfully for 09128581871
2026-04-07 15:38:04 | INFO     | woobot.handlers.registration | Finalizing registration | chat_id=921659350 phone=09128581871 name=کیا عباسی biz=زیبامین site=https://zibamin.com email=None cat=لوازم اداری
2026-04-07 15:38:04 | ERROR    | woobot.handlers.registration | Registration DB error
Traceback (most recent call last):
  File "/home/kiya/Woo_Bot/src/handlers/registration_handler.py", line 584, in _finalize_registration
    self._um.register(
    ^^^^^^^^^^^^^^^^^
AttributeError: 'UserManager' object has no attribute 'register'
2026-04-07 15:52:44 | INFO     | woobot.main | Polling cancelled.
2026-04-07 15:52:44 | INFO     | woobot.bale.client | BaleHttpClient session closed.
2026-04-07 15:52:44 | INFO     | woobot.bale.api | BaleBot session closed (client stopped).
2026-04-07 15:52:44 | INFO     | woobot.main | WooBot stopped.
2026-04-07 15:52:52 | INFO     | root | Logging initialized — level=INFO file=logs/woobot.log
2026-04-07 15:52:52 | INFO     | woobot.main | WooBot starting...
2026-04-07 15:52:52 | INFO     | src.database.db_manager | ✅ Database initialized successfully.
2026-04-07 15:52:52 | INFO     | woobot.main | Database ready.
2026-04-07 15:52:52 | INFO     | woobot.bale.client | BaleHttpClient session started.
2026-04-07 15:52:52 | INFO     | woobot.bale.api | BaleBot session opened (client started).
2026-04-07 15:52:52 | INFO     | woobot.main | BaleBot session opened.
2026-04-07 15:52:52 | INFO     | woobot.main | Polling loop started.
2026-04-07 15:52:59 | INFO     | woobot.handlers.registration | Registration / login started for chat_id=921659350
2026-04-07 15:53:06 | INFO     | httpx | HTTP Request: POST https://rest.payamak-panel.com/api/SendSMS/SendSMS "HTTP/1.1 200 OK"
2026-04-07 15:53:06 | INFO     | woobot.auth.otp_service | OTP sent to 09128581871 (code=934245) – success=True – 2.76 s
2026-04-07 15:53:15 | INFO     | woobot.auth.otp_service | OTP verified successfully for 09128581871
2026-04-07 15:53:43 | INFO     | woobot.handlers.registration | Finalizing registration | chat_id=921659350 phone=09128581871 name=کیا عباسی biz=زیبامین site=https://zibamin.com email=None cat=کتاب‌ها
2026-04-07 15:53:43 | INFO     | src.auth.user_manager | New user registered with store: 1
2026-04-07 15:53:43 | INFO     | woobot.handlers.registration | Registration completed for user 1
2026-04-07 15:53:43 | ERROR    | woobot.main | Polling error: 'reg_done'
Traceback (most recent call last):
  File "/home/kiya/Woo_Bot/src/main.py", line 47, in polling_loop
    await router.route(update)
  File "/home/kiya/Woo_Bot/src/handlers/router.py", line 72, in route
    await self._handle_callback(update)
  File "/home/kiya/Woo_Bot/src/handlers/router.py", line 147, in _handle_callback
    reply = await self._reg_handler.handle_callback(chat_id, data)
            ^^^^^^^^^^^^^^^^^^^^^^^^^^^^^^^^^^^^^^^^^^^^^^^^^^^^^^
  File "/home/kiya/Woo_Bot/src/handlers/registration_handler.py", line 553, in handle_callback
    return await self._finalize_registration(chat_id)
           ^^^^^^^^^^^^^^^^^^^^^^^^^^^^^^^^^^^^^^^^^^
  File "/home/kiya/Woo_Bot/src/handlers/registration_handler.py", line 603, in _finalize_registration
    return MSG["reg_done"]
           ~~~^^^^^^^^^^^^
KeyError: 'reg_done'
2026-04-07 15:53:48 | INFO     | woobot.handlers.registration | Finalizing registration | chat_id=921659350 phone=None name=None biz=None site=None email=None cat=کتاب‌ها
2026-04-07 15:53:48 | ERROR    | woobot.handlers.registration | Registration DB error
Traceback (most recent call last):
  File "/home/kiya/Woo_Bot/venv/lib/python3.12/site-packages/sqlalchemy/engine/base.py", line 1967, in _exec_single_context
    self.dialect.do_execute(
  File "/home/kiya/Woo_Bot/venv/lib/python3.12/site-packages/sqlalchemy/engine/default.py", line 952, in do_execute
    cursor.execute(statement, parameters)
sqlite3.IntegrityError: UNIQUE constraint failed: users.bale_user_id

The above exception was the direct cause of the following exception:

Traceback (most recent call last):
  File "/home/kiya/Woo_Bot/src/handlers/registration_handler.py", line 584, in _finalize_registration
    user = self._um.register(
           ^^^^^^^^^^^^^^^^^^
  File "/home/kiya/Woo_Bot/src/auth/user_manager.py", line 56, in register
    self.db.flush()  # برای گرفتن user.id
    ^^^^^^^^^^^^^^^
  File "/home/kiya/Woo_Bot/venv/lib/python3.12/site-packages/sqlalchemy/orm/session.py", line 4331, in flush
    self._flush(objects)
  File "/home/kiya/Woo_Bot/venv/lib/python3.12/site-packages/sqlalchemy/orm/session.py", line 4466, in _flush
    with util.safe_reraise():
  File "/home/kiya/Woo_Bot/venv/lib/python3.12/site-packages/sqlalchemy/util/langhelpers.py", line 121, in __exit__
    raise exc_value.with_traceback(exc_tb)
  File "/home/kiya/Woo_Bot/venv/lib/python3.12/site-packages/sqlalchemy/orm/session.py", line 4427, in _flush
    flush_context.execute()
  File "/home/kiya/Woo_Bot/venv/lib/python3.12/site-packages/sqlalchemy/orm/unitofwork.py", line 466, in execute
    rec.execute(self)
  File "/home/kiya/Woo_Bot/venv/lib/python3.12/site-packages/sqlalchemy/orm/unitofwork.py", line 642, in execute
    util.preloaded.orm_persistence.save_obj(
  File "/home/kiya/Woo_Bot/venv/lib/python3.12/site-packages/sqlalchemy/orm/persistence.py", line 93, in save_obj
    _emit_insert_statements(
  File "/home/kiya/Woo_Bot/venv/lib/python3.12/site-packages/sqlalchemy/orm/persistence.py", line 1233, in _emit_insert_statements
    result = connection.execute(
             ^^^^^^^^^^^^^^^^^^^
  File "/home/kiya/Woo_Bot/venv/lib/python3.12/site-packages/sqlalchemy/engine/base.py", line 1419, in execute
    return meth(
           ^^^^^
  File "/home/kiya/Woo_Bot/venv/lib/python3.12/site-packages/sqlalchemy/sql/elements.py", line 527, in _execute_on_connection
    return connection._execute_clauseelement(
           ^^^^^^^^^^^^^^^^^^^^^^^^^^^^^^^^^^
  File "/home/kiya/Woo_Bot/venv/lib/python3.12/site-packages/sqlalchemy/engine/base.py", line 1641, in _execute_clauseelement
    ret = self._execute_context(
          ^^^^^^^^^^^^^^^^^^^^^^
  File "/home/kiya/Woo_Bot/venv/lib/python3.12/site-packages/sqlalchemy/engine/base.py", line 1846, in _execute_context
    return self._exec_single_context(
           ^^^^^^^^^^^^^^^^^^^^^^^^^^
  File "/home/kiya/Woo_Bot/venv/lib/python3.12/site-packages/sqlalchemy/engine/base.py", line 1986, in _exec_single_context
    self._handle_dbapi_exception(
  File "/home/kiya/Woo_Bot/venv/lib/python3.12/site-packages/sqlalchemy/engine/base.py", line 2363, in _handle_dbapi_exception
    raise sqlalchemy_exception.with_traceback(exc_info[2]) from e
  File "/home/kiya/Woo_Bot/venv/lib/python3.12/site-packages/sqlalchemy/engine/base.py", line 1967, in _exec_single_context
    self.dialect.do_execute(
  File "/home/kiya/Woo_Bot/venv/lib/python3.12/site-packages/sqlalchemy/engine/default.py", line 952, in do_execute
    cursor.execute(statement, parameters)
sqlalchemy.exc.IntegrityError: (sqlite3.IntegrityError) UNIQUE constraint failed: users.bale_user_id
[SQL: INSERT INTO users (bale_user_id, phone_number, full_name, is_active, is_verified, updated_at) VALUES (?, ?, ?, ?, ?, ?) RETURNING id, created_at]
[parameters: ('921659350', None, None, 1, 1, None)]
(Background on this error at: https://sqlalche.me/e/20/gkpj)
2026-04-07 16:03:06 | INFO     | woobot.main | Polling cancelled.
2026-04-07 16:03:06 | INFO     | woobot.bale.client | BaleHttpClient session closed.
2026-04-07 16:03:06 | INFO     | woobot.bale.api | BaleBot session closed (client stopped).
2026-04-07 16:03:06 | INFO     | woobot.main | WooBot stopped.
2026-04-07 16:03:09 | INFO     | root | Logging initialized — level=INFO file=logs/woobot.log
2026-04-07 16:03:09 | INFO     | woobot.main | WooBot starting...
2026-04-07 16:03:10 | INFO     | src.database.db_manager | ✅ Database initialized successfully.
2026-04-07 16:03:10 | INFO     | woobot.main | Database ready.
2026-04-07 16:03:10 | INFO     | woobot.bale.client | BaleHttpClient session started.
2026-04-07 16:03:10 | INFO     | woobot.bale.api | BaleBot session opened (client started).
2026-04-07 16:03:10 | INFO     | woobot.main | BaleBot session opened.
2026-04-07 16:03:10 | INFO     | woobot.main | Polling loop started.
2026-04-07 16:03:18 | INFO     | woobot.handlers.registration | Registration / login started for chat_id=921659350
2026-04-07 16:03:23 | INFO     | httpx | HTTP Request: POST https://rest.payamak-panel.com/api/SendSMS/SendSMS "HTTP/1.1 200 OK"
2026-04-07 16:03:23 | INFO     | woobot.auth.otp_service | OTP sent to 09128581871 (code=949437) – success=True – 0.22 s
2026-04-07 16:03:29 | INFO     | woobot.auth.otp_service | OTP verified successfully for 09128581871
2026-04-07 16:03:49 | INFO     | woobot.handlers.registration | Finalizing registration | chat_id=921659350 phone=09128581871 name=کیا عباسی biz=زیبامین site=https://zibamin.com email=None cat=مواد غذایی
2026-04-07 16:03:49 | INFO     | src.auth.user_manager | New user registered with store: 1
2026-04-07 16:03:49 | INFO     | woobot.handlers.registration | Registration completed for user 1
2026-04-07 16:07:04 | INFO     | woobot.main | Polling cancelled.
2026-04-07 16:07:04 | INFO     | woobot.bale.client | BaleHttpClient session closed.
2026-04-07 16:07:04 | INFO     | woobot.bale.api | BaleBot session closed (client stopped).
2026-04-07 16:07:04 | INFO     | woobot.main | WooBot stopped.
2026-04-07 16:07:13 | INFO     | root | Logging initialized — level=INFO file=logs/woobot.log
2026-04-07 16:07:13 | INFO     | woobot.main | WooBot starting...
2026-04-07 16:07:13 | INFO     | src.database.db_manager | ✅ Database initialized successfully.
2026-04-07 16:07:13 | INFO     | woobot.main | Database ready.
2026-04-07 16:07:13 | INFO     | woobot.bale.client | BaleHttpClient session started.
2026-04-07 16:07:13 | INFO     | woobot.bale.api | BaleBot session opened (client started).
2026-04-07 16:07:13 | INFO     | woobot.main | BaleBot session opened.
2026-04-07 16:07:13 | INFO     | woobot.main | Polling loop started.
2026-04-07 16:07:20 | INFO     | woobot.handlers.registration | Registration / login started for chat_id=921659350
2026-04-07 16:07:27 | INFO     | httpx | HTTP Request: POST https://rest.payamak-panel.com/api/SendSMS/SendSMS "HTTP/1.1 200 OK"
2026-04-07 16:07:27 | INFO     | woobot.auth.otp_service | OTP sent to 09128581871 (code=545051) – success=True – 3.23 s
2026-04-07 16:07:30 | INFO     | woobot.auth.otp_service | OTP verified successfully for 09128581871
2026-04-07 16:07:46 | INFO     | woobot.handlers.registration | Finalizing registration | chat_id=921659350 phone=09128581871 name=کیا عباسی biz=زیبامین site=https://zibamin.com email=None cat=نرم‌افزارها
2026-04-07 16:07:46 | ERROR    | woobot.handlers.registration | Registration DB error
Traceback (most recent call last):
  File "/home/kiya/Woo_Bot/src/handlers/registration_handler.py", line 584, in _finalize_registration
    user = self._um.register_user(  # اصلاح: register → register_user
           ^^^^^^^^^^^^^^^^^^^^^^
AttributeError: 'UserManager' object has no attribute 'register_user'
2026-04-07 16:34:27 | WARNING  | woobot.bale.client | GET getUpdates attempt 1/3 failed: 
2026-04-07 16:42:10 | INFO     | woobot.main | Polling cancelled.
2026-04-07 16:42:10 | INFO     | woobot.bale.client | BaleHttpClient session closed.
2026-04-07 16:42:10 | INFO     | woobot.bale.api | BaleBot session closed (client stopped).
2026-04-07 16:42:10 | INFO     | woobot.main | WooBot stopped.
2026-04-07 16:42:14 | INFO     | root | Logging initialized — level=INFO file=logs/woobot.log
2026-04-07 16:42:14 | INFO     | woobot.main | WooBot starting...
2026-04-07 16:42:14 | INFO     | src.database.db_manager | ✅ Database initialized successfully.
2026-04-07 16:42:14 | INFO     | woobot.main | Database ready.
2026-04-07 16:42:14 | INFO     | woobot.bale.client | BaleHttpClient session started.
2026-04-07 16:42:14 | INFO     | woobot.bale.api | BaleBot session opened (client started).
2026-04-07 16:42:14 | INFO     | woobot.main | BaleBot session opened.
2026-04-07 16:42:14 | INFO     | woobot.main | Polling loop started.
2026-04-07 16:42:44 | INFO     | woobot.handlers.registration | Registration / login started for chat_id=921659350
2026-04-07 16:42:47 | ERROR    | woobot.main | Polling error: [500] Internal Server Error
Traceback (most recent call last):
  File "/home/kiya/Woo_Bot/src/main.py", line 47, in polling_loop
    await router.route(update)
  File "/home/kiya/Woo_Bot/src/handlers/router.py", line 69, in route
    await self._handle_message(update)
  File "/home/kiya/Woo_Bot/src/handlers/router.py", line 95, in _handle_message
    await self._send_reply(chat_id, reply)
  File "/home/kiya/Woo_Bot/src/handlers/router.py", line 178, in _send_reply
    await self._bot.send_message(chat_id, reply)
  File "/home/kiya/Woo_Bot/src/bale/api.py", line 88, in send_message
    return await self.client.send_message(
           ^^^^^^^^^^^^^^^^^^^^^^^^^^^^^^^
  File "/home/kiya/Woo_Bot/src/bale/client.py", line 224, in send_message
    return await self.post("sendMessage", payload)
           ^^^^^^^^^^^^^^^^^^^^^^^^^^^^^^^^^^^^^^^
  File "/home/kiya/Woo_Bot/src/bale/client.py", line 110, in post
    raise BaleAPIError(
src.bale.client.BaleAPIError: [500] Internal Server Error
2026-04-07 16:42:57 | INFO     | woobot.handlers.registration | Registration / login started for chat_id=921659350
2026-04-07 16:43:10 | INFO     | httpx | HTTP Request: POST https://rest.payamak-panel.com/api/SendSMS/SendSMS "HTTP/1.1 200 OK"
2026-04-07 16:43:10 | INFO     | woobot.auth.otp_service | OTP sent to 09128581871 (code=741316) – success=True – 1.58 s
2026-04-07 16:43:10 | ERROR    | woobot.main | Polling error: [500] Internal Server Error
Traceback (most recent call last):
  File "/home/kiya/Woo_Bot/src/main.py", line 47, in polling_loop
    await router.route(update)
  File "/home/kiya/Woo_Bot/src/handlers/router.py", line 69, in route
    await self._handle_message(update)
  File "/home/kiya/Woo_Bot/src/handlers/router.py", line 94, in _handle_message
    reply = await self._reg_handler.handle(chat_id, text)
            ^^^^^^^^^^^^^^^^^^^^^^^^^^^^^^^^^^^^^^^^^^^^^
  File "/home/kiya/Woo_Bot/src/handlers/registration_handler.py", line 301, in handle
    return await fn(chat_id, text.strip())
           ^^^^^^^^^^^^^^^^^^^^^^^^^^^^^^^
  File "/home/kiya/Woo_Bot/src/handlers/registration_handler.py", line 364, in _step_phone
    await self._otp_sent_with_keyboard(chat_id, text, new=False)
  File "/home/kiya/Woo_Bot/src/handlers/registration_handler.py", line 180, in _otp_sent_with_keyboard
    sent_msg = await self._bot.send_message(chat_id, txt, reply_markup=markup)
               ^^^^^^^^^^^^^^^^^^^^^^^^^^^^^^^^^^^^^^^^^^^^^^^^^^^^^^^^^^^^^^^
  File "/home/kiya/Woo_Bot/src/bale/api.py", line 88, in send_message
    return await self.client.send_message(
           ^^^^^^^^^^^^^^^^^^^^^^^^^^^^^^^
  File "/home/kiya/Woo_Bot/src/bale/client.py", line 224, in send_message
    return await self.post("sendMessage", payload)
           ^^^^^^^^^^^^^^^^^^^^^^^^^^^^^^^^^^^^^^^
  File "/home/kiya/Woo_Bot/src/bale/client.py", line 110, in post
    raise BaleAPIError(
src.bale.client.BaleAPIError: [500] Internal Server Error
2026-04-07 16:43:31 | INFO     | woobot.auth.otp_service | OTP verified successfully for 09128581871
2026-04-07 16:43:31 | ERROR    | woobot.main | Polling error: [500] Internal Server Error
Traceback (most recent call last):
  File "/home/kiya/Woo_Bot/src/main.py", line 47, in polling_loop
    await router.route(update)
  File "/home/kiya/Woo_Bot/src/handlers/router.py", line 69, in route
    await self._handle_message(update)
  File "/home/kiya/Woo_Bot/src/handlers/router.py", line 95, in _handle_message
    await self._send_reply(chat_id, reply)
  File "/home/kiya/Woo_Bot/src/handlers/router.py", line 178, in _send_reply
    await self._bot.send_message(chat_id, reply)
  File "/home/kiya/Woo_Bot/src/bale/api.py", line 88, in send_message
    return await self.client.send_message(
           ^^^^^^^^^^^^^^^^^^^^^^^^^^^^^^^
  File "/home/kiya/Woo_Bot/src/bale/client.py", line 224, in send_message
    return await self.post("sendMessage", payload)
           ^^^^^^^^^^^^^^^^^^^^^^^^^^^^^^^^^^^^^^^
  File "/home/kiya/Woo_Bot/src/bale/client.py", line 110, in post
    raise BaleAPIError(
src.bale.client.BaleAPIError: [500] Internal Server Error
2026-04-07 16:43:34 | INFO     | woobot.main | Polling cancelled.
2026-04-07 16:43:34 | INFO     | woobot.bale.client | BaleHttpClient session closed.
2026-04-07 16:43:34 | INFO     | woobot.bale.api | BaleBot session closed (client stopped).
2026-04-07 16:43:34 | INFO     | woobot.main | WooBot stopped.
2026-04-07 16:43:40 | INFO     | root | Logging initialized — level=INFO file=logs/woobot.log
2026-04-07 16:43:40 | INFO     | woobot.main | WooBot starting...
2026-04-07 16:43:40 | INFO     | src.database.db_manager | ✅ Database initialized successfully.
2026-04-07 16:43:40 | INFO     | woobot.main | Database ready.
2026-04-07 16:43:40 | INFO     | woobot.bale.client | BaleHttpClient session started.
2026-04-07 16:43:40 | INFO     | woobot.bale.api | BaleBot session opened (client started).
2026-04-07 16:43:40 | INFO     | woobot.main | BaleBot session opened.
2026-04-07 16:43:40 | INFO     | woobot.main | Polling loop started.
2026-04-07 16:44:18 | INFO     | woobot.handlers.registration | Registration / login started for chat_id=921659350
2026-04-07 16:44:18 | ERROR    | woobot.main | Polling error: [500] Internal Server Error
Traceback (most recent call last):
  File "/home/kiya/Woo_Bot/src/main.py", line 47, in polling_loop
    await router.route(update)
  File "/home/kiya/Woo_Bot/src/handlers/router.py", line 69, in route
    await self._handle_message(update)
  File "/home/kiya/Woo_Bot/src/handlers/router.py", line 95, in _handle_message
    await self._send_reply(chat_id, reply)
  File "/home/kiya/Woo_Bot/src/handlers/router.py", line 178, in _send_reply
    await self._bot.send_message(chat_id, reply)
  File "/home/kiya/Woo_Bot/src/bale/api.py", line 88, in send_message
    return await self.client.send_message(
           ^^^^^^^^^^^^^^^^^^^^^^^^^^^^^^^
  File "/home/kiya/Woo_Bot/src/bale/client.py", line 224, in send_message
    return await self.post("sendMessage", payload)
           ^^^^^^^^^^^^^^^^^^^^^^^^^^^^^^^^^^^^^^^
  File "/home/kiya/Woo_Bot/src/bale/client.py", line 110, in post
    raise BaleAPIError(
src.bale.client.BaleAPIError: [500] Internal Server Error
2026-04-07 16:44:33 | INFO     | httpx | HTTP Request: POST https://rest.payamak-panel.com/api/SendSMS/SendSMS "HTTP/1.1 200 OK"
2026-04-07 16:44:33 | INFO     | woobot.auth.otp_service | OTP sent to 09128581871 (code=204178) – success=True – 1.73 s
2026-04-07 16:44:33 | ERROR    | woobot.main | Polling error: [500] Internal Server Error
Traceback (most recent call last):
  File "/home/kiya/Woo_Bot/src/main.py", line 47, in polling_loop
    await router.route(update)
  File "/home/kiya/Woo_Bot/src/handlers/router.py", line 69, in route
    await self._handle_message(update)
  File "/home/kiya/Woo_Bot/src/handlers/router.py", line 94, in _handle_message
    reply = await self._reg_handler.handle(chat_id, text)
            ^^^^^^^^^^^^^^^^^^^^^^^^^^^^^^^^^^^^^^^^^^^^^
  File "/home/kiya/Woo_Bot/src/handlers/registration_handler.py", line 301, in handle
    return await fn(chat_id, text.strip())
           ^^^^^^^^^^^^^^^^^^^^^^^^^^^^^^^
  File "/home/kiya/Woo_Bot/src/handlers/registration_handler.py", line 364, in _step_phone
    await self._otp_sent_with_keyboard(chat_id, text, new=False)
  File "/home/kiya/Woo_Bot/src/handlers/registration_handler.py", line 180, in _otp_sent_with_keyboard
    sent_msg = await self._bot.send_message(chat_id, txt, reply_markup=markup)
               ^^^^^^^^^^^^^^^^^^^^^^^^^^^^^^^^^^^^^^^^^^^^^^^^^^^^^^^^^^^^^^^
  File "/home/kiya/Woo_Bot/src/bale/api.py", line 88, in send_message
    return await self.client.send_message(
           ^^^^^^^^^^^^^^^^^^^^^^^^^^^^^^^
  File "/home/kiya/Woo_Bot/src/bale/client.py", line 224, in send_message
    return await self.post("sendMessage", payload)
           ^^^^^^^^^^^^^^^^^^^^^^^^^^^^^^^^^^^^^^^
  File "/home/kiya/Woo_Bot/src/bale/client.py", line 110, in post
    raise BaleAPIError(
src.bale.client.BaleAPIError: [500] Internal Server Error
2026-04-07 16:45:07 | WARNING  | woobot.bale.client | GET getUpdates attempt 1/3 failed: 
2026-04-07 21:47:06 | INFO     | root | Logging initialized — level=INFO file=logs/woobot.log
2026-04-07 21:47:06 | INFO     | woobot.main | WooBot starting...
2026-04-07 21:47:06 | INFO     | src.database.db_manager | ✅ Database initialized successfully.
2026-04-07 21:47:06 | INFO     | woobot.main | Database ready.
2026-04-07 21:47:06 | INFO     | woobot.bale.client | BaleHttpClient session started.
2026-04-07 21:47:06 | INFO     | woobot.bale.api | BaleBot session opened (client started).
2026-04-07 21:47:06 | INFO     | woobot.main | BaleBot session opened.
2026-04-07 21:47:06 | INFO     | woobot.main | Polling loop started.
2026-04-07 21:47:06 | INFO     | woobot.handlers.registration | Registration / login started for chat_id=921659350
2026-04-07 21:47:17 | INFO     | httpx | HTTP Request: POST https://rest.payamak-panel.com/api/SendSMS/SendSMS "HTTP/1.1 200 OK"
2026-04-07 21:47:17 | INFO     | woobot.auth.otp_service | OTP sent to 09128581871 (code=344046) – success=True – 0.37 s
2026-04-07 21:47:24 | INFO     | woobot.auth.otp_service | OTP verified successfully for 09128581871
2026-04-07 21:47:47 | INFO     | woobot.handlers.registration | Finalizing registration | chat_id=921659350 phone=09128581871 name=کیا عباسی biz=زیبامین site=https://zibamin.com email=None cat=آموزشی
2026-04-07 21:47:47 | ERROR    | woobot.handlers.registration | Registration DB error
Traceback (most recent call last):
  File "/home/kiya/Woo_Bot/src/handlers/registration_handler.py", line 585, in _finalize_registration
    user = self._um.register_user(
           ^^^^^^^^^^^^^^^^^^^^^^
AttributeError: 'UserManager' object has no attribute 'register_user'
2026-04-07 21:52:28 | INFO     | woobot.main | Polling cancelled.
2026-04-07 21:52:28 | INFO     | woobot.bale.client | BaleHttpClient session closed.
2026-04-07 21:52:28 | INFO     | woobot.bale.api | BaleBot session closed (client stopped).
2026-04-07 21:52:28 | INFO     | woobot.main | WooBot stopped.
2026-04-07 22:59:14 | INFO     | root | Logging initialized — level=INFO file=logs/woobot.log
2026-04-07 22:59:14 | INFO     | woobot.main | WooBot starting...
2026-04-07 22:59:14 | INFO     | src.database.db_manager | ✅ Database initialized successfully.
2026-04-07 22:59:14 | INFO     | woobot.main | Database ready.
2026-04-07 22:59:14 | INFO     | woobot.bale.client | BaleHttpClient session started.
2026-04-07 22:59:14 | INFO     | woobot.bale.api | BaleBot session opened (client started).
2026-04-07 22:59:14 | INFO     | woobot.main | BaleBot session opened.
2026-04-07 22:59:14 | INFO     | woobot.main | Polling loop started.
2026-04-07 22:59:15 | INFO     | woobot.handlers.registration | Registration / login started for chat_id=921659350
2026-04-07 22:59:45 | ERROR    | woobot.main | Polling error: [500] Internal Server Error
Traceback (most recent call last):
  File "/home/kiya/Woo_Bot/src/main.py", line 47, in polling_loop
    await router.route(update)
  File "/home/kiya/Woo_Bot/src/handlers/router.py", line 69, in route
    await self._handle_message(update)
  File "/home/kiya/Woo_Bot/src/handlers/router.py", line 95, in _handle_message
    await self._send_reply(chat_id, reply)
  File "/home/kiya/Woo_Bot/src/handlers/router.py", line 178, in _send_reply
    await self._bot.send_message(chat_id, reply)
  File "/home/kiya/Woo_Bot/src/bale/api.py", line 88, in send_message
    return await self.client.send_message(
           ^^^^^^^^^^^^^^^^^^^^^^^^^^^^^^^
  File "/home/kiya/Woo_Bot/src/bale/client.py", line 224, in send_message
    return await self.post("sendMessage", payload)
           ^^^^^^^^^^^^^^^^^^^^^^^^^^^^^^^^^^^^^^^
  File "/home/kiya/Woo_Bot/src/bale/client.py", line 110, in post
    raise BaleAPIError(
src.bale.client.BaleAPIError: [500] Internal Server Error
2026-04-07 22:59:48 | INFO     | woobot.handlers.registration | Registration / login started for chat_id=921659350
2026-04-07 22:59:58 | INFO     | httpx | HTTP Request: POST https://rest.payamak-panel.com/api/SendSMS/SendSMS "HTTP/1.1 200 OK"
2026-04-07 22:59:58 | INFO     | woobot.auth.otp_service | OTP sent to 09128581871 (code=754776) – success=True – 1.53 s
2026-04-07 23:00:06 | INFO     | woobot.auth.otp_service | OTP verified successfully for 09128581871
2026-04-07 23:00:25 | INFO     | woobot.handlers.registration | Finalizing registration | chat_id=921659350 phone=09128581871 name=کیا ع باسی biz=زیبامین site=https://zibamin.com email=None cat=آموزشی
2026-04-07 23:00:25 | ERROR    | woobot.handlers.registration | Registration DB error
Traceback (most recent call last):
  File "/home/kiya/Woo_Bot/src/handlers/registration_handler.py", line 585, in _finalize_registration
    user = self._um.register_user(
           ^^^^^^^^^^^^^^^^^^^^^^
AttributeError: 'UserManager' object has no attribute 'register_user'
2026-04-07 23:02:56 | INFO     | woobot.main | Polling cancelled.
2026-04-07 23:02:56 | INFO     | woobot.bale.client | BaleHttpClient session closed.
2026-04-07 23:02:56 | INFO     | woobot.bale.api | BaleBot session closed (client stopped).
2026-04-07 23:02:56 | INFO     | woobot.main | WooBot stopped.
2026-04-07 23:03:28 | INFO     | root | Logging initialized — level=INFO file=logs/woobot.log
2026-04-07 23:03:28 | INFO     | woobot.main | WooBot starting...
2026-04-07 23:03:29 | INFO     | src.database.db_manager | ✅ Database initialized successfully.
2026-04-07 23:03:29 | INFO     | woobot.main | Database ready.
2026-04-07 23:03:29 | INFO     | woobot.bale.client | BaleHttpClient session started.
2026-04-07 23:03:29 | INFO     | woobot.bale.api | BaleBot session opened (client started).
2026-04-07 23:03:29 | INFO     | woobot.main | BaleBot session opened.
2026-04-07 23:03:29 | INFO     | woobot.main | Polling loop started.
2026-04-07 23:03:33 | INFO     | woobot.handlers.registration | Registration / login started for chat_id=921659350
2026-04-07 23:03:40 | INFO     | httpx | HTTP Request: POST https://rest.payamak-panel.com/api/SendSMS/SendSMS "HTTP/1.1 200 OK"
2026-04-07 23:03:40 | INFO     | woobot.auth.otp_service | OTP sent to 09128581871 (code=924489) – success=True – 1.05 s
2026-04-07 23:03:46 | INFO     | woobot.auth.otp_service | OTP verified successfully for 09128581871
2026-04-07 23:04:00 | INFO     | woobot.handlers.registration | Finalizing registration | chat_id=921659350 phone=09128581871 name=کیا عباسی biz=زیبامین site=https://zibamin.com email=None cat=ورزش و تناسب‌بدن
2026-04-07 23:04:00 | INFO     | src.auth.user_manager | New user registered with store: 1
2026-04-07 23:04:00 | ERROR    | woobot.handlers.registration | Registration DB error
Traceback (most recent call last):
  File "/home/kiya/Woo_Bot/src/handlers/registration_handler.py", line 596, in _finalize_registration
    self._um.create_store(
  File "/home/kiya/Woo_Bot/src/auth/user_manager.py", line 107, in create_store
    raise ValueError("فروشگاه قبلاً برای این کاربر ساخته شده")
ValueError: فروشگاه قبلاً برای این کاربر ساخته شده
2026-04-07 23:07:37 | WARNING  | woobot.bale.client | Network error on attempt 1/3 for editMessageReplyMarkup: 
2026-04-07 23:07:37 | INFO     | woobot.bale.client | Retrying in 2s...
2026-04-07 23:39:36 | INFO     | woobot.main | Polling cancelled.
2026-04-07 23:39:36 | INFO     | woobot.bale.client | BaleHttpClient session closed.
2026-04-07 23:39:36 | INFO     | woobot.bale.api | BaleBot session closed (client stopped).
2026-04-07 23:39:36 | INFO     | woobot.main | WooBot stopped.
2026-04-08 00:11:59 | INFO     | root | Logging initialized — level=INFO file=logs/woobot.log
2026-04-08 00:11:59 | INFO     | woobot.main | WooBot starting...
2026-04-08 00:11:59 | INFO     | src.database.db_manager | ✅ Database initialized successfully.
2026-04-08 00:11:59 | INFO     | woobot.main | Database ready.
2026-04-08 00:14:04 | INFO     | root | Logging initialized — level=INFO file=logs/woobot.log
2026-04-08 00:14:04 | INFO     | woobot.main | WooBot starting...
2026-04-08 00:14:04 | INFO     | src.database.db_manager | ✅ Database initialized successfully.
2026-04-08 00:14:04 | INFO     | woobot.main | Database ready.
2026-04-08 00:18:07 | INFO     | root | Logging initialized — level=INFO file=logs/woobot.log
2026-04-08 00:18:07 | INFO     | woobot.main | WooBot starting...
2026-04-08 00:18:07 | INFO     | src.database.db_manager | ✅ Database initialized successfully.
2026-04-08 00:18:07 | INFO     | woobot.main | Database ready.
2026-04-08 00:51:41 | INFO     | root | Logging initialized — level=INFO file=logs/woobot.log
2026-04-08 00:51:41 | INFO     | woobot.main | WooBot starting...
2026-04-08 00:51:41 | INFO     | src.database.db_manager | ✅ Database initialized successfully.
2026-04-08 00:51:41 | INFO     | woobot.main | Database ready.
2026-04-08 01:51:17 | INFO     | root | Logging initialized — level=INFO file=logs/woobot.log
2026-04-08 01:51:17 | INFO     | woobot.main | WooBot starting...
2026-04-08 01:51:17 | INFO     | src.database.db_manager | ✅ Database initialized successfully.
2026-04-08 01:51:17 | INFO     | woobot.main | Database ready.
2026-04-08 11:36:26 | INFO     | root | Logging initialized — level=INFO file=logs/woobot.log
2026-04-08 11:36:26 | INFO     | woobot.main | WooBot starting...
2026-04-08 11:36:27 | INFO     | src.database.db_manager | ✅ Database initialized successfully.
2026-04-08 11:36:27 | INFO     | woobot.main | Database ready.
2026-04-08 11:38:14 | INFO     | root | Logging initialized — level=INFO file=logs/woobot.log
2026-04-08 11:38:14 | INFO     | woobot.main | WooBot starting...
2026-04-08 11:38:14 | INFO     | src.database.db_manager | ✅ Database initialized successfully.
2026-04-08 11:38:14 | INFO     | woobot.main | Database ready.
2026-04-08 11:38:14 | INFO     | woobot.bale.client | BaleHttpClient session started.
2026-04-08 11:38:14 | INFO     | woobot.bale.api | BaleBot session opened (client started).
2026-04-08 11:38:14 | INFO     | woobot.main | BaleBot session opened.
2026-04-08 11:38:14 | INFO     | woobot.main | Polling loop started.
2026-04-08 11:38:21 | INFO     | woobot.handlers.registration | Registration / login started for chat_id=921659350
2026-04-08 11:38:26 | INFO     | httpx | HTTP Request: POST https://rest.payamak-panel.com/api/SendSMS/SendSMS "HTTP/1.1 200 OK"
2026-04-08 11:38:26 | INFO     | woobot.auth.otp_service | OTP sent to 09128581871 (code=375667) – success=True – 0.31 s
2026-04-08 11:38:31 | INFO     | woobot.auth.otp_service | OTP verified successfully for 09128581871
2026-04-08 11:38:46 | INFO     | woobot.handlers.registration | Finalizing registration | chat_id=921659350 phone=09128581871 name=کیا عباسی biz=زیبامین site=https://zibamin.com email=None cat=آموزشی
2026-04-08 11:38:46 | INFO     | src.auth.user_manager | New user registered with store: 1
2026-04-08 11:38:46 | ERROR    | woobot.handlers.registration | Registration DB error
Traceback (most recent call last):
  File "/home/kiya/Woo_Bot/src/handlers/registration_handler.py", line 596, in _finalize_registration
    self._um.create_store(
  File "/home/kiya/Woo_Bot/src/auth/user_manager.py", line 107, in create_store
    raise ValueError("فروشگاه قبلاً برای این کاربر ساخته شده")
ValueError: فروشگاه قبلاً برای این کاربر ساخته شده
2026-04-08 11:39:18 | INFO     | woobot.main | Polling cancelled.
2026-04-08 11:39:18 | INFO     | woobot.bale.client | BaleHttpClient session closed.
2026-04-08 11:39:18 | INFO     | woobot.bale.api | BaleBot session closed (client stopped).
2026-04-08 11:39:18 | INFO     | woobot.main | WooBot stopped.
2026-04-08 11:51:40 | INFO     | root | Logging initialized — level=INFO file=logs/woobot.log
2026-04-08 11:51:41 | INFO     | woobot.main | WooBot starting...
2026-04-08 11:51:41 | INFO     | src.database.db_manager | ✅ Database initialized successfully.
2026-04-08 11:51:41 | INFO     | woobot.main | Database ready.
2026-04-08 11:51:41 | INFO     | woobot.bale.client | BaleHttpClient session started.
2026-04-08 11:51:41 | INFO     | woobot.bale.api | BaleBot session opened (client started).
2026-04-08 11:51:41 | INFO     | woobot.main | BaleBot session opened.
2026-04-08 11:51:41 | INFO     | woobot.main | Polling loop started.
2026-04-08 11:51:47 | INFO     | woobot.handlers.registration | Registration / login started for chat_id=921659350
2026-04-08 11:51:51 | INFO     | httpx | HTTP Request: POST https://rest.payamak-panel.com/api/SendSMS/SendSMS "HTTP/1.1 200 OK"
2026-04-08 11:51:51 | INFO     | woobot.auth.otp_service | OTP sent to 09128581871 (code=765947) – success=True – 0.34 s
2026-04-08 11:51:57 | INFO     | woobot.auth.otp_service | OTP verified successfully for 09128581871
2026-04-08 11:52:18 | INFO     | woobot.handlers.registration | Finalizing registration | chat_id=921659350 phone=09128581871 name=کیا عباسی biz=زیبامین site=https://zibamin.com email=None cat=مواد غذایی
2026-04-08 11:52:18 | INFO     | src.auth.user_manager | New user registered with store: 1
2026-04-08 11:52:18 | ERROR    | woobot.handlers.registration | Registration DB error
Traceback (most recent call last):
  File "/home/kiya/Woo_Bot/src/handlers/registration_handler.py", line 596, in _finalize_registration
    self._um.create_store(
  File "/home/kiya/Woo_Bot/src/auth/user_manager.py", line 137, in create_store
    raise ValueError("فروشگاه قبلاً برای این کاربر ساخته شده")
ValueError: فروشگاه قبلاً برای این کاربر ساخته شده
2026-04-08 11:58:34 | INFO     | woobot.main | Polling cancelled.
2026-04-08 11:58:35 | INFO     | woobot.bale.client | BaleHttpClient session closed.
2026-04-08 11:58:35 | INFO     | woobot.bale.api | BaleBot session closed (client stopped).
2026-04-08 11:58:35 | INFO     | woobot.main | WooBot stopped.
2026-04-08 11:58:39 | INFO     | root | Logging initialized — level=INFO file=logs/woobot.log
2026-04-08 11:58:39 | INFO     | woobot.main | WooBot starting...
2026-04-08 11:58:40 | INFO     | src.database.db_manager | ✅ Database initialized successfully.
2026-04-08 11:58:40 | INFO     | woobot.main | Database ready.
2026-04-08 11:58:40 | INFO     | woobot.bale.client | BaleHttpClient session started.
2026-04-08 11:58:40 | INFO     | woobot.bale.api | BaleBot session opened (client started).
2026-04-08 11:58:40 | INFO     | woobot.main | BaleBot session opened.
2026-04-08 11:58:40 | INFO     | woobot.main | Polling loop started.
2026-04-08 11:58:43 | INFO     | woobot.handlers.registration | Registration / login started for chat_id=921659350
2026-04-08 11:58:47 | INFO     | httpx | HTTP Request: POST https://rest.payamak-panel.com/api/SendSMS/SendSMS "HTTP/1.1 200 OK"
2026-04-08 11:58:47 | INFO     | woobot.auth.otp_service | OTP sent to 09128581871 (code=654679) – success=True – 1.09 s
2026-04-08 11:58:54 | INFO     | woobot.auth.otp_service | OTP verified successfully for 09128581871
2026-04-08 11:59:06 | ERROR    | woobot.main | Polling error: 'name'
Traceback (most recent call last):
  File "/home/kiya/Woo_Bot/src/main.py", line 47, in polling_loop
    await router.route(update)
  File "/home/kiya/Woo_Bot/src/handlers/router.py", line 72, in route
    await self._handle_callback(update)
  File "/home/kiya/Woo_Bot/src/handlers/router.py", line 152, in _handle_callback
    reply = await self._reg_handler.handle_callback(chat_id, data)
            ^^^^^^^^^^^^^^^^^^^^^^^^^^^^^^^^^^^^^^^^^^^^^^^^^^^^^^
  File "/home/kiya/Woo_Bot/src/handlers/registration_handler.py", line 553, in handle_callback
    return await self._finalize_registration(chat_id)
           ^^^^^^^^^^^^^^^^^^^^^^^^^^^^^^^^^^^^^^^^^^
  File "/home/kiya/Woo_Bot/src/handlers/registration_handler.py", line 572, in _finalize_registration
    name = data["name"]
           ~~~~^^^^^^^^
KeyError: 'name'
2026-04-08 11:59:17 | ERROR    | woobot.main | Polling error: 'name'
Traceback (most recent call last):
  File "/home/kiya/Woo_Bot/src/main.py", line 47, in polling_loop
    await router.route(update)
  File "/home/kiya/Woo_Bot/src/handlers/router.py", line 72, in route
    await self._handle_callback(update)
  File "/home/kiya/Woo_Bot/src/handlers/router.py", line 152, in _handle_callback
    reply = await self._reg_handler.handle_callback(chat_id, data)
            ^^^^^^^^^^^^^^^^^^^^^^^^^^^^^^^^^^^^^^^^^^^^^^^^^^^^^^
  File "/home/kiya/Woo_Bot/src/handlers/registration_handler.py", line 553, in handle_callback
    return await self._finalize_registration(chat_id)
           ^^^^^^^^^^^^^^^^^^^^^^^^^^^^^^^^^^^^^^^^^^
  File "/home/kiya/Woo_Bot/src/handlers/registration_handler.py", line 572, in _finalize_registration
    name = data["name"]
           ~~~~^^^^^^^^
KeyError: 'name'
2026-04-08 11:59:22 | ERROR    | woobot.main | Polling error: 'name'
Traceback (most recent call last):
  File "/home/kiya/Woo_Bot/src/main.py", line 47, in polling_loop
    await router.route(update)
  File "/home/kiya/Woo_Bot/src/handlers/router.py", line 72, in route
    await self._handle_callback(update)
  File "/home/kiya/Woo_Bot/src/handlers/router.py", line 152, in _handle_callback
    reply = await self._reg_handler.handle_callback(chat_id, data)
            ^^^^^^^^^^^^^^^^^^^^^^^^^^^^^^^^^^^^^^^^^^^^^^^^^^^^^^
  File "/home/kiya/Woo_Bot/src/handlers/registration_handler.py", line 553, in handle_callback
    return await self._finalize_registration(chat_id)
           ^^^^^^^^^^^^^^^^^^^^^^^^^^^^^^^^^^^^^^^^^^
  File "/home/kiya/Woo_Bot/src/handlers/registration_handler.py", line 572, in _finalize_registration
    name = data["name"]
           ~~~~^^^^^^^^
KeyError: 'name'
2026-04-08 12:00:34 | ERROR    | woobot.main | Polling error: 'name'
Traceback (most recent call last):
  File "/home/kiya/Woo_Bot/src/main.py", line 47, in polling_loop
    await router.route(update)
  File "/home/kiya/Woo_Bot/src/handlers/router.py", line 72, in route
    await self._handle_callback(update)
  File "/home/kiya/Woo_Bot/src/handlers/router.py", line 152, in _handle_callback
    reply = await self._reg_handler.handle_callback(chat_id, data)
            ^^^^^^^^^^^^^^^^^^^^^^^^^^^^^^^^^^^^^^^^^^^^^^^^^^^^^^
  File "/home/kiya/Woo_Bot/src/handlers/registration_handler.py", line 553, in handle_callback
    return await self._finalize_registration(chat_id)
           ^^^^^^^^^^^^^^^^^^^^^^^^^^^^^^^^^^^^^^^^^^
  File "/home/kiya/Woo_Bot/src/handlers/registration_handler.py", line 572, in _finalize_registration
    full_name = data.get("full_name")
           ^^^^^^^^^^^^
KeyError: 'name'
2026-04-08 12:04:25 | ERROR    | woobot.main | Polling error: 'name'
Traceback (most recent call last):
  File "/home/kiya/Woo_Bot/src/main.py", line 47, in polling_loop
    await router.route(update)
  File "/home/kiya/Woo_Bot/src/handlers/router.py", line 72, in route
    await self._handle_callback(update)
  File "/home/kiya/Woo_Bot/src/handlers/router.py", line 152, in _handle_callback
    reply = await self._reg_handler.handle_callback(chat_id, data)
            ^^^^^^^^^^^^^^^^^^^^^^^^^^^^^^^^^^^^^^^^^^^^^^^^^^^^^^
  File "/home/kiya/Woo_Bot/src/handlers/registration_handler.py", line 553, in handle_callback
    return await self._finalize_registration(chat_id)
           ^^^^^^^^^^^^^^^^^^^^^^^^^^^^^^^^^^^^^^^^^^
  File "/home/kiya/Woo_Bot/src/handlers/registration_handler.py", line 572, in _finalize_registration
    full_name = data.get("full_name")
           ^^^^^^^^^^^^
KeyError: 'name'
2026-04-08 12:04:30 | ERROR    | woobot.main | Polling error: 'name'
Traceback (most recent call last):
  File "/home/kiya/Woo_Bot/src/main.py", line 47, in polling_loop
    await router.route(update)
  File "/home/kiya/Woo_Bot/src/handlers/router.py", line 72, in route
    await self._handle_callback(update)
  File "/home/kiya/Woo_Bot/src/handlers/router.py", line 152, in _handle_callback
    reply = await self._reg_handler.handle_callback(chat_id, data)
            ^^^^^^^^^^^^^^^^^^^^^^^^^^^^^^^^^^^^^^^^^^^^^^^^^^^^^^
  File "/home/kiya/Woo_Bot/src/handlers/registration_handler.py", line 553, in handle_callback
    return await self._finalize_registration(chat_id)
           ^^^^^^^^^^^^^^^^^^^^^^^^^^^^^^^^^^^^^^^^^^
  File "/home/kiya/Woo_Bot/src/handlers/registration_handler.py", line 572, in _finalize_registration
    full_name = data.get("full_name")
           ^^^^^^^^^^^^
KeyError: 'name'
2026-04-08 12:08:08 | INFO     | woobot.main | Polling cancelled.
2026-04-08 12:08:08 | INFO     | woobot.bale.client | BaleHttpClient session closed.
2026-04-08 12:08:08 | INFO     | woobot.bale.api | BaleBot session closed (client stopped).
2026-04-08 12:08:08 | INFO     | woobot.main | WooBot stopped.
2026-04-08 12:08:15 | INFO     | root | Logging initialized — level=INFO file=logs/woobot.log
2026-04-08 12:08:15 | INFO     | woobot.main | WooBot starting...
2026-04-08 12:08:16 | INFO     | src.database.db_manager | ✅ Database initialized successfully.
2026-04-08 12:08:16 | INFO     | woobot.main | Database ready.
2026-04-08 12:08:16 | INFO     | woobot.bale.client | BaleHttpClient session started.
2026-04-08 12:08:16 | INFO     | woobot.bale.api | BaleBot session opened (client started).
2026-04-08 12:08:16 | INFO     | woobot.main | BaleBot session opened.
2026-04-08 12:08:16 | INFO     | woobot.main | Polling loop started.
2026-04-08 12:08:21 | INFO     | woobot.handlers.registration | Finalizing registration | chat_id=921659350 phone=None name=None biz=None site=None email=None cat=آموزشی
2026-04-08 12:08:21 | INFO     | src.auth.user_manager | New user registered with store: 1
2026-04-08 12:08:21 | ERROR    | woobot.handlers.registration | Registration DB error
Traceback (most recent call last):
  File "/home/kiya/Woo_Bot/src/handlers/registration_handler.py", line 615, in _finalize_registration
    self._clear_session(chat_id)
    ^^^^^^^^^^^^^^^^^^^
AttributeError: 'RegistrationHandler' object has no attribute '_clear_session'. Did you mean: '_get_session'?
2026-04-08 12:08:21 | ERROR    | woobot.main | Polling error: No module named 'src.handlers.menu_handler'
Traceback (most recent call last):
  File "/home/kiya/Woo_Bot/src/handlers/registration_handler.py", line 615, in _finalize_registration
    self._clear_session(chat_id)
    ^^^^^^^^^^^^^^^^^^^
AttributeError: 'RegistrationHandler' object has no attribute '_clear_session'. Did you mean: '_get_session'?

During handling of the above exception, another exception occurred:

Traceback (most recent call last):
  File "/home/kiya/Woo_Bot/src/main.py", line 47, in polling_loop
    await router.route(update)
  File "/home/kiya/Woo_Bot/src/handlers/router.py", line 72, in route
    await self._handle_callback(update)
  File "/home/kiya/Woo_Bot/src/handlers/router.py", line 152, in _handle_callback
    reply = await self._reg_handler.handle_callback(chat_id, data)
            ^^^^^^^^^^^^^^^^^^^^^^^^^^^^^^^^^^^^^^^^^^^^^^^^^^^^^^
  File "/home/kiya/Woo_Bot/src/handlers/registration_handler.py", line 572, in handle_callback
    return await self._finalize_registration(chat_id)
           ^^^^^^^^^^^^^^^^^^^^^^^^^^^^^^^^^^^^^^^^^^
  File "/home/kiya/Woo_Bot/src/handlers/registration_handler.py", line 624, in _finalize_registration
    from src.handlers.menu_handler import show_main_menu
ModuleNotFoundError: No module named 'src.handlers.menu_handler'
2026-04-08 12:08:27 | INFO     | woobot.handlers.registration | Registration / login started for chat_id=921659350
2026-04-08 12:08:32 | INFO     | httpx | HTTP Request: POST https://rest.payamak-panel.com/api/SendSMS/SendSMS "HTTP/1.1 200 OK"
2026-04-08 12:08:32 | INFO     | woobot.auth.otp_service | OTP sent to 09128581871 (code=452671) – success=True – 1.13 s
2026-04-08 12:08:40 | INFO     | woobot.auth.otp_service | OTP verified successfully for 09128581871
2026-04-08 12:08:54 | INFO     | woobot.handlers.registration | Finalizing registration | chat_id=921659350 phone=09128581871 name=کیا عباسی biz=زیبامین site=https://zibamin.com email=None cat=سایر
2026-04-08 12:08:54 | ERROR    | woobot.handlers.registration | Registration DB error
Traceback (most recent call last):
  File "/home/kiya/Woo_Bot/venv/lib/python3.12/site-packages/sqlalchemy/engine/base.py", line 1967, in _exec_single_context
    self.dialect.do_execute(
  File "/home/kiya/Woo_Bot/venv/lib/python3.12/site-packages/sqlalchemy/engine/default.py", line 952, in do_execute
    cursor.execute(statement, parameters)
sqlite3.IntegrityError: UNIQUE constraint failed: users.bale_user_id

The above exception was the direct cause of the following exception:

Traceback (most recent call last):
  File "/home/kiya/Woo_Bot/src/handlers/registration_handler.py", line 605, in _finalize_registration
    user = self._um.register(
           ^^^^^^^^^^^^^^^^^^
  File "/home/kiya/Woo_Bot/src/auth/user_manager.py", line 86, in register
    self.db.flush()  # برای گرفتن user.id
    ^^^^^^^^^^^^^^^
  File "/home/kiya/Woo_Bot/venv/lib/python3.12/site-packages/sqlalchemy/orm/session.py", line 4331, in flush
    self._flush(objects)
  File "/home/kiya/Woo_Bot/venv/lib/python3.12/site-packages/sqlalchemy/orm/session.py", line 4466, in _flush
    with util.safe_reraise():
  File "/home/kiya/Woo_Bot/venv/lib/python3.12/site-packages/sqlalchemy/util/langhelpers.py", line 121, in __exit__
    raise exc_value.with_traceback(exc_tb)
  File "/home/kiya/Woo_Bot/venv/lib/python3.12/site-packages/sqlalchemy/orm/session.py", line 4427, in _flush
    flush_context.execute()
  File "/home/kiya/Woo_Bot/venv/lib/python3.12/site-packages/sqlalchemy/orm/unitofwork.py", line 466, in execute
    rec.execute(self)
  File "/home/kiya/Woo_Bot/venv/lib/python3.12/site-packages/sqlalchemy/orm/unitofwork.py", line 642, in execute
    util.preloaded.orm_persistence.save_obj(
  File "/home/kiya/Woo_Bot/venv/lib/python3.12/site-packages/sqlalchemy/orm/persistence.py", line 93, in save_obj
    _emit_insert_statements(
  File "/home/kiya/Woo_Bot/venv/lib/python3.12/site-packages/sqlalchemy/orm/persistence.py", line 1233, in _emit_insert_statements
    result = connection.execute(
             ^^^^^^^^^^^^^^^^^^^
  File "/home/kiya/Woo_Bot/venv/lib/python3.12/site-packages/sqlalchemy/engine/base.py", line 1419, in execute
    return meth(
           ^^^^^
  File "/home/kiya/Woo_Bot/venv/lib/python3.12/site-packages/sqlalchemy/sql/elements.py", line 527, in _execute_on_connection
    return connection._execute_clauseelement(
           ^^^^^^^^^^^^^^^^^^^^^^^^^^^^^^^^^^
  File "/home/kiya/Woo_Bot/venv/lib/python3.12/site-packages/sqlalchemy/engine/base.py", line 1641, in _execute_clauseelement
    ret = self._execute_context(
          ^^^^^^^^^^^^^^^^^^^^^^
  File "/home/kiya/Woo_Bot/venv/lib/python3.12/site-packages/sqlalchemy/engine/base.py", line 1846, in _execute_context
    return self._exec_single_context(
           ^^^^^^^^^^^^^^^^^^^^^^^^^^
  File "/home/kiya/Woo_Bot/venv/lib/python3.12/site-packages/sqlalchemy/engine/base.py", line 1986, in _exec_single_context
    self._handle_dbapi_exception(
  File "/home/kiya/Woo_Bot/venv/lib/python3.12/site-packages/sqlalchemy/engine/base.py", line 2363, in _handle_dbapi_exception
    raise sqlalchemy_exception.with_traceback(exc_info[2]) from e
  File "/home/kiya/Woo_Bot/venv/lib/python3.12/site-packages/sqlalchemy/engine/base.py", line 1967, in _exec_single_context
    self.dialect.do_execute(
  File "/home/kiya/Woo_Bot/venv/lib/python3.12/site-packages/sqlalchemy/engine/default.py", line 952, in do_execute
    cursor.execute(statement, parameters)
sqlalchemy.exc.IntegrityError: (sqlite3.IntegrityError) UNIQUE constraint failed: users.bale_user_id
[SQL: INSERT INTO users (bale_user_id, phone_number, full_name, is_active, is_verified, updated_at) VALUES (?, ?, ?, ?, ?, ?) RETURNING id, created_at]
[parameters: ('921659350', '09128581871', 'کیا عباسی', 1, 1, None)]
(Background on this error at: https://sqlalche.me/e/20/gkpj)
2026-04-08 12:08:54 | ERROR    | woobot.main | Polling error: No module named 'src.handlers.menu_handler'
Traceback (most recent call last):
  File "/home/kiya/Woo_Bot/venv/lib/python3.12/site-packages/sqlalchemy/engine/base.py", line 1967, in _exec_single_context
    self.dialect.do_execute(
  File "/home/kiya/Woo_Bot/venv/lib/python3.12/site-packages/sqlalchemy/engine/default.py", line 952, in do_execute
    cursor.execute(statement, parameters)
sqlite3.IntegrityError: UNIQUE constraint failed: users.bale_user_id

The above exception was the direct cause of the following exception:

Traceback (most recent call last):
  File "/home/kiya/Woo_Bot/src/handlers/registration_handler.py", line 605, in _finalize_registration
    user = self._um.register(
           ^^^^^^^^^^^^^^^^^^
  File "/home/kiya/Woo_Bot/src/auth/user_manager.py", line 86, in register
    self.db.flush()  # برای گرفتن user.id
    ^^^^^^^^^^^^^^^
  File "/home/kiya/Woo_Bot/venv/lib/python3.12/site-packages/sqlalchemy/orm/session.py", line 4331, in flush
    self._flush(objects)
  File "/home/kiya/Woo_Bot/venv/lib/python3.12/site-packages/sqlalchemy/orm/session.py", line 4466, in _flush
    with util.safe_reraise():
  File "/home/kiya/Woo_Bot/venv/lib/python3.12/site-packages/sqlalchemy/util/langhelpers.py", line 121, in __exit__
    raise exc_value.with_traceback(exc_tb)
  File "/home/kiya/Woo_Bot/venv/lib/python3.12/site-packages/sqlalchemy/orm/session.py", line 4427, in _flush
    flush_context.execute()
  File "/home/kiya/Woo_Bot/venv/lib/python3.12/site-packages/sqlalchemy/orm/unitofwork.py", line 466, in execute
    rec.execute(self)
  File "/home/kiya/Woo_Bot/venv/lib/python3.12/site-packages/sqlalchemy/orm/unitofwork.py", line 642, in execute
    util.preloaded.orm_persistence.save_obj(
  File "/home/kiya/Woo_Bot/venv/lib/python3.12/site-packages/sqlalchemy/orm/persistence.py", line 93, in save_obj
    _emit_insert_statements(
  File "/home/kiya/Woo_Bot/venv/lib/python3.12/site-packages/sqlalchemy/orm/persistence.py", line 1233, in _emit_insert_statements
    result = connection.execute(
             ^^^^^^^^^^^^^^^^^^^
  File "/home/kiya/Woo_Bot/venv/lib/python3.12/site-packages/sqlalchemy/engine/base.py", line 1419, in execute
    return meth(
           ^^^^^
  File "/home/kiya/Woo_Bot/venv/lib/python3.12/site-packages/sqlalchemy/sql/elements.py", line 527, in _execute_on_connection
    return connection._execute_clauseelement(
           ^^^^^^^^^^^^^^^^^^^^^^^^^^^^^^^^^^
  File "/home/kiya/Woo_Bot/venv/lib/python3.12/site-packages/sqlalchemy/engine/base.py", line 1641, in _execute_clauseelement
    ret = self._execute_context(
          ^^^^^^^^^^^^^^^^^^^^^^
  File "/home/kiya/Woo_Bot/venv/lib/python3.12/site-packages/sqlalchemy/engine/base.py", line 1846, in _execute_context
    return self._exec_single_context(
           ^^^^^^^^^^^^^^^^^^^^^^^^^^
  File "/home/kiya/Woo_Bot/venv/lib/python3.12/site-packages/sqlalchemy/engine/base.py", line 1986, in _exec_single_context
    self._handle_dbapi_exception(
  File "/home/kiya/Woo_Bot/venv/lib/python3.12/site-packages/sqlalchemy/engine/base.py", line 2363, in _handle_dbapi_exception
    raise sqlalchemy_exception.with_traceback(exc_info[2]) from e
  File "/home/kiya/Woo_Bot/venv/lib/python3.12/site-packages/sqlalchemy/engine/base.py", line 1967, in _exec_single_context
    self.dialect.do_execute(
  File "/home/kiya/Woo_Bot/venv/lib/python3.12/site-packages/sqlalchemy/engine/default.py", line 952, in do_execute
    cursor.execute(statement, parameters)
sqlalchemy.exc.IntegrityError: (sqlite3.IntegrityError) UNIQUE constraint failed: users.bale_user_id
[SQL: INSERT INTO users (bale_user_id, phone_number, full_name, is_active, is_verified, updated_at) VALUES (?, ?, ?, ?, ?, ?) RETURNING id, created_at]
[parameters: ('921659350', '09128581871', 'کیا عباسی', 1, 1, None)]
(Background on this error at: https://sqlalche.me/e/20/gkpj)

During handling of the above exception, another exception occurred:

Traceback (most recent call last):
  File "/home/kiya/Woo_Bot/src/main.py", line 47, in polling_loop
    await router.route(update)
  File "/home/kiya/Woo_Bot/src/handlers/router.py", line 72, in route
    await self._handle_callback(update)
  File "/home/kiya/Woo_Bot/src/handlers/router.py", line 152, in _handle_callback
    reply = await self._reg_handler.handle_callback(chat_id, data)
            ^^^^^^^^^^^^^^^^^^^^^^^^^^^^^^^^^^^^^^^^^^^^^^^^^^^^^^
  File "/home/kiya/Woo_Bot/src/handlers/registration_handler.py", line 572, in handle_callback
    return await self._finalize_registration(chat_id)
           ^^^^^^^^^^^^^^^^^^^^^^^^^^^^^^^^^^^^^^^^^^
  File "/home/kiya/Woo_Bot/src/handlers/registration_handler.py", line 624, in _finalize_registration
    from src.handlers.menu_handler import show_main_menu
ModuleNotFoundError: No module named 'src.handlers.menu_handler'
2026-04-08 12:10:23 | INFO     | woobot.handlers.registration | Finalizing registration | chat_id=921659350 phone=09128581871 name=کیا عباسی biz=زیبامین site=https://zibamin.com email=None cat=نرم‌افزارها
2026-04-08 12:10:23 | ERROR    | woobot.handlers.registration | Registration DB error
Traceback (most recent call last):
  File "/home/kiya/Woo_Bot/src/handlers/registration_handler.py", line 605, in _finalize_registration
    user = self._um.register(
           ^^^^^^^^^^^^^^^^^^
  File "/home/kiya/Woo_Bot/src/auth/user_manager.py", line 73, in register
    existing = self.db.query(User).filter(User.phone_number == phone).first()
               ^^^^^^^^^^^^^^^^^^^^^^^^^^^^^^^^^^^^^^^^^^^^^^^^^^^^^^^^^^^^^^
  File "/home/kiya/Woo_Bot/venv/lib/python3.12/site-packages/sqlalchemy/orm/query.py", line 2759, in first
    return self.limit(1)._iter().first()  # type: ignore
           ^^^^^^^^^^^^^^^^^^^^^
  File "/home/kiya/Woo_Bot/venv/lib/python3.12/site-packages/sqlalchemy/orm/query.py", line 2857, in _iter
    result: Union[ScalarResult[_T], Result[_T]] = self.session.execute(
                                                  ^^^^^^^^^^^^^^^^^^^^^
  File "/home/kiya/Woo_Bot/venv/lib/python3.12/site-packages/sqlalchemy/orm/session.py", line 2351, in execute
    return self._execute_internal(
           ^^^^^^^^^^^^^^^^^^^^^^^
  File "/home/kiya/Woo_Bot/venv/lib/python3.12/site-packages/sqlalchemy/orm/session.py", line 2239, in _execute_internal
    conn = self._connection_for_bind(bind)
           ^^^^^^^^^^^^^^^^^^^^^^^^^^^^^^^
  File "/home/kiya/Woo_Bot/venv/lib/python3.12/site-packages/sqlalchemy/orm/session.py", line 2108, in _connection_for_bind
    return trans._connection_for_bind(engine, execution_options)
           ^^^^^^^^^^^^^^^^^^^^^^^^^^^^^^^^^^^^^^^^^^^^^^^^^^^^^
  File "<string>", line 2, in _connection_for_bind
  File "/home/kiya/Woo_Bot/venv/lib/python3.12/site-packages/sqlalchemy/orm/state_changes.py", line 101, in _go
    self._raise_for_prerequisite_state(fn.__name__, current_state)
  File "/home/kiya/Woo_Bot/venv/lib/python3.12/site-packages/sqlalchemy/orm/session.py", line 971, in _raise_for_prerequisite_state
    raise sa_exc.PendingRollbackError(
sqlalchemy.exc.PendingRollbackError: This Session's transaction has been rolled back due to a previous exception during flush. To begin a new transaction with this Session, first issue Session.rollback(). Original exception was: (sqlite3.IntegrityError) UNIQUE constraint failed: users.bale_user_id
[SQL: INSERT INTO users (bale_user_id, phone_number, full_name, is_active, is_verified, updated_at) VALUES (?, ?, ?, ?, ?, ?) RETURNING id, created_at]
[parameters: ('921659350', '09128581871', 'کیا عباسی', 1, 1, None)]
(Background on this error at: https://sqlalche.me/e/20/gkpj) (Background on this error at: https://sqlalche.me/e/20/7s2a)
2026-04-08 12:10:23 | ERROR    | woobot.main | Polling error: No module named 'src.handlers.menu_handler'
Traceback (most recent call last):
  File "/home/kiya/Woo_Bot/src/handlers/registration_handler.py", line 605, in _finalize_registration
    user = self._um.register(
           ^^^^^^^^^^^^^^^^^^
  File "/home/kiya/Woo_Bot/src/auth/user_manager.py", line 73, in register
    existing = self.db.query(User).filter(User.phone_number == phone).first()
               ^^^^^^^^^^^^^^^^^^^^^^^^^^^^^^^^^^^^^^^^^^^^^^^^^^^^^^^^^^^^^^
  File "/home/kiya/Woo_Bot/venv/lib/python3.12/site-packages/sqlalchemy/orm/query.py", line 2759, in first
    return self.limit(1)._iter().first()  # type: ignore
           ^^^^^^^^^^^^^^^^^^^^^
  File "/home/kiya/Woo_Bot/venv/lib/python3.12/site-packages/sqlalchemy/orm/query.py", line 2857, in _iter
    result: Union[ScalarResult[_T], Result[_T]] = self.session.execute(
                                                  ^^^^^^^^^^^^^^^^^^^^^
  File "/home/kiya/Woo_Bot/venv/lib/python3.12/site-packages/sqlalchemy/orm/session.py", line 2351, in execute
    return self._execute_internal(
           ^^^^^^^^^^^^^^^^^^^^^^^
  File "/home/kiya/Woo_Bot/venv/lib/python3.12/site-packages/sqlalchemy/orm/session.py", line 2239, in _execute_internal
    conn = self._connection_for_bind(bind)
           ^^^^^^^^^^^^^^^^^^^^^^^^^^^^^^^
  File "/home/kiya/Woo_Bot/venv/lib/python3.12/site-packages/sqlalchemy/orm/session.py", line 2108, in _connection_for_bind
    return trans._connection_for_bind(engine, execution_options)
           ^^^^^^^^^^^^^^^^^^^^^^^^^^^^^^^^^^^^^^^^^^^^^^^^^^^^^
  File "<string>", line 2, in _connection_for_bind
  File "/home/kiya/Woo_Bot/venv/lib/python3.12/site-packages/sqlalchemy/orm/state_changes.py", line 101, in _go
    self._raise_for_prerequisite_state(fn.__name__, current_state)
  File "/home/kiya/Woo_Bot/venv/lib/python3.12/site-packages/sqlalchemy/orm/session.py", line 971, in _raise_for_prerequisite_state
    raise sa_exc.PendingRollbackError(
sqlalchemy.exc.PendingRollbackError: This Session's transaction has been rolled back due to a previous exception during flush. To begin a new transaction with this Session, first issue Session.rollback(). Original exception was: (sqlite3.IntegrityError) UNIQUE constraint failed: users.bale_user_id
[SQL: INSERT INTO users (bale_user_id, phone_number, full_name, is_active, is_verified, updated_at) VALUES (?, ?, ?, ?, ?, ?) RETURNING id, created_at]
[parameters: ('921659350', '09128581871', 'کیا عباسی', 1, 1, None)]
(Background on this error at: https://sqlalche.me/e/20/gkpj) (Background on this error at: https://sqlalche.me/e/20/7s2a)

During handling of the above exception, another exception occurred:

Traceback (most recent call last):
  File "/home/kiya/Woo_Bot/src/main.py", line 47, in polling_loop
    await router.route(update)
  File "/home/kiya/Woo_Bot/src/handlers/router.py", line 72, in route
    await self._handle_callback(update)
  File "/home/kiya/Woo_Bot/src/handlers/router.py", line 152, in _handle_callback
    reply = await self._reg_handler.handle_callback(chat_id, data)
            ^^^^^^^^^^^^^^^^^^^^^^^^^^^^^^^^^^^^^^^^^^^^^^^^^^^^^^
  File "/home/kiya/Woo_Bot/src/handlers/registration_handler.py", line 572, in handle_callback
    return await self._finalize_registration(chat_id)
           ^^^^^^^^^^^^^^^^^^^^^^^^^^^^^^^^^^^^^^^^^^
  File "/home/kiya/Woo_Bot/src/handlers/registration_handler.py", line 624, in _finalize_registration
    from src.handlers.menu_handler import show_main_menu
ModuleNotFoundError: No module named 'src.handlers.menu_handler'
2026-04-08 12:16:22 | INFO     | woobot.main | Polling cancelled.
2026-04-08 12:16:22 | INFO     | woobot.bale.client | BaleHttpClient session closed.
2026-04-08 12:16:22 | INFO     | woobot.bale.api | BaleBot session closed (client stopped).
2026-04-08 12:16:22 | INFO     | woobot.main | WooBot stopped.
2026-04-08 12:16:31 | INFO     | root | Logging initialized — level=INFO file=logs/woobot.log
2026-04-08 12:16:31 | INFO     | woobot.main | WooBot starting...
2026-04-08 12:16:31 | INFO     | src.database.db_manager | ✅ Database initialized successfully.
2026-04-08 12:16:31 | INFO     | woobot.main | Database ready.
2026-04-08 12:16:31 | INFO     | woobot.bale.client | BaleHttpClient session started.
2026-04-08 12:16:31 | INFO     | woobot.bale.api | BaleBot session opened (client started).
2026-04-08 12:16:31 | INFO     | woobot.main | BaleBot session opened.
2026-04-08 12:16:31 | INFO     | woobot.main | Polling loop started.
2026-04-08 12:16:33 | INFO     | woobot.handlers.registration | Finalizing registration | chat_id=921659350 phone=None name=None biz=None site=None email=None cat=نرم‌افزارها
2026-04-08 12:16:33 | INFO     | src.auth.user_manager | New user registered with store: 1
2026-04-08 12:16:33 | INFO     | woobot.handlers.registration | User 1 and store created successfully
2026-04-08 12:17:47 | INFO     | woobot.main | Polling cancelled.
2026-04-08 12:17:47 | INFO     | woobot.bale.client | BaleHttpClient session closed.
2026-04-08 12:17:47 | INFO     | woobot.bale.api | BaleBot session closed (client stopped).
2026-04-08 12:17:47 | INFO     | woobot.main | WooBot stopped.
2026-04-08 12:17:49 | INFO     | root | Logging initialized — level=INFO file=logs/woobot.log
2026-04-08 12:17:49 | INFO     | woobot.main | WooBot starting...
2026-04-08 12:17:49 | INFO     | src.database.db_manager | ✅ Database initialized successfully.
2026-04-08 12:17:49 | INFO     | woobot.main | Database ready.
2026-04-08 12:17:49 | INFO     | woobot.bale.client | BaleHttpClient session started.
2026-04-08 12:17:49 | INFO     | woobot.bale.api | BaleBot session opened (client started).
2026-04-08 12:17:49 | INFO     | woobot.main | BaleBot session opened.
2026-04-08 12:17:49 | INFO     | woobot.main | Polling loop started.
2026-04-08 12:17:50 | INFO     | woobot.main | Polling cancelled.
2026-04-08 12:17:50 | INFO     | woobot.bale.client | BaleHttpClient session closed.
2026-04-08 12:17:50 | INFO     | woobot.bale.api | BaleBot session closed (client stopped).
2026-04-08 12:17:50 | INFO     | woobot.main | WooBot stopped.
2026-04-08 12:18:38 | INFO     | root | Logging initialized — level=INFO file=logs/woobot.log
2026-04-08 12:18:38 | INFO     | woobot.main | WooBot starting...
2026-04-08 12:18:38 | INFO     | src.database.db_manager | ✅ Database initialized successfully.
2026-04-08 12:18:38 | INFO     | woobot.main | Database ready.
2026-04-08 12:18:38 | INFO     | woobot.bale.client | BaleHttpClient session started.
2026-04-08 12:18:38 | INFO     | woobot.bale.api | BaleBot session opened (client started).
2026-04-08 12:18:38 | INFO     | woobot.main | BaleBot session opened.
2026-04-08 12:18:38 | INFO     | woobot.main | Polling loop started.
2026-04-08 12:18:44 | INFO     | woobot.handlers.registration | Registration / login started for chat_id=921659350
2026-04-08 12:18:53 | INFO     | httpx | HTTP Request: POST https://rest.payamak-panel.com/api/SendSMS/SendSMS "HTTP/1.1 200 OK"
2026-04-08 12:18:53 | INFO     | woobot.auth.otp_service | OTP sent to 09128581871 (code=437720) – success=True – 4.68 s
2026-04-08 12:18:57 | INFO     | woobot.auth.otp_service | OTP verified successfully for 09128581871
2026-04-08 12:19:14 | INFO     | woobot.handlers.registration | Finalizing registration | chat_id=921659350 phone=09128581871 name=کیا عباسی biz=زیبامین site=https://zibamin.com email=None cat=خدمات
2026-04-08 12:19:14 | INFO     | src.auth.user_manager | New user registered with store: 1
2026-04-08 12:19:14 | INFO     | woobot.handlers.registration | User 1 and store created successfully
2026-04-08 12:22:25 | INFO     | woobot.main | Polling cancelled.
2026-04-08 12:22:25 | INFO     | woobot.bale.client | BaleHttpClient session closed.
2026-04-08 12:22:25 | INFO     | woobot.bale.api | BaleBot session closed (client stopped).
2026-04-08 12:22:25 | INFO     | woobot.main | WooBot stopped.
2026-04-08 12:22:27 | INFO     | root | Logging initialized — level=INFO file=logs/woobot.log
2026-04-08 12:22:27 | INFO     | woobot.main | WooBot starting...
2026-04-08 12:22:27 | INFO     | src.database.db_manager | ✅ Database initialized successfully.
2026-04-08 12:22:27 | INFO     | woobot.main | Database ready.
2026-04-08 12:22:27 | INFO     | woobot.bale.client | BaleHttpClient session started.
2026-04-08 12:22:27 | INFO     | woobot.bale.api | BaleBot session opened (client started).
2026-04-08 12:22:27 | INFO     | woobot.main | BaleBot session opened.
2026-04-08 12:22:27 | INFO     | woobot.main | Polling loop started.
2026-04-08 12:22:31 | INFO     | woobot.handlers.registration | Registration / login started for chat_id=921659350
2026-04-08 12:22:35 | INFO     | src.auth.user_manager | User 1 logged in successfully
2026-04-08 12:22:36 | INFO     | httpx | HTTP Request: POST https://rest.payamak-panel.com/api/SendSMS/SendSMS "HTTP/1.1 200 OK"
2026-04-08 12:22:36 | INFO     | woobot.auth.otp_service | OTP sent to 09128581871 (code=661976) – success=True – 0.39 s
2026-04-08 12:22:42 | INFO     | woobot.auth.otp_service | OTP verified successfully for 09128581871
2026-04-08 12:22:42 | INFO     | woobot.handlers.registration | Login success | chat_id=921659350 phone=09128581871
2026-04-08 12:22:46 | ERROR    | woobot.main | Polling error: 'StoresMenuHandler' object has no attribute 'is_in_flow'
Traceback (most recent call last):
  File "/home/kiya/Woo_Bot/src/main.py", line 47, in polling_loop
    await router.route(update)
  File "/home/kiya/Woo_Bot/src/handlers/router.py", line 69, in route
    await self._handle_message(update)
  File "/home/kiya/Woo_Bot/src/handlers/router.py", line 114, in _handle_message
    reply = await self._menu_handler.handle_message(chat_id, text)
            ^^^^^^^^^^^^^^^^^^^^^^^^^^^^^^^^^^^^^^^^^^^^^^^^^^^^^^
  File "/home/kiya/Woo_Bot/src/handlers/main_menu_handler.py", line 136, in handle_message
    if self._stores_handler.is_in_flow(chat_id):
       ^^^^^^^^^^^^^^^^^^^^^^^^^^^^^^^
AttributeError: 'StoresMenuHandler' object has no attribute 'is_in_flow'
2026-04-08 12:22:52 | ERROR    | woobot.main | Polling error: 'StoresMenuHandler' object has no attribute 'is_in_flow'
Traceback (most recent call last):
  File "/home/kiya/Woo_Bot/src/main.py", line 47, in polling_loop
    await router.route(update)
  File "/home/kiya/Woo_Bot/src/handlers/router.py", line 69, in route
    await self._handle_message(update)
  File "/home/kiya/Woo_Bot/src/handlers/router.py", line 114, in _handle_message
    reply = await self._menu_handler.handle_message(chat_id, text)
            ^^^^^^^^^^^^^^^^^^^^^^^^^^^^^^^^^^^^^^^^^^^^^^^^^^^^^^
  File "/home/kiya/Woo_Bot/src/handlers/main_menu_handler.py", line 136, in handle_message
    if self._stores_handler.is_in_flow(chat_id):
       ^^^^^^^^^^^^^^^^^^^^^^^^^^^^^^^
AttributeError: 'StoresMenuHandler' object has no attribute 'is_in_flow'
2026-04-08 12:23:27 | ERROR    | woobot.main | Polling error: 'StoresMenuHandler' object has no attribute 'is_in_flow'
Traceback (most recent call last):
  File "/home/kiya/Woo_Bot/src/main.py", line 47, in polling_loop
    await router.route(update)
  File "/home/kiya/Woo_Bot/src/handlers/router.py", line 69, in route
    await self._handle_message(update)
  File "/home/kiya/Woo_Bot/src/handlers/router.py", line 114, in _handle_message
    reply = await self._menu_handler.handle_message(chat_id, text)
            ^^^^^^^^^^^^^^^^^^^^^^^^^^^^^^^^^^^^^^^^^^^^^^^^^^^^^^
  File "/home/kiya/Woo_Bot/src/handlers/main_menu_handler.py", line 136, in handle_message
    if self._stores_handler.is_in_flow(chat_id):
       ^^^^^^^^^^^^^^^^^^^^^^^^^^^^^^^
AttributeError: 'StoresMenuHandler' object has no attribute 'is_in_flow'
2026-04-08 12:23:30 | ERROR    | woobot.main | Polling error: 'StoresMenuHandler' object has no attribute 'is_in_flow'
Traceback (most recent call last):
  File "/home/kiya/Woo_Bot/src/main.py", line 47, in polling_loop
    await router.route(update)
  File "/home/kiya/Woo_Bot/src/handlers/router.py", line 69, in route
    await self._handle_message(update)
  File "/home/kiya/Woo_Bot/src/handlers/router.py", line 114, in _handle_message
    reply = await self._menu_handler.handle_message(chat_id, text)
            ^^^^^^^^^^^^^^^^^^^^^^^^^^^^^^^^^^^^^^^^^^^^^^^^^^^^^^
  File "/home/kiya/Woo_Bot/src/handlers/main_menu_handler.py", line 136, in handle_message
    if self._stores_handler.is_in_flow(chat_id):
       ^^^^^^^^^^^^^^^^^^^^^^^^^^^^^^^
AttributeError: 'StoresMenuHandler' object has no attribute 'is_in_flow'
2026-04-08 12:23:34 | INFO     | woobot.main | Polling cancelled.
2026-04-08 12:23:34 | INFO     | woobot.bale.client | BaleHttpClient session closed.
2026-04-08 12:23:34 | INFO     | woobot.bale.api | BaleBot session closed (client stopped).
2026-04-08 12:23:34 | INFO     | woobot.main | WooBot stopped.
2026-04-08 12:31:01 | INFO     | root | Logging initialized — level=INFO file=logs/woobot.log
2026-04-08 12:31:01 | INFO     | woobot.main | WooBot starting...
2026-04-08 12:31:01 | INFO     | src.database.db_manager | ✅ Database initialized successfully.
2026-04-08 12:31:01 | INFO     | woobot.main | Database ready.
2026-04-08 12:31:01 | INFO     | woobot.bale.client | BaleHttpClient session started.
2026-04-08 12:31:01 | INFO     | woobot.bale.api | BaleBot session opened (client started).
2026-04-08 12:31:01 | INFO     | woobot.main | BaleBot session opened.
2026-04-08 12:31:01 | INFO     | woobot.main | Polling loop started.
2026-04-08 12:31:04 | INFO     | woobot.handlers.registration | Registration / login started for chat_id=921659350
2026-04-08 12:31:17 | INFO     | httpx | HTTP Request: POST https://rest.payamak-panel.com/api/SendSMS/SendSMS "HTTP/1.1 200 OK"
2026-04-08 12:31:17 | INFO     | woobot.auth.otp_service | OTP sent to 09128581871 (code=864074) – success=True – 0.65 s
2026-04-08 12:31:20 | INFO     | woobot.auth.otp_service | OTP verified successfully for 09128581871
2026-04-08 12:31:43 | INFO     | src.auth.user_manager | New user registered with store: 1
2026-04-08 12:31:43 | INFO     | woobot.handlers.registration | User 1 registered successfully
2026-04-08 12:33:58 | INFO     | woobot.main | Polling cancelled.
2026-04-08 12:33:58 | INFO     | woobot.bale.client | BaleHttpClient session closed.
2026-04-08 12:33:58 | INFO     | woobot.bale.api | BaleBot session closed (client stopped).
2026-04-08 12:33:58 | INFO     | woobot.main | WooBot stopped.
2026-04-08 12:34:01 | INFO     | root | Logging initialized — level=INFO file=logs/woobot.log
2026-04-08 12:34:01 | INFO     | woobot.main | WooBot starting...
2026-04-08 12:34:01 | INFO     | src.database.db_manager | ✅ Database initialized successfully.
2026-04-08 12:34:01 | INFO     | woobot.main | Database ready.
2026-04-08 12:34:01 | INFO     | woobot.bale.client | BaleHttpClient session started.
2026-04-08 12:34:01 | INFO     | woobot.bale.api | BaleBot session opened (client started).
2026-04-08 12:34:01 | INFO     | woobot.main | BaleBot session opened.
2026-04-08 12:34:01 | INFO     | woobot.main | Polling loop started.
2026-04-08 12:34:04 | INFO     | woobot.main | Polling cancelled.
2026-04-08 12:34:04 | INFO     | woobot.bale.client | BaleHttpClient session closed.
2026-04-08 12:34:04 | INFO     | woobot.bale.api | BaleBot session closed (client stopped).
2026-04-08 12:34:04 | INFO     | woobot.main | WooBot stopped.
2026-04-08 12:36:14 | INFO     | root | Logging initialized — level=INFO file=logs/woobot.log
2026-04-08 12:36:14 | INFO     | woobot.main | WooBot starting...
2026-04-08 12:36:14 | INFO     | src.database.db_manager | ✅ Database initialized successfully.
2026-04-08 12:36:14 | INFO     | woobot.main | Database ready.
2026-04-08 12:36:14 | INFO     | woobot.bale.client | BaleHttpClient session started.
2026-04-08 12:36:14 | INFO     | woobot.bale.api | BaleBot session opened (client started).
2026-04-08 12:36:14 | INFO     | woobot.main | BaleBot session opened.
2026-04-08 12:36:14 | INFO     | woobot.main | Polling loop started.
2026-04-08 12:36:21 | INFO     | woobot.handlers.registration | Registration / login started for chat_id=921659350
2026-04-08 12:36:26 | INFO     | src.auth.user_manager | User 1 logged in successfully
2026-04-08 12:36:26 | INFO     | httpx | HTTP Request: POST https://rest.payamak-panel.com/api/SendSMS/SendSMS "HTTP/1.1 200 OK"
2026-04-08 12:36:26 | INFO     | woobot.auth.otp_service | OTP sent to 09128581871 (code=926089) – success=True – 0.55 s
2026-04-08 12:36:30 | INFO     | woobot.auth.otp_service | OTP verified successfully for 09128581871
2026-04-08 12:36:30 | INFO     | woobot.handlers.registration | Login success | chat_id=921659350 phone=09128581871
2026-04-08 12:37:18 | INFO     | woobot.main | Polling cancelled.
2026-04-08 12:37:18 | INFO     | woobot.bale.client | BaleHttpClient session closed.
2026-04-08 12:37:18 | INFO     | woobot.bale.api | BaleBot session closed (client stopped).
2026-04-08 12:37:18 | INFO     | woobot.main | WooBot stopped.
2026-04-08 12:37:21 | INFO     | root | Logging initialized — level=INFO file=logs/woobot.log
2026-04-08 12:37:21 | INFO     | woobot.main | WooBot starting...
2026-04-08 12:37:22 | INFO     | src.database.db_manager | ✅ Database initialized successfully.
2026-04-08 12:37:22 | INFO     | woobot.main | Database ready.
2026-04-08 12:37:22 | INFO     | woobot.bale.client | BaleHttpClient session started.
2026-04-08 12:37:22 | INFO     | woobot.bale.api | BaleBot session opened (client started).
2026-04-08 12:37:22 | INFO     | woobot.main | BaleBot session opened.
2026-04-08 12:37:22 | INFO     | woobot.main | Polling loop started.
2026-04-08 12:37:23 | INFO     | woobot.handlers.registration | Registration / login started for chat_id=921659350
2026-04-08 12:37:30 | INFO     | httpx | HTTP Request: POST https://rest.payamak-panel.com/api/SendSMS/SendSMS "HTTP/1.1 200 OK"
2026-04-08 12:37:30 | INFO     | woobot.auth.otp_service | OTP sent to 09128581871 (code=447345) – success=True – 0.29 s
2026-04-08 12:37:35 | INFO     | woobot.auth.otp_service | OTP verified successfully for 09128581871
2026-04-08 12:37:54 | INFO     | src.auth.user_manager | New user registered with store: 1
2026-04-08 12:37:54 | INFO     | woobot.handlers.registration | User 1 registered successfully
2026-04-08 12:40:52 | INFO     | woobot.main | Polling cancelled.
2026-04-08 12:40:52 | INFO     | woobot.bale.client | BaleHttpClient session closed.
2026-04-08 12:40:52 | INFO     | woobot.bale.api | BaleBot session closed (client stopped).
2026-04-08 12:40:52 | INFO     | woobot.main | WooBot stopped.
2026-04-08 12:40:55 | INFO     | root | Logging initialized — level=INFO file=logs/woobot.log
2026-04-08 12:40:55 | INFO     | woobot.main | WooBot starting...
2026-04-08 12:40:55 | INFO     | src.database.db_manager | ✅ Database initialized successfully.
2026-04-08 12:40:55 | INFO     | woobot.main | Database ready.
2026-04-08 12:40:55 | INFO     | woobot.bale.client | BaleHttpClient session started.
2026-04-08 12:40:55 | INFO     | woobot.bale.api | BaleBot session opened (client started).
2026-04-08 12:40:55 | INFO     | woobot.main | BaleBot session opened.
2026-04-08 12:40:55 | INFO     | woobot.main | Polling loop started.
2026-04-08 12:40:58 | INFO     | woobot.handlers.registration | Registration / login started for chat_id=921659350
2026-04-08 12:41:13 | INFO     | src.auth.user_manager | User 1 logged in successfully
2026-04-08 12:41:14 | INFO     | httpx | HTTP Request: POST https://rest.payamak-panel.com/api/SendSMS/SendSMS "HTTP/1.1 200 OK"
2026-04-08 12:41:14 | INFO     | woobot.auth.otp_service | OTP sent to 09128581871 (code=379411) – success=True – 1.13 s
2026-04-08 12:41:19 | INFO     | woobot.auth.otp_service | OTP verified successfully for 09128581871
2026-04-08 12:41:19 | INFO     | woobot.handlers.registration | Login success | chat_id=921659350 phone=09128581871
2026-04-08 12:42:54 | INFO     | woobot.main | Polling cancelled.
2026-04-08 12:42:54 | INFO     | woobot.bale.client | BaleHttpClient session closed.
2026-04-08 12:42:54 | INFO     | woobot.bale.api | BaleBot session closed (client stopped).
2026-04-08 12:42:54 | INFO     | woobot.main | WooBot stopped.
2026-04-08 12:42:56 | INFO     | root | Logging initialized — level=INFO file=logs/woobot.log
2026-04-08 12:42:56 | INFO     | woobot.main | WooBot starting...
2026-04-08 12:42:56 | INFO     | src.database.db_manager | ✅ Database initialized successfully.
2026-04-08 12:42:56 | INFO     | woobot.main | Database ready.
2026-04-08 12:42:56 | INFO     | woobot.bale.client | BaleHttpClient session started.
2026-04-08 12:42:56 | INFO     | woobot.bale.api | BaleBot session opened (client started).
2026-04-08 12:42:56 | INFO     | woobot.main | BaleBot session opened.
2026-04-08 12:42:56 | INFO     | woobot.main | Polling loop started.
2026-04-08 12:42:58 | INFO     | woobot.handlers.registration | Registration / login started for chat_id=921659350
2026-04-08 12:43:04 | INFO     | src.auth.user_manager | User 1 logged in successfully
2026-04-08 12:43:04 | INFO     | httpx | HTTP Request: POST https://rest.payamak-panel.com/api/SendSMS/SendSMS "HTTP/1.1 200 OK"
2026-04-08 12:43:04 | INFO     | woobot.auth.otp_service | OTP sent to 09128581871 (code=648507) – success=True – 0.23 s
2026-04-08 12:43:09 | INFO     | woobot.auth.otp_service | OTP verified successfully for 09128581871
2026-04-08 12:43:09 | INFO     | woobot.handlers.registration | Login success | chat_id=921659350 phone=09128581871
2026-04-08 13:10:59 | INFO     | woobot.main | Polling cancelled.
2026-04-08 13:10:59 | INFO     | woobot.bale.client | BaleHttpClient session closed.
2026-04-08 13:10:59 | INFO     | woobot.bale.api | BaleBot session closed (client stopped).
2026-04-08 13:10:59 | INFO     | woobot.main | WooBot stopped.
2026-04-08 13:11:03 | INFO     | root | Logging initialized — level=INFO file=logs/woobot.log
2026-04-08 13:11:03 | INFO     | woobot.main | WooBot starting...
2026-04-08 13:11:03 | INFO     | src.database.db_manager | ✅ Database initialized successfully.
2026-04-08 13:11:03 | INFO     | woobot.main | Database ready.
2026-04-08 13:11:03 | INFO     | woobot.bale.client | BaleHttpClient session started.
2026-04-08 13:11:03 | INFO     | woobot.bale.api | BaleBot session opened (client started).
2026-04-08 13:11:03 | INFO     | woobot.main | BaleBot session opened.
2026-04-08 13:11:03 | INFO     | woobot.main | Polling loop started.
2026-04-08 13:11:13 | INFO     | woobot.handlers.registration | Registration / login started for chat_id=921659350
2026-04-08 13:11:20 | INFO     | src.auth.user_manager | User 1 logged in successfully
2026-04-08 13:11:21 | INFO     | httpx | HTTP Request: POST https://rest.payamak-panel.com/api/SendSMS/SendSMS "HTTP/1.1 200 OK"
2026-04-08 13:11:21 | INFO     | woobot.auth.otp_service | OTP sent to 09128581871 (code=835627) – success=True – 1.55 s
2026-04-08 13:11:31 | INFO     | woobot.auth.otp_service | OTP verified successfully for 09128581871
2026-04-08 13:11:31 | INFO     | woobot.handlers.registration | Login success | chat_id=921659350 phone=09128581871
2026-04-08 13:13:00 | INFO     | woobot.main | Polling cancelled.
2026-04-08 13:13:00 | INFO     | woobot.bale.client | BaleHttpClient session closed.
2026-04-08 13:13:00 | INFO     | woobot.bale.api | BaleBot session closed (client stopped).
2026-04-08 13:13:00 | INFO     | woobot.main | WooBot stopped.
2026-04-08 21:06:29 | INFO     | root | Logging initialized — level=INFO file=logs/woobot.log
2026-04-08 21:06:29 | INFO     | woobot.main | WooBot starting...
2026-04-08 21:06:30 | INFO     | src.database.db_manager | ✅ Database initialized successfully.
2026-04-08 21:06:30 | INFO     | woobot.main | Database ready.
2026-04-08 21:06:30 | INFO     | woobot.bale.client | BaleHttpClient session started.
2026-04-08 21:06:30 | INFO     | woobot.bale.api | BaleBot session opened (client started).
2026-04-08 21:06:30 | INFO     | woobot.main | BaleBot session opened.
2026-04-08 21:06:30 | INFO     | woobot.main | Polling loop started.
2026-04-08 21:06:30 | INFO     | woobot.handlers.registration | Registration / login started for chat_id=921659350
2026-04-08 21:06:30 | ERROR    | woobot.main | Polling error: [400] Bad Request: query is too old and response timeout expired or query ID is invalid
Traceback (most recent call last):
  File "/home/kiya/Woo_Bot/src/main.py", line 47, in polling_loop
    await router.route(update)
  File "/home/kiya/Woo_Bot/src/handlers/router.py", line 72, in route
    await self._handle_callback(update)
  File "/home/kiya/Woo_Bot/src/handlers/router.py", line 153, in _handle_callback
    await self._bot.answer_callback_query(callback["id"])
  File "/home/kiya/Woo_Bot/src/bale/api.py", line 112, in answer_callback_query
    return await self.client.answer_callback_query(callback_query_id, text, show_alert)
           ^^^^^^^^^^^^^^^^^^^^^^^^^^^^^^^^^^^^^^^^^^^^^^^^^^^^^^^^^^^^^^^^^^^^^^^^^^^^
  File "/home/kiya/Woo_Bot/src/bale/client.py", line 246, in answer_callback_query
    return await self.post("answerCallbackQuery", payload)
           ^^^^^^^^^^^^^^^^^^^^^^^^^^^^^^^^^^^^^^^^^^^^^^^
  File "/home/kiya/Woo_Bot/src/bale/client.py", line 110, in post
    raise BaleAPIError(
src.bale.client.BaleAPIError: [400] Bad Request: query is too old and response timeout expired or query ID is invalid
2026-04-08 21:06:33 | ERROR    | woobot.main | Polling error: [400] Bad Request: query is too old and response timeout expired or query ID is invalid
Traceback (most recent call last):
  File "/home/kiya/Woo_Bot/src/main.py", line 47, in polling_loop
    await router.route(update)
  File "/home/kiya/Woo_Bot/src/handlers/router.py", line 72, in route
    await self._handle_callback(update)
  File "/home/kiya/Woo_Bot/src/handlers/router.py", line 153, in _handle_callback
    await self._bot.answer_callback_query(callback["id"])
  File "/home/kiya/Woo_Bot/src/bale/api.py", line 112, in answer_callback_query
    return await self.client.answer_callback_query(callback_query_id, text, show_alert)
           ^^^^^^^^^^^^^^^^^^^^^^^^^^^^^^^^^^^^^^^^^^^^^^^^^^^^^^^^^^^^^^^^^^^^^^^^^^^^
  File "/home/kiya/Woo_Bot/src/bale/client.py", line 246, in answer_callback_query
    return await self.post("answerCallbackQuery", payload)
           ^^^^^^^^^^^^^^^^^^^^^^^^^^^^^^^^^^^^^^^^^^^^^^^
  File "/home/kiya/Woo_Bot/src/bale/client.py", line 110, in post
    raise BaleAPIError(
src.bale.client.BaleAPIError: [400] Bad Request: query is too old and response timeout expired or query ID is invalid
2026-04-08 21:06:42 | INFO     | woobot.handlers.registration | Registration / login started for chat_id=921659350
2026-04-08 21:06:48 | INFO     | httpx | HTTP Request: POST https://rest.payamak-panel.com/api/SendSMS/SendSMS "HTTP/1.1 200 OK"
2026-04-08 21:06:48 | INFO     | woobot.auth.otp_service | OTP sent to 09128581871 (code=121570) – success=True – 1.11 s
2026-04-08 21:06:54 | INFO     | woobot.auth.otp_service | OTP verified successfully for 09128581871
2026-04-08 21:07:12 | INFO     | src.auth.user_manager | New user registered with store: 1
2026-04-08 21:07:12 | INFO     | woobot.handlers.registration | User 1 registered successfully
2026-04-08 21:31:04 | ERROR    | woobot.handlers.registration | Registration DB error
Traceback (most recent call last):
  File "/home/kiya/Woo_Bot/src/handlers/registration_handler.py", line 587, in _finalize_registration
    user = self._um.register(
           ^^^^^^^^^^^^^^^^^^
  File "/home/kiya/Woo_Bot/src/auth/user_manager.py", line 75, in register
    raise ValueError("این شماره تلفن قبلاً ثبت شده است")
ValueError: این شماره تلفن قبلاً ثبت شده است
2026-04-08 21:31:13 | INFO     | woobot.main | Polling cancelled.
2026-04-08 21:31:13 | INFO     | woobot.bale.client | BaleHttpClient session closed.
2026-04-08 21:31:13 | INFO     | woobot.bale.api | BaleBot session closed (client stopped).
2026-04-08 21:31:13 | INFO     | woobot.main | WooBot stopped.
2026-04-08 21:34:48 | INFO     | root | Logging initialized — level=INFO file=logs/woobot.log
2026-04-08 21:34:48 | INFO     | woobot.main | WooBot starting...
2026-04-08 21:34:48 | INFO     | src.database.db_manager | ✅ Database initialized successfully.
2026-04-08 21:34:48 | INFO     | woobot.main | Database ready.
2026-04-08 21:34:48 | INFO     | woobot.bale.client | BaleHttpClient session started.
2026-04-08 21:34:48 | INFO     | woobot.bale.api | BaleBot session opened (client started).
2026-04-08 21:34:48 | INFO     | woobot.main | BaleBot session opened.
2026-04-08 21:34:48 | INFO     | woobot.main | Polling loop started.
2026-04-08 21:34:52 | INFO     | woobot.handlers.registration | Registration / login started for chat_id=921659350
2026-04-08 21:34:56 | INFO     | src.auth.user_manager | User 1 logged in successfully
2026-04-08 21:34:56 | INFO     | httpx | HTTP Request: POST https://rest.payamak-panel.com/api/SendSMS/SendSMS "HTTP/1.1 200 OK"
2026-04-08 21:34:56 | INFO     | woobot.auth.otp_service | OTP sent to 09128581871 (code=608106) – success=True – 0.35 s
2026-04-08 21:35:02 | INFO     | woobot.auth.otp_service | OTP verified successfully for 09128581871
2026-04-08 21:35:02 | INFO     | woobot.handlers.registration | Login success | chat_id=921659350 phone=09128581871
2026-04-08 21:37:33 | INFO     | woobot.main | Polling cancelled.
2026-04-08 21:37:33 | INFO     | woobot.bale.client | BaleHttpClient session closed.
2026-04-08 21:37:33 | INFO     | woobot.bale.api | BaleBot session closed (client stopped).
2026-04-08 21:37:33 | INFO     | woobot.main | WooBot stopped.
2026-04-08 21:37:39 | INFO     | root | Logging initialized — level=INFO file=logs/woobot.log
2026-04-08 21:37:39 | INFO     | woobot.main | WooBot starting...
2026-04-08 21:37:39 | INFO     | src.database.db_manager | ✅ Database initialized successfully.
2026-04-08 21:37:39 | INFO     | woobot.main | Database ready.
2026-04-08 21:37:39 | INFO     | woobot.bale.client | BaleHttpClient session started.
2026-04-08 21:37:39 | INFO     | woobot.bale.api | BaleBot session opened (client started).
2026-04-08 21:37:39 | INFO     | woobot.main | BaleBot session opened.
2026-04-08 21:37:39 | INFO     | woobot.main | Polling loop started.
2026-04-08 21:37:48 | INFO     | woobot.handlers.registration | Registration / login started for chat_id=921659350
2026-04-08 21:37:55 | INFO     | httpx | HTTP Request: POST https://rest.payamak-panel.com/api/SendSMS/SendSMS "HTTP/1.1 200 OK"
2026-04-08 21:37:55 | INFO     | woobot.auth.otp_service | OTP sent to 09128581871 (code=115791) – success=True – 1.33 s
2026-04-08 21:38:02 | INFO     | woobot.auth.otp_service | OTP verified successfully for 09128581871
2026-04-08 21:38:17 | INFO     | src.auth.user_manager | New user registered with store: 1
2026-04-08 21:38:17 | INFO     | woobot.handlers.registration | User 1 registered successfully
2026-04-08 21:38:45 | INFO     | woobot.handlers.registration | Registration / login started for chat_id=921659350
2026-04-08 21:38:47 | INFO     | woobot.handlers.registration | Registration / login started for chat_id=921659350
2026-04-08 21:38:53 | INFO     | src.auth.user_manager | User 1 logged in successfully
2026-04-08 21:38:53 | INFO     | httpx | HTTP Request: POST https://rest.payamak-panel.com/api/SendSMS/SendSMS "HTTP/1.1 200 OK"
2026-04-08 21:38:53 | INFO     | woobot.auth.otp_service | OTP sent to 09128581871 (code=779619) – success=True – 0.24 s
2026-04-08 21:38:58 | INFO     | woobot.auth.otp_service | OTP verified successfully for 09128581871
2026-04-08 21:38:58 | INFO     | woobot.handlers.registration | Login success | chat_id=921659350 phone=09128581871
2026-04-08 22:15:27 | INFO     | woobot.main | Polling cancelled.
2026-04-08 22:15:27 | INFO     | woobot.bale.client | BaleHttpClient session closed.
2026-04-08 22:15:27 | INFO     | woobot.bale.api | BaleBot session closed (client stopped).
2026-04-08 22:15:27 | INFO     | woobot.main | WooBot stopped.
2026-04-09 11:13:12 | INFO     | root | Logging initialized — level=INFO file=logs/woobot.log
2026-04-09 11:13:12 | INFO     | woobot.main | WooBot starting...
2026-04-09 11:13:12 | INFO     | src.database.db_manager | ✅ Database initialized successfully.
2026-04-09 11:13:12 | INFO     | woobot.main | Database ready.
2026-04-09 11:13:13 | INFO     | woobot.bale.client | BaleHttpClient session started.
2026-04-09 11:13:13 | INFO     | woobot.bale.api | BaleBot session opened (client started).
2026-04-09 11:13:13 | INFO     | woobot.main | BaleBot session opened.
2026-04-09 11:13:13 | INFO     | woobot.main | Polling loop started.
2026-04-09 11:13:31 | INFO     | woobot.handlers.registration | Registration / login started for chat_id=921659350
2026-04-09 11:13:37 | INFO     | httpx | HTTP Request: POST https://rest.payamak-panel.com/api/SendSMS/SendSMS "HTTP/1.1 200 OK"
2026-04-09 11:13:37 | INFO     | woobot.auth.otp_service | OTP sent to 09128581871 (code=969044) – success=True – 1.10 s
2026-04-09 11:13:43 | INFO     | woobot.auth.otp_service | OTP verified successfully for 09128581871
2026-04-09 11:14:04 | INFO     | src.auth.user_manager | New user registered with store: 1
2026-04-09 11:14:04 | INFO     | woobot.handlers.registration | User 1 registered successfully
2026-04-09 11:23:54 | INFO     | woobot.main | Polling cancelled.
2026-04-09 11:23:54 | INFO     | woobot.bale.client | BaleHttpClient session closed.
2026-04-09 11:23:54 | INFO     | woobot.bale.api | BaleBot session closed (client stopped).
2026-04-09 11:23:54 | INFO     | woobot.main | WooBot stopped.
2026-04-09 11:23:57 | INFO     | root | Logging initialized — level=INFO file=logs/woobot.log
2026-04-09 11:23:57 | INFO     | woobot.main | WooBot starting...
2026-04-09 11:23:57 | INFO     | src.database.db_manager | ✅ Database initialized successfully.
2026-04-09 11:23:57 | INFO     | woobot.main | Database ready.
2026-04-09 11:23:57 | INFO     | woobot.bale.client | BaleHttpClient session started.
2026-04-09 11:23:57 | INFO     | woobot.bale.api | BaleBot session opened (client started).
2026-04-09 11:23:57 | INFO     | woobot.main | BaleBot session opened.
2026-04-09 11:23:57 | INFO     | woobot.main | Polling loop started.
2026-04-09 11:23:59 | INFO     | woobot.handlers.registration | Registration / login started for chat_id=921659350
2026-04-09 11:24:03 | INFO     | src.auth.user_manager | User 1 logged in successfully
2026-04-09 11:24:04 | INFO     | httpx | HTTP Request: POST https://rest.payamak-panel.com/api/SendSMS/SendSMS "HTTP/1.1 200 OK"
2026-04-09 11:24:04 | INFO     | woobot.auth.otp_service | OTP sent to 09128581871 (code=382042) – success=True – 0.89 s
2026-04-09 11:24:09 | INFO     | woobot.auth.otp_service | OTP verified successfully for 09128581871
2026-04-09 11:24:09 | INFO     | woobot.handlers.registration | Login success | chat_id=921659350 phone=09128581871
2026-04-09 11:24:40 | INFO     | woobot.main | Polling cancelled.
2026-04-09 11:24:40 | INFO     | woobot.bale.client | BaleHttpClient session closed.
2026-04-09 11:24:40 | INFO     | woobot.bale.api | BaleBot session closed (client stopped).
2026-04-09 11:24:40 | INFO     | woobot.main | WooBot stopped.
2026-04-09 11:37:39 | INFO     | root | Logging initialized — level=INFO file=logs/woobot.log
2026-04-09 11:37:39 | INFO     | woobot.main | WooBot starting...
2026-04-09 11:37:39 | INFO     | src.database.db_manager | ✅ Database initialized successfully.
2026-04-09 11:37:39 | INFO     | woobot.main | Database ready.
2026-04-09 11:37:39 | INFO     | woobot.bale.client | BaleHttpClient session started.
2026-04-09 11:37:39 | INFO     | woobot.bale.api | BaleBot session opened (client started).
2026-04-09 11:37:39 | INFO     | woobot.main | BaleBot session opened.
2026-04-09 11:37:39 | INFO     | woobot.main | Polling loop started.
2026-04-09 11:38:09 | WARNING  | woobot.bale.client | GET getUpdates attempt 1/3 failed: 
2026-04-09 11:38:32 | WARNING  | woobot.bale.client | GET getUpdates attempt 2/3 failed: Cannot connect to host tapi.bale.ai:443 ssl:default [Connection reset by peer]
2026-04-09 11:39:07 | WARNING  | woobot.bale.client | GET getUpdates attempt 3/3 failed: 
2026-04-09 11:39:07 | ERROR    | woobot.main | Polling error: GET failed after 3 retries: 
Traceback (most recent call last):
  File "/home/kiya/Woo_Bot/venv/lib/python3.12/site-packages/aiohttp/client_reqrep.py", line 539, in start
    message, payload = await protocol.read()  # type: ignore[union-attr]
                       ^^^^^^^^^^^^^^^^^^^^^
  File "/home/kiya/Woo_Bot/venv/lib/python3.12/site-packages/aiohttp/streams.py", line 707, in read
    await self._waiter
asyncio.exceptions.CancelledError

The above exception was the direct cause of the following exception:

Traceback (most recent call last):
  File "/home/kiya/Woo_Bot/src/bale/client.py", line 150, in get
    async with self._session.get(url, params=params) as resp:
  File "/home/kiya/Woo_Bot/venv/lib/python3.12/site-packages/aiohttp/client.py", line 1521, in __aenter__
    self._resp: _RetType = await self._coro
                           ^^^^^^^^^^^^^^^^
  File "/home/kiya/Woo_Bot/venv/lib/python3.12/site-packages/aiohttp/client.py", line 788, in _request
    resp = await handler(req)
           ^^^^^^^^^^^^^^^^^^
  File "/home/kiya/Woo_Bot/venv/lib/python3.12/site-packages/aiohttp/client.py", line 766, in _connect_and_send_request
    await resp.start(conn)
  File "/home/kiya/Woo_Bot/venv/lib/python3.12/site-packages/aiohttp/client_reqrep.py", line 534, in start
    with self._timer:
  File "/home/kiya/Woo_Bot/venv/lib/python3.12/site-packages/aiohttp/helpers.py", line 713, in __exit__
    raise asyncio.TimeoutError from exc_val
TimeoutError

The above exception was the direct cause of the following exception:

Traceback (most recent call last):
  File "/home/kiya/Woo_Bot/src/main.py", line 42, in polling_loop
    response = await bot.get_updates(offset=offset, timeout=POLL_TIMEOUT)
               ^^^^^^^^^^^^^^^^^^^^^^^^^^^^^^^^^^^^^^^^^^^^^^^^^^^^^^^^^^
  File "/home/kiya/Woo_Bot/src/bale/api.py", line 67, in get_updates
    return await self.client.get_updates(offset=offset, timeout=timeout)
           ^^^^^^^^^^^^^^^^^^^^^^^^^^^^^^^^^^^^^^^^^^^^^^^^^^^^^^^^^^^^^
  File "/home/kiya/Woo_Bot/src/bale/client.py", line 189, in get_updates
    return await self.get(
           ^^^^^^^^^^^^^^^
  File "/home/kiya/Woo_Bot/src/bale/client.py", line 175, in get
    raise BaleNetworkError(
src.bale.client.BaleNetworkError: GET failed after 3 retries: 
2026-04-09 11:39:41 | WARNING  | woobot.bale.client | GET getUpdates attempt 1/3 failed: 
2026-04-09 11:40:14 | WARNING  | woobot.bale.client | GET getUpdates attempt 2/3 failed: 
2026-04-09 11:40:49 | WARNING  | woobot.bale.client | GET getUpdates attempt 3/3 failed: 
2026-04-09 11:40:49 | ERROR    | woobot.main | Polling error: GET failed after 3 retries: 
Traceback (most recent call last):
  File "/home/kiya/Woo_Bot/venv/lib/python3.12/site-packages/aiohttp/client_reqrep.py", line 539, in start
    message, payload = await protocol.read()  # type: ignore[union-attr]
                       ^^^^^^^^^^^^^^^^^^^^^
  File "/home/kiya/Woo_Bot/venv/lib/python3.12/site-packages/aiohttp/streams.py", line 707, in read
    await self._waiter
asyncio.exceptions.CancelledError

The above exception was the direct cause of the following exception:

Traceback (most recent call last):
  File "/home/kiya/Woo_Bot/src/bale/client.py", line 150, in get
    async with self._session.get(url, params=params) as resp:
  File "/home/kiya/Woo_Bot/venv/lib/python3.12/site-packages/aiohttp/client.py", line 1521, in __aenter__
    self._resp: _RetType = await self._coro
                           ^^^^^^^^^^^^^^^^
  File "/home/kiya/Woo_Bot/venv/lib/python3.12/site-packages/aiohttp/client.py", line 788, in _request
    resp = await handler(req)
           ^^^^^^^^^^^^^^^^^^
  File "/home/kiya/Woo_Bot/venv/lib/python3.12/site-packages/aiohttp/client.py", line 766, in _connect_and_send_request
    await resp.start(conn)
  File "/home/kiya/Woo_Bot/venv/lib/python3.12/site-packages/aiohttp/client_reqrep.py", line 534, in start
    with self._timer:
  File "/home/kiya/Woo_Bot/venv/lib/python3.12/site-packages/aiohttp/helpers.py", line 713, in __exit__
    raise asyncio.TimeoutError from exc_val
TimeoutError

The above exception was the direct cause of the following exception:

Traceback (most recent call last):
  File "/home/kiya/Woo_Bot/src/main.py", line 42, in polling_loop
    response = await bot.get_updates(offset=offset, timeout=POLL_TIMEOUT)
               ^^^^^^^^^^^^^^^^^^^^^^^^^^^^^^^^^^^^^^^^^^^^^^^^^^^^^^^^^^
  File "/home/kiya/Woo_Bot/src/bale/api.py", line 67, in get_updates
    return await self.client.get_updates(offset=offset, timeout=timeout)
           ^^^^^^^^^^^^^^^^^^^^^^^^^^^^^^^^^^^^^^^^^^^^^^^^^^^^^^^^^^^^^
  File "/home/kiya/Woo_Bot/src/bale/client.py", line 189, in get_updates
    return await self.get(
           ^^^^^^^^^^^^^^^
  File "/home/kiya/Woo_Bot/src/bale/client.py", line 175, in get
    raise BaleNetworkError(
src.bale.client.BaleNetworkError: GET failed after 3 retries: 
2026-04-09 11:41:23 | WARNING  | woobot.bale.client | GET getUpdates attempt 1/3 failed: 
2026-04-09 11:43:11 | INFO     | woobot.handlers.registration | Registration / login started for chat_id=921659350
2026-04-09 11:43:16 | INFO     | src.auth.user_manager | User 1 logged in successfully
2026-04-09 11:43:16 | INFO     | httpx | HTTP Request: POST https://rest.payamak-panel.com/api/SendSMS/SendSMS "HTTP/1.1 200 OK"
2026-04-09 11:43:16 | INFO     | woobot.auth.otp_service | OTP sent to 09128581871 (code=671571) – success=True – 0.48 s
2026-04-09 11:43:24 | INFO     | woobot.auth.otp_service | OTP verified successfully for 09128581871
2026-04-09 11:43:24 | INFO     | woobot.handlers.registration | Login success | chat_id=921659350 phone=09128581871
2026-04-09 13:30:25 | INFO     | root | Logging initialized — level=INFO file=logs/woobot.log
2026-04-09 13:30:25 | INFO     | woobot.main | WooBot starting...
2026-04-09 13:30:25 | INFO     | src.database.db_manager | ✅ Database initialized successfully.
2026-04-09 13:30:25 | INFO     | woobot.main | Database ready.
2026-04-09 13:30:25 | INFO     | woobot.bale.client | BaleHttpClient session started.
2026-04-09 13:30:25 | INFO     | woobot.bale.api | BaleBot session opened (client started).
2026-04-09 13:30:25 | INFO     | woobot.main | BaleBot session opened.
2026-04-09 13:30:25 | INFO     | woobot.main | Polling loop started.
2026-04-09 13:36:13 | INFO     | woobot.handlers.registration | Registration / login started for chat_id=921659350
2026-04-09 14:51:35 | WARNING  | woobot.bale.client | GET getUpdates attempt 1/3 failed: 
2026-04-09 14:52:08 | WARNING  | woobot.bale.client | GET getUpdates attempt 2/3 failed: 
2026-04-09 14:57:34 | WARNING  | woobot.bale.client | GET getUpdates attempt 3/3 failed: 
2026-04-09 14:57:34 | ERROR    | woobot.main | Polling error: GET failed after 3 retries: 
Traceback (most recent call last):
  File "/home/kiya/Woo_Bot/venv/lib/python3.12/site-packages/aiohttp/client.py", line 788, in _request
    resp = await handler(req)
           ^^^^^^^^^^^^^^^^^^
  File "/home/kiya/Woo_Bot/venv/lib/python3.12/site-packages/aiohttp/client.py", line 742, in _connect_and_send_request
    conn = await self._connector.connect(
           ^^^^^^^^^^^^^^^^^^^^^^^^^^^^^^
  File "/home/kiya/Woo_Bot/venv/lib/python3.12/site-packages/aiohttp/connector.py", line 672, in connect
    proto = await self._create_connection(req, traces, timeout)
            ^^^^^^^^^^^^^^^^^^^^^^^^^^^^^^^^^^^^^^^^^^^^^^^^^^^
  File "/home/kiya/Woo_Bot/venv/lib/python3.12/site-packages/aiohttp/connector.py", line 1251, in _create_connection
    _, proto = await self._create_direct_connection(req, traces, timeout)
               ^^^^^^^^^^^^^^^^^^^^^^^^^^^^^^^^^^^^^^^^^^^^^^^^^^^^^^^^^^
  File "/home/kiya/Woo_Bot/venv/lib/python3.12/site-packages/aiohttp/connector.py", line 1592, in _create_direct_connection
    transp, proto = await self._wrap_create_connection(
                    ^^^^^^^^^^^^^^^^^^^^^^^^^^^^^^^^^^^
  File "/home/kiya/Woo_Bot/venv/lib/python3.12/site-packages/aiohttp/connector.py", line 1325, in _wrap_create_connection
    return await self._loop.create_connection(*args, **kwargs, sock=sock)
           ^^^^^^^^^^^^^^^^^^^^^^^^^^^^^^^^^^^^^^^^^^^^^^^^^^^^^^^^^^^^^^
  File "/usr/lib/python3.12/asyncio/base_events.py", line 1149, in create_connection
    transport, protocol = await self._create_connection_transport(
                          ^^^^^^^^^^^^^^^^^^^^^^^^^^^^^^^^^^^^^^^^
  File "/usr/lib/python3.12/asyncio/base_events.py", line 1182, in _create_connection_transport
    await waiter
asyncio.exceptions.CancelledError

The above exception was the direct cause of the following exception:

Traceback (most recent call last):
  File "/home/kiya/Woo_Bot/src/bale/client.py", line 150, in get
    async with self._session.get(url, params=params) as resp:
  File "/home/kiya/Woo_Bot/venv/lib/python3.12/site-packages/aiohttp/client.py", line 1521, in __aenter__
    self._resp: _RetType = await self._coro
                           ^^^^^^^^^^^^^^^^
  File "/home/kiya/Woo_Bot/venv/lib/python3.12/site-packages/aiohttp/client.py", line 632, in _request
    with timer:
  File "/home/kiya/Woo_Bot/venv/lib/python3.12/site-packages/aiohttp/helpers.py", line 713, in __exit__
    raise asyncio.TimeoutError from exc_val
TimeoutError

The above exception was the direct cause of the following exception:

Traceback (most recent call last):
  File "/home/kiya/Woo_Bot/src/main.py", line 42, in polling_loop
    response = await bot.get_updates(offset=offset, timeout=POLL_TIMEOUT)
               ^^^^^^^^^^^^^^^^^^^^^^^^^^^^^^^^^^^^^^^^^^^^^^^^^^^^^^^^^^
  File "/home/kiya/Woo_Bot/src/bale/api.py", line 67, in get_updates
    return await self.client.get_updates(offset=offset, timeout=timeout)
           ^^^^^^^^^^^^^^^^^^^^^^^^^^^^^^^^^^^^^^^^^^^^^^^^^^^^^^^^^^^^^
  File "/home/kiya/Woo_Bot/src/bale/client.py", line 189, in get_updates
    return await self.get(
           ^^^^^^^^^^^^^^^
  File "/home/kiya/Woo_Bot/src/bale/client.py", line 175, in get
    raise BaleNetworkError(
src.bale.client.BaleNetworkError: GET failed after 3 retries: 
2026-04-09 14:58:28 | WARNING  | woobot.bale.client | GET getUpdates attempt 1/3 failed: 
2026-04-09 14:59:41 | WARNING  | woobot.bale.client | GET getUpdates attempt 1/3 failed: 
2026-04-09 15:00:14 | WARNING  | woobot.bale.client | GET getUpdates attempt 2/3 failed: 
2026-04-09 19:33:30 | WARNING  | woobot.bale.client | GET getUpdates attempt 1/3 failed: 
2026-04-09 19:34:03 | WARNING  | woobot.bale.client | GET getUpdates attempt 2/3 failed: 
2026-04-09 19:34:38 | WARNING  | woobot.bale.client | GET getUpdates attempt 3/3 failed: 
2026-04-09 19:34:38 | ERROR    | woobot.main | Polling error: GET failed after 3 retries: 
Traceback (most recent call last):
  File "/home/kiya/Woo_Bot/venv/lib/python3.12/site-packages/aiohttp/client.py", line 788, in _request
    resp = await handler(req)
           ^^^^^^^^^^^^^^^^^^
  File "/home/kiya/Woo_Bot/venv/lib/python3.12/site-packages/aiohttp/client.py", line 742, in _connect_and_send_request
    conn = await self._connector.connect(
           ^^^^^^^^^^^^^^^^^^^^^^^^^^^^^^
  File "/home/kiya/Woo_Bot/venv/lib/python3.12/site-packages/aiohttp/connector.py", line 672, in connect
    proto = await self._create_connection(req, traces, timeout)
            ^^^^^^^^^^^^^^^^^^^^^^^^^^^^^^^^^^^^^^^^^^^^^^^^^^^
  File "/home/kiya/Woo_Bot/venv/lib/python3.12/site-packages/aiohttp/connector.py", line 1251, in _create_connection
    _, proto = await self._create_direct_connection(req, traces, timeout)
               ^^^^^^^^^^^^^^^^^^^^^^^^^^^^^^^^^^^^^^^^^^^^^^^^^^^^^^^^^^
  File "/home/kiya/Woo_Bot/venv/lib/python3.12/site-packages/aiohttp/connector.py", line 1592, in _create_direct_connection
    transp, proto = await self._wrap_create_connection(
                    ^^^^^^^^^^^^^^^^^^^^^^^^^^^^^^^^^^^
  File "/home/kiya/Woo_Bot/venv/lib/python3.12/site-packages/aiohttp/connector.py", line 1310, in _wrap_create_connection
    sock = await aiohappyeyeballs.start_connection(
           ^^^^^^^^^^^^^^^^^^^^^^^^^^^^^^^^^^^^^^^^
  File "/home/kiya/Woo_Bot/venv/lib/python3.12/site-packages/aiohappyeyeballs/impl.py", line 73, in start_connection
    sock = await _connect_sock(
           ^^^^^^^^^^^^^^^^^^^^
  File "/home/kiya/Woo_Bot/venv/lib/python3.12/site-packages/aiohappyeyeballs/impl.py", line 208, in _connect_sock
    await loop.sock_connect(sock, address)
  File "/usr/lib/python3.12/asyncio/selector_events.py", line 651, in sock_connect
    return await fut
           ^^^^^^^^^
asyncio.exceptions.CancelledError

The above exception was the direct cause of the following exception:

Traceback (most recent call last):
  File "/home/kiya/Woo_Bot/src/bale/client.py", line 150, in get
    async with self._session.get(url, params=params) as resp:
  File "/home/kiya/Woo_Bot/venv/lib/python3.12/site-packages/aiohttp/client.py", line 1521, in __aenter__
    self._resp: _RetType = await self._coro
                           ^^^^^^^^^^^^^^^^
  File "/home/kiya/Woo_Bot/venv/lib/python3.12/site-packages/aiohttp/client.py", line 632, in _request
    with timer:
  File "/home/kiya/Woo_Bot/venv/lib/python3.12/site-packages/aiohttp/helpers.py", line 713, in __exit__
    raise asyncio.TimeoutError from exc_val
TimeoutError

The above exception was the direct cause of the following exception:

Traceback (most recent call last):
  File "/home/kiya/Woo_Bot/src/main.py", line 42, in polling_loop
    response = await bot.get_updates(offset=offset, timeout=POLL_TIMEOUT)
               ^^^^^^^^^^^^^^^^^^^^^^^^^^^^^^^^^^^^^^^^^^^^^^^^^^^^^^^^^^
  File "/home/kiya/Woo_Bot/src/bale/api.py", line 67, in get_updates
    return await self.client.get_updates(offset=offset, timeout=timeout)
           ^^^^^^^^^^^^^^^^^^^^^^^^^^^^^^^^^^^^^^^^^^^^^^^^^^^^^^^^^^^^^
  File "/home/kiya/Woo_Bot/src/bale/client.py", line 189, in get_updates
    return await self.get(
           ^^^^^^^^^^^^^^^
  File "/home/kiya/Woo_Bot/src/bale/client.py", line 175, in get
    raise BaleNetworkError(
src.bale.client.BaleNetworkError: GET failed after 3 retries: 
2026-04-09 19:35:12 | WARNING  | woobot.bale.client | GET getUpdates attempt 1/3 failed: 
2026-04-09 19:35:45 | WARNING  | woobot.bale.client | GET getUpdates attempt 2/3 failed: 
2026-04-09 19:36:20 | WARNING  | woobot.bale.client | GET getUpdates attempt 3/3 failed: 
2026-04-09 19:36:20 | ERROR    | woobot.main | Polling error: GET failed after 3 retries: 
Traceback (most recent call last):
  File "/home/kiya/Woo_Bot/venv/lib/python3.12/site-packages/aiohttp/client.py", line 788, in _request
    resp = await handler(req)
           ^^^^^^^^^^^^^^^^^^
  File "/home/kiya/Woo_Bot/venv/lib/python3.12/site-packages/aiohttp/client.py", line 742, in _connect_and_send_request
    conn = await self._connector.connect(
           ^^^^^^^^^^^^^^^^^^^^^^^^^^^^^^
  File "/home/kiya/Woo_Bot/venv/lib/python3.12/site-packages/aiohttp/connector.py", line 672, in connect
    proto = await self._create_connection(req, traces, timeout)
            ^^^^^^^^^^^^^^^^^^^^^^^^^^^^^^^^^^^^^^^^^^^^^^^^^^^
  File "/home/kiya/Woo_Bot/venv/lib/python3.12/site-packages/aiohttp/connector.py", line 1251, in _create_connection
    _, proto = await self._create_direct_connection(req, traces, timeout)
               ^^^^^^^^^^^^^^^^^^^^^^^^^^^^^^^^^^^^^^^^^^^^^^^^^^^^^^^^^^
  File "/home/kiya/Woo_Bot/venv/lib/python3.12/site-packages/aiohttp/connector.py", line 1592, in _create_direct_connection
    transp, proto = await self._wrap_create_connection(
                    ^^^^^^^^^^^^^^^^^^^^^^^^^^^^^^^^^^^
  File "/home/kiya/Woo_Bot/venv/lib/python3.12/site-packages/aiohttp/connector.py", line 1310, in _wrap_create_connection
    sock = await aiohappyeyeballs.start_connection(
           ^^^^^^^^^^^^^^^^^^^^^^^^^^^^^^^^^^^^^^^^
  File "/home/kiya/Woo_Bot/venv/lib/python3.12/site-packages/aiohappyeyeballs/impl.py", line 73, in start_connection
    sock = await _connect_sock(
           ^^^^^^^^^^^^^^^^^^^^
  File "/home/kiya/Woo_Bot/venv/lib/python3.12/site-packages/aiohappyeyeballs/impl.py", line 208, in _connect_sock
    await loop.sock_connect(sock, address)
  File "/usr/lib/python3.12/asyncio/selector_events.py", line 651, in sock_connect
    return await fut
           ^^^^^^^^^
asyncio.exceptions.CancelledError

The above exception was the direct cause of the following exception:

Traceback (most recent call last):
  File "/home/kiya/Woo_Bot/src/bale/client.py", line 150, in get
    async with self._session.get(url, params=params) as resp:
  File "/home/kiya/Woo_Bot/venv/lib/python3.12/site-packages/aiohttp/client.py", line 1521, in __aenter__
    self._resp: _RetType = await self._coro
                           ^^^^^^^^^^^^^^^^
  File "/home/kiya/Woo_Bot/venv/lib/python3.12/site-packages/aiohttp/client.py", line 632, in _request
    with timer:
  File "/home/kiya/Woo_Bot/venv/lib/python3.12/site-packages/aiohttp/helpers.py", line 713, in __exit__
    raise asyncio.TimeoutError from exc_val
TimeoutError

The above exception was the direct cause of the following exception:

Traceback (most recent call last):
  File "/home/kiya/Woo_Bot/src/main.py", line 42, in polling_loop
    response = await bot.get_updates(offset=offset, timeout=POLL_TIMEOUT)
               ^^^^^^^^^^^^^^^^^^^^^^^^^^^^^^^^^^^^^^^^^^^^^^^^^^^^^^^^^^
  File "/home/kiya/Woo_Bot/src/bale/api.py", line 67, in get_updates
    return await self.client.get_updates(offset=offset, timeout=timeout)
           ^^^^^^^^^^^^^^^^^^^^^^^^^^^^^^^^^^^^^^^^^^^^^^^^^^^^^^^^^^^^^
  File "/home/kiya/Woo_Bot/src/bale/client.py", line 189, in get_updates
    return await self.get(
           ^^^^^^^^^^^^^^^
  File "/home/kiya/Woo_Bot/src/bale/client.py", line 175, in get
    raise BaleNetworkError(
src.bale.client.BaleNetworkError: GET failed after 3 retries: 
2026-04-09 19:36:54 | WARNING  | woobot.bale.client | GET getUpdates attempt 1/3 failed: 
2026-04-09 19:37:27 | WARNING  | woobot.bale.client | GET getUpdates attempt 2/3 failed: 
2026-04-09 19:38:02 | WARNING  | woobot.bale.client | GET getUpdates attempt 3/3 failed: 
2026-04-09 19:38:02 | ERROR    | woobot.main | Polling error: GET failed after 3 retries: 
Traceback (most recent call last):
  File "/home/kiya/Woo_Bot/venv/lib/python3.12/site-packages/aiohttp/client.py", line 788, in _request
    resp = await handler(req)
           ^^^^^^^^^^^^^^^^^^
  File "/home/kiya/Woo_Bot/venv/lib/python3.12/site-packages/aiohttp/client.py", line 742, in _connect_and_send_request
    conn = await self._connector.connect(
           ^^^^^^^^^^^^^^^^^^^^^^^^^^^^^^
  File "/home/kiya/Woo_Bot/venv/lib/python3.12/site-packages/aiohttp/connector.py", line 672, in connect
    proto = await self._create_connection(req, traces, timeout)
            ^^^^^^^^^^^^^^^^^^^^^^^^^^^^^^^^^^^^^^^^^^^^^^^^^^^
  File "/home/kiya/Woo_Bot/venv/lib/python3.12/site-packages/aiohttp/connector.py", line 1251, in _create_connection
    _, proto = await self._create_direct_connection(req, traces, timeout)
               ^^^^^^^^^^^^^^^^^^^^^^^^^^^^^^^^^^^^^^^^^^^^^^^^^^^^^^^^^^
  File "/home/kiya/Woo_Bot/venv/lib/python3.12/site-packages/aiohttp/connector.py", line 1592, in _create_direct_connection
    transp, proto = await self._wrap_create_connection(
                    ^^^^^^^^^^^^^^^^^^^^^^^^^^^^^^^^^^^
  File "/home/kiya/Woo_Bot/venv/lib/python3.12/site-packages/aiohttp/connector.py", line 1310, in _wrap_create_connection
    sock = await aiohappyeyeballs.start_connection(
           ^^^^^^^^^^^^^^^^^^^^^^^^^^^^^^^^^^^^^^^^
  File "/home/kiya/Woo_Bot/venv/lib/python3.12/site-packages/aiohappyeyeballs/impl.py", line 73, in start_connection
    sock = await _connect_sock(
           ^^^^^^^^^^^^^^^^^^^^
  File "/home/kiya/Woo_Bot/venv/lib/python3.12/site-packages/aiohappyeyeballs/impl.py", line 208, in _connect_sock
    await loop.sock_connect(sock, address)
  File "/usr/lib/python3.12/asyncio/selector_events.py", line 651, in sock_connect
    return await fut
           ^^^^^^^^^
asyncio.exceptions.CancelledError

The above exception was the direct cause of the following exception:

Traceback (most recent call last):
  File "/home/kiya/Woo_Bot/src/bale/client.py", line 150, in get
    async with self._session.get(url, params=params) as resp:
  File "/home/kiya/Woo_Bot/venv/lib/python3.12/site-packages/aiohttp/client.py", line 1521, in __aenter__
    self._resp: _RetType = await self._coro
                           ^^^^^^^^^^^^^^^^
  File "/home/kiya/Woo_Bot/venv/lib/python3.12/site-packages/aiohttp/client.py", line 632, in _request
    with timer:
  File "/home/kiya/Woo_Bot/venv/lib/python3.12/site-packages/aiohttp/helpers.py", line 713, in __exit__
    raise asyncio.TimeoutError from exc_val
TimeoutError

The above exception was the direct cause of the following exception:

Traceback (most recent call last):
  File "/home/kiya/Woo_Bot/src/main.py", line 42, in polling_loop
    response = await bot.get_updates(offset=offset, timeout=POLL_TIMEOUT)
               ^^^^^^^^^^^^^^^^^^^^^^^^^^^^^^^^^^^^^^^^^^^^^^^^^^^^^^^^^^
  File "/home/kiya/Woo_Bot/src/bale/api.py", line 67, in get_updates
    return await self.client.get_updates(offset=offset, timeout=timeout)
           ^^^^^^^^^^^^^^^^^^^^^^^^^^^^^^^^^^^^^^^^^^^^^^^^^^^^^^^^^^^^^
  File "/home/kiya/Woo_Bot/src/bale/client.py", line 189, in get_updates
    return await self.get(
           ^^^^^^^^^^^^^^^
  File "/home/kiya/Woo_Bot/src/bale/client.py", line 175, in get
    raise BaleNetworkError(
src.bale.client.BaleNetworkError: GET failed after 3 retries: 
2026-04-09 19:38:36 | WARNING  | woobot.bale.client | GET getUpdates attempt 1/3 failed: 
2026-04-09 19:39:09 | WARNING  | woobot.bale.client | GET getUpdates attempt 2/3 failed: 
2026-04-09 19:39:44 | WARNING  | woobot.bale.client | GET getUpdates attempt 3/3 failed: 
2026-04-09 19:39:44 | ERROR    | woobot.main | Polling error: GET failed after 3 retries: 
Traceback (most recent call last):
  File "/home/kiya/Woo_Bot/venv/lib/python3.12/site-packages/aiohttp/client.py", line 788, in _request
    resp = await handler(req)
           ^^^^^^^^^^^^^^^^^^
  File "/home/kiya/Woo_Bot/venv/lib/python3.12/site-packages/aiohttp/client.py", line 742, in _connect_and_send_request
    conn = await self._connector.connect(
           ^^^^^^^^^^^^^^^^^^^^^^^^^^^^^^
  File "/home/kiya/Woo_Bot/venv/lib/python3.12/site-packages/aiohttp/connector.py", line 672, in connect
    proto = await self._create_connection(req, traces, timeout)
            ^^^^^^^^^^^^^^^^^^^^^^^^^^^^^^^^^^^^^^^^^^^^^^^^^^^
  File "/home/kiya/Woo_Bot/venv/lib/python3.12/site-packages/aiohttp/connector.py", line 1251, in _create_connection
    _, proto = await self._create_direct_connection(req, traces, timeout)
               ^^^^^^^^^^^^^^^^^^^^^^^^^^^^^^^^^^^^^^^^^^^^^^^^^^^^^^^^^^
  File "/home/kiya/Woo_Bot/venv/lib/python3.12/site-packages/aiohttp/connector.py", line 1592, in _create_direct_connection
    transp, proto = await self._wrap_create_connection(
                    ^^^^^^^^^^^^^^^^^^^^^^^^^^^^^^^^^^^
  File "/home/kiya/Woo_Bot/venv/lib/python3.12/site-packages/aiohttp/connector.py", line 1310, in _wrap_create_connection
    sock = await aiohappyeyeballs.start_connection(
           ^^^^^^^^^^^^^^^^^^^^^^^^^^^^^^^^^^^^^^^^
  File "/home/kiya/Woo_Bot/venv/lib/python3.12/site-packages/aiohappyeyeballs/impl.py", line 73, in start_connection
    sock = await _connect_sock(
           ^^^^^^^^^^^^^^^^^^^^
  File "/home/kiya/Woo_Bot/venv/lib/python3.12/site-packages/aiohappyeyeballs/impl.py", line 208, in _connect_sock
    await loop.sock_connect(sock, address)
  File "/usr/lib/python3.12/asyncio/selector_events.py", line 651, in sock_connect
    return await fut
           ^^^^^^^^^
asyncio.exceptions.CancelledError

The above exception was the direct cause of the following exception:

Traceback (most recent call last):
  File "/home/kiya/Woo_Bot/src/bale/client.py", line 150, in get
    async with self._session.get(url, params=params) as resp:
  File "/home/kiya/Woo_Bot/venv/lib/python3.12/site-packages/aiohttp/client.py", line 1521, in __aenter__
    self._resp: _RetType = await self._coro
                           ^^^^^^^^^^^^^^^^
  File "/home/kiya/Woo_Bot/venv/lib/python3.12/site-packages/aiohttp/client.py", line 632, in _request
    with timer:
  File "/home/kiya/Woo_Bot/venv/lib/python3.12/site-packages/aiohttp/helpers.py", line 713, in __exit__
    raise asyncio.TimeoutError from exc_val
TimeoutError

The above exception was the direct cause of the following exception:

Traceback (most recent call last):
  File "/home/kiya/Woo_Bot/src/main.py", line 42, in polling_loop
    response = await bot.get_updates(offset=offset, timeout=POLL_TIMEOUT)
               ^^^^^^^^^^^^^^^^^^^^^^^^^^^^^^^^^^^^^^^^^^^^^^^^^^^^^^^^^^
  File "/home/kiya/Woo_Bot/src/bale/api.py", line 67, in get_updates
    return await self.client.get_updates(offset=offset, timeout=timeout)
           ^^^^^^^^^^^^^^^^^^^^^^^^^^^^^^^^^^^^^^^^^^^^^^^^^^^^^^^^^^^^^
  File "/home/kiya/Woo_Bot/src/bale/client.py", line 189, in get_updates
    return await self.get(
           ^^^^^^^^^^^^^^^
  File "/home/kiya/Woo_Bot/src/bale/client.py", line 175, in get
    raise BaleNetworkError(
src.bale.client.BaleNetworkError: GET failed after 3 retries: 
2026-04-09 19:40:18 | WARNING  | woobot.bale.client | GET getUpdates attempt 1/3 failed: 
2026-04-09 19:40:51 | WARNING  | woobot.bale.client | GET getUpdates attempt 2/3 failed: 
2026-04-09 19:41:26 | WARNING  | woobot.bale.client | GET getUpdates attempt 3/3 failed: 
2026-04-09 19:41:26 | ERROR    | woobot.main | Polling error: GET failed after 3 retries: 
Traceback (most recent call last):
  File "/home/kiya/Woo_Bot/venv/lib/python3.12/site-packages/aiohttp/client.py", line 788, in _request
    resp = await handler(req)
           ^^^^^^^^^^^^^^^^^^
  File "/home/kiya/Woo_Bot/venv/lib/python3.12/site-packages/aiohttp/client.py", line 742, in _connect_and_send_request
    conn = await self._connector.connect(
           ^^^^^^^^^^^^^^^^^^^^^^^^^^^^^^
  File "/home/kiya/Woo_Bot/venv/lib/python3.12/site-packages/aiohttp/connector.py", line 672, in connect
    proto = await self._create_connection(req, traces, timeout)
            ^^^^^^^^^^^^^^^^^^^^^^^^^^^^^^^^^^^^^^^^^^^^^^^^^^^
  File "/home/kiya/Woo_Bot/venv/lib/python3.12/site-packages/aiohttp/connector.py", line 1251, in _create_connection
    _, proto = await self._create_direct_connection(req, traces, timeout)
               ^^^^^^^^^^^^^^^^^^^^^^^^^^^^^^^^^^^^^^^^^^^^^^^^^^^^^^^^^^
  File "/home/kiya/Woo_Bot/venv/lib/python3.12/site-packages/aiohttp/connector.py", line 1592, in _create_direct_connection
    transp, proto = await self._wrap_create_connection(
                    ^^^^^^^^^^^^^^^^^^^^^^^^^^^^^^^^^^^
  File "/home/kiya/Woo_Bot/venv/lib/python3.12/site-packages/aiohttp/connector.py", line 1310, in _wrap_create_connection
    sock = await aiohappyeyeballs.start_connection(
           ^^^^^^^^^^^^^^^^^^^^^^^^^^^^^^^^^^^^^^^^
  File "/home/kiya/Woo_Bot/venv/lib/python3.12/site-packages/aiohappyeyeballs/impl.py", line 73, in start_connection
    sock = await _connect_sock(
           ^^^^^^^^^^^^^^^^^^^^
  File "/home/kiya/Woo_Bot/venv/lib/python3.12/site-packages/aiohappyeyeballs/impl.py", line 208, in _connect_sock
    await loop.sock_connect(sock, address)
  File "/usr/lib/python3.12/asyncio/selector_events.py", line 651, in sock_connect
    return await fut
           ^^^^^^^^^
asyncio.exceptions.CancelledError

The above exception was the direct cause of the following exception:

Traceback (most recent call last):
  File "/home/kiya/Woo_Bot/src/bale/client.py", line 150, in get
    async with self._session.get(url, params=params) as resp:
  File "/home/kiya/Woo_Bot/venv/lib/python3.12/site-packages/aiohttp/client.py", line 1521, in __aenter__
    self._resp: _RetType = await self._coro
                           ^^^^^^^^^^^^^^^^
  File "/home/kiya/Woo_Bot/venv/lib/python3.12/site-packages/aiohttp/client.py", line 632, in _request
    with timer:
  File "/home/kiya/Woo_Bot/venv/lib/python3.12/site-packages/aiohttp/helpers.py", line 713, in __exit__
    raise asyncio.TimeoutError from exc_val
TimeoutError

The above exception was the direct cause of the following exception:

Traceback (most recent call last):
  File "/home/kiya/Woo_Bot/src/main.py", line 42, in polling_loop
    response = await bot.get_updates(offset=offset, timeout=POLL_TIMEOUT)
               ^^^^^^^^^^^^^^^^^^^^^^^^^^^^^^^^^^^^^^^^^^^^^^^^^^^^^^^^^^
  File "/home/kiya/Woo_Bot/src/bale/api.py", line 67, in get_updates
    return await self.client.get_updates(offset=offset, timeout=timeout)
           ^^^^^^^^^^^^^^^^^^^^^^^^^^^^^^^^^^^^^^^^^^^^^^^^^^^^^^^^^^^^^
  File "/home/kiya/Woo_Bot/src/bale/client.py", line 189, in get_updates
    return await self.get(
           ^^^^^^^^^^^^^^^
  File "/home/kiya/Woo_Bot/src/bale/client.py", line 175, in get
    raise BaleNetworkError(
src.bale.client.BaleNetworkError: GET failed after 3 retries: 
2026-04-09 19:42:00 | WARNING  | woobot.bale.client | GET getUpdates attempt 1/3 failed: 
2026-04-09 19:42:33 | WARNING  | woobot.bale.client | GET getUpdates attempt 2/3 failed: 
2026-04-09 19:43:08 | WARNING  | woobot.bale.client | GET getUpdates attempt 3/3 failed: 
2026-04-09 19:43:08 | ERROR    | woobot.main | Polling error: GET failed after 3 retries: 
Traceback (most recent call last):
  File "/home/kiya/Woo_Bot/venv/lib/python3.12/site-packages/aiohttp/client.py", line 788, in _request
    resp = await handler(req)
           ^^^^^^^^^^^^^^^^^^
  File "/home/kiya/Woo_Bot/venv/lib/python3.12/site-packages/aiohttp/client.py", line 742, in _connect_and_send_request
    conn = await self._connector.connect(
           ^^^^^^^^^^^^^^^^^^^^^^^^^^^^^^
  File "/home/kiya/Woo_Bot/venv/lib/python3.12/site-packages/aiohttp/connector.py", line 672, in connect
    proto = await self._create_connection(req, traces, timeout)
            ^^^^^^^^^^^^^^^^^^^^^^^^^^^^^^^^^^^^^^^^^^^^^^^^^^^
  File "/home/kiya/Woo_Bot/venv/lib/python3.12/site-packages/aiohttp/connector.py", line 1251, in _create_connection
    _, proto = await self._create_direct_connection(req, traces, timeout)
               ^^^^^^^^^^^^^^^^^^^^^^^^^^^^^^^^^^^^^^^^^^^^^^^^^^^^^^^^^^
  File "/home/kiya/Woo_Bot/venv/lib/python3.12/site-packages/aiohttp/connector.py", line 1592, in _create_direct_connection
    transp, proto = await self._wrap_create_connection(
                    ^^^^^^^^^^^^^^^^^^^^^^^^^^^^^^^^^^^
  File "/home/kiya/Woo_Bot/venv/lib/python3.12/site-packages/aiohttp/connector.py", line 1310, in _wrap_create_connection
    sock = await aiohappyeyeballs.start_connection(
           ^^^^^^^^^^^^^^^^^^^^^^^^^^^^^^^^^^^^^^^^
  File "/home/kiya/Woo_Bot/venv/lib/python3.12/site-packages/aiohappyeyeballs/impl.py", line 73, in start_connection
    sock = await _connect_sock(
           ^^^^^^^^^^^^^^^^^^^^
  File "/home/kiya/Woo_Bot/venv/lib/python3.12/site-packages/aiohappyeyeballs/impl.py", line 208, in _connect_sock
    await loop.sock_connect(sock, address)
  File "/usr/lib/python3.12/asyncio/selector_events.py", line 651, in sock_connect
    return await fut
           ^^^^^^^^^
asyncio.exceptions.CancelledError

The above exception was the direct cause of the following exception:

Traceback (most recent call last):
  File "/home/kiya/Woo_Bot/src/bale/client.py", line 150, in get
    async with self._session.get(url, params=params) as resp:
  File "/home/kiya/Woo_Bot/venv/lib/python3.12/site-packages/aiohttp/client.py", line 1521, in __aenter__
    self._resp: _RetType = await self._coro
                           ^^^^^^^^^^^^^^^^
  File "/home/kiya/Woo_Bot/venv/lib/python3.12/site-packages/aiohttp/client.py", line 632, in _request
    with timer:
  File "/home/kiya/Woo_Bot/venv/lib/python3.12/site-packages/aiohttp/helpers.py", line 713, in __exit__
    raise asyncio.TimeoutError from exc_val
TimeoutError

The above exception was the direct cause of the following exception:

Traceback (most recent call last):
  File "/home/kiya/Woo_Bot/src/main.py", line 42, in polling_loop
    response = await bot.get_updates(offset=offset, timeout=POLL_TIMEOUT)
               ^^^^^^^^^^^^^^^^^^^^^^^^^^^^^^^^^^^^^^^^^^^^^^^^^^^^^^^^^^
  File "/home/kiya/Woo_Bot/src/bale/api.py", line 67, in get_updates
    return await self.client.get_updates(offset=offset, timeout=timeout)
           ^^^^^^^^^^^^^^^^^^^^^^^^^^^^^^^^^^^^^^^^^^^^^^^^^^^^^^^^^^^^^
  File "/home/kiya/Woo_Bot/src/bale/client.py", line 189, in get_updates
    return await self.get(
           ^^^^^^^^^^^^^^^
  File "/home/kiya/Woo_Bot/src/bale/client.py", line 175, in get
    raise BaleNetworkError(
src.bale.client.BaleNetworkError: GET failed after 3 retries: 
2026-04-09 19:43:42 | WARNING  | woobot.bale.client | GET getUpdates attempt 1/3 failed: 
2026-04-09 20:23:26 | WARNING  | woobot.bale.client | GET getUpdates attempt 1/3 failed: 
2026-04-09 20:24:19 | WARNING  | woobot.bale.client | GET getUpdates attempt 1/3 failed: 
2026-04-09 20:25:32 | WARNING  | woobot.bale.client | GET getUpdates attempt 1/3 failed: 
2026-04-09 20:57:51 | INFO     | woobot.main | Polling cancelled.
2026-04-09 20:57:51 | INFO     | woobot.bale.client | BaleHttpClient session closed.
2026-04-09 20:57:51 | INFO     | woobot.bale.api | BaleBot session closed (client stopped).
2026-04-09 20:57:51 | INFO     | woobot.main | WooBot stopped.
2026-04-09 22:19:55 | INFO     | root | Logging initialized — level=INFO file=logs/woobot.log
2026-04-09 22:19:55 | INFO     | woobot.main | WooBot starting...
2026-04-09 22:19:55 | INFO     | src.database.db_manager | ✅ Database initialized successfully.
2026-04-09 22:19:55 | INFO     | woobot.main | Database ready.
2026-04-09 22:19:55 | INFO     | woobot.bale.client | BaleHttpClient session started.
2026-04-09 22:19:55 | INFO     | woobot.bale.api | BaleBot session opened (client started).
2026-04-09 22:19:55 | INFO     | woobot.main | BaleBot session opened.
2026-04-09 22:19:55 | INFO     | woobot.main | Polling loop started.
2026-04-09 22:19:58 | INFO     | woobot.main | Polling cancelled.
2026-04-09 22:19:58 | INFO     | woobot.bale.client | BaleHttpClient session closed.
2026-04-09 22:19:58 | INFO     | woobot.bale.api | BaleBot session closed (client stopped).
2026-04-09 22:19:58 | INFO     | woobot.main | WooBot stopped.
2026-04-13 19:53:50 | INFO     | root | Logging initialized — level=INFO file=logs/woobot.log
2026-04-13 19:53:50 | INFO     | woobot.main | WooBot starting...
2026-04-13 19:53:50 | INFO     | src.database.db_manager | ✅ Database initialized successfully.
2026-04-13 19:53:50 | INFO     | woobot.main | Database ready.
2026-04-13 19:53:51 | INFO     | woobot.bale.client | BaleHttpClient session started.
2026-04-13 19:53:51 | INFO     | woobot.bale.api | BaleBot session opened (client started).
2026-04-13 19:53:51 | INFO     | woobot.main | BaleBot session opened.
2026-04-13 19:53:51 | INFO     | woobot.main | Polling loop started.
2026-04-13 19:53:58 | INFO     | woobot.handlers.registration | Registration / login started for chat_id=921659350
2026-04-13 19:54:04 | INFO     | httpx | HTTP Request: POST https://rest.payamak-panel.com/api/SendSMS/SendSMS "HTTP/1.1 200 OK"
2026-04-13 19:54:04 | INFO     | woobot.auth.otp_service | OTP sent to 09128581871 (code=864965) – success=True – 1.68 s
2026-04-13 19:54:09 | INFO     | woobot.auth.otp_service | OTP verified successfully for 09128581871
2026-04-13 19:54:30 | INFO     | src.auth.user_manager | New user registered with store: 1
2026-04-13 19:54:30 | INFO     | woobot.handlers.registration | User 1 registered successfully
2026-04-13 20:34:46 | WARNING  | woobot.bale.client | GET getUpdates attempt 1/3 failed: 
2026-04-13 20:35:41 | WARNING  | woobot.bale.client | GET getUpdates attempt 1/3 failed: 
2026-04-13 20:36:54 | WARNING  | woobot.bale.client | GET getUpdates attempt 1/3 failed: 
2026-04-13 20:37:06 | WARNING  | woobot.bale.client | GET getUpdates attempt 2/3 failed: Cannot connect to host tapi.bale.ai:443 ssl:default [Temporary failure in name resolution]
2026-04-13 20:37:20 | WARNING  | woobot.bale.client | GET getUpdates attempt 3/3 failed: Cannot connect to host tapi.bale.ai:443 ssl:default [Temporary failure in name resolution]
2026-04-13 20:37:20 | ERROR    | woobot.main | Polling error: GET failed after 3 retries: Cannot connect to host tapi.bale.ai:443 ssl:default [Temporary failure in name resolution]
Traceback (most recent call last):
  File "/home/kiya/Woo_Bot/venv/lib/python3.12/site-packages/aiohttp/connector.py", line 1574, in _create_direct_connection
    hosts = await self._resolve_host(host, port, traces=traces)
            ^^^^^^^^^^^^^^^^^^^^^^^^^^^^^^^^^^^^^^^^^^^^^^^^^^^
  File "/home/kiya/Woo_Bot/venv/lib/python3.12/site-packages/aiohttp/connector.py", line 1190, in _resolve_host
    return await asyncio.shield(resolved_host_task)
           ^^^^^^^^^^^^^^^^^^^^^^^^^^^^^^^^^^^^^^^^
  File "/home/kiya/Woo_Bot/venv/lib/python3.12/site-packages/aiohttp/connector.py", line 1221, in _resolve_host_with_throttle
    addrs = await self._resolver.resolve(host, port, family=self._family)
            ^^^^^^^^^^^^^^^^^^^^^^^^^^^^^^^^^^^^^^^^^^^^^^^^^^^^^^^^^^^^^
  File "/home/kiya/Woo_Bot/venv/lib/python3.12/site-packages/aiohttp/resolver.py", line 40, in resolve
    infos = await self._loop.getaddrinfo(
            ^^^^^^^^^^^^^^^^^^^^^^^^^^^^^
  File "/usr/lib/python3.12/asyncio/base_events.py", line 901, in getaddrinfo
    return await self.run_in_executor(
           ^^^^^^^^^^^^^^^^^^^^^^^^^^^
  File "/usr/lib/python3.12/concurrent/futures/thread.py", line 58, in run
    result = self.fn(*self.args, **self.kwargs)
             ^^^^^^^^^^^^^^^^^^^^^^^^^^^^^^^^^^
  File "/usr/lib/python3.12/socket.py", line 963, in getaddrinfo
    for res in _socket.getaddrinfo(host, port, family, type, proto, flags):
               ^^^^^^^^^^^^^^^^^^^^^^^^^^^^^^^^^^^^^^^^^^^^^^^^^^^^^^^^^^^
socket.gaierror: [Errno -3] Temporary failure in name resolution

The above exception was the direct cause of the following exception:

Traceback (most recent call last):
  File "/home/kiya/Woo_Bot/src/bale/client.py", line 150, in get
    async with self._session.get(url, params=params) as resp:
  File "/home/kiya/Woo_Bot/venv/lib/python3.12/site-packages/aiohttp/client.py", line 1521, in __aenter__
    self._resp: _RetType = await self._coro
                           ^^^^^^^^^^^^^^^^
  File "/home/kiya/Woo_Bot/venv/lib/python3.12/site-packages/aiohttp/client.py", line 788, in _request
    resp = await handler(req)
           ^^^^^^^^^^^^^^^^^^
  File "/home/kiya/Woo_Bot/venv/lib/python3.12/site-packages/aiohttp/client.py", line 742, in _connect_and_send_request
    conn = await self._connector.connect(
           ^^^^^^^^^^^^^^^^^^^^^^^^^^^^^^
  File "/home/kiya/Woo_Bot/venv/lib/python3.12/site-packages/aiohttp/connector.py", line 672, in connect
    proto = await self._create_connection(req, traces, timeout)
            ^^^^^^^^^^^^^^^^^^^^^^^^^^^^^^^^^^^^^^^^^^^^^^^^^^^
  File "/home/kiya/Woo_Bot/venv/lib/python3.12/site-packages/aiohttp/connector.py", line 1251, in _create_connection
    _, proto = await self._create_direct_connection(req, traces, timeout)
               ^^^^^^^^^^^^^^^^^^^^^^^^^^^^^^^^^^^^^^^^^^^^^^^^^^^^^^^^^^
  File "/home/kiya/Woo_Bot/venv/lib/python3.12/site-packages/aiohttp/connector.py", line 1580, in _create_direct_connection
    raise ClientConnectorDNSError(req.connection_key, exc) from exc
aiohttp.client_exceptions.ClientConnectorDNSError: Cannot connect to host tapi.bale.ai:443 ssl:default [Temporary failure in name resolution]

The above exception was the direct cause of the following exception:

Traceback (most recent call last):
  File "/home/kiya/Woo_Bot/src/main.py", line 42, in polling_loop
    response = await bot.get_updates(offset=offset, timeout=POLL_TIMEOUT)
               ^^^^^^^^^^^^^^^^^^^^^^^^^^^^^^^^^^^^^^^^^^^^^^^^^^^^^^^^^^
  File "/home/kiya/Woo_Bot/src/bale/api.py", line 67, in get_updates
    return await self.client.get_updates(offset=offset, timeout=timeout)
           ^^^^^^^^^^^^^^^^^^^^^^^^^^^^^^^^^^^^^^^^^^^^^^^^^^^^^^^^^^^^^
  File "/home/kiya/Woo_Bot/src/bale/client.py", line 189, in get_updates
    return await self.get(
           ^^^^^^^^^^^^^^^
  File "/home/kiya/Woo_Bot/src/bale/client.py", line 175, in get
    raise BaleNetworkError(
src.bale.client.BaleNetworkError: GET failed after 3 retries: Cannot connect to host tapi.bale.ai:443 ssl:default [Temporary failure in name resolution]
2026-04-13 20:37:33 | WARNING  | woobot.bale.client | GET getUpdates attempt 1/3 failed: Cannot connect to host tapi.bale.ai:443 ssl:default [Temporary failure in name resolution]
2026-04-13 21:48:22 | WARNING  | woobot.bale.client | GET getUpdates attempt 1/3 failed: 
2026-04-13 21:48:55 | WARNING  | woobot.bale.client | GET getUpdates attempt 2/3 failed: 
2026-04-13 21:50:10 | WARNING  | woobot.bale.client | GET getUpdates attempt 1/3 failed: 
2026-04-13 21:50:22 | WARNING  | woobot.bale.client | GET getUpdates attempt 2/3 failed: Cannot connect to host tapi.bale.ai:443 ssl:default [Temporary failure in name resolution]
2026-04-13 22:34:06 | WARNING  | woobot.bale.client | GET getUpdates attempt 1/3 failed: 
2026-04-14 00:08:29 | WARNING  | woobot.bale.client | GET getUpdates attempt 1/3 failed: 
